Persona_ID,Run_ID,Used_Seed,Gender,Age,Region,Education,Employment,Income_Mil,Dependents,AI_ENF1_Score,Human_ENF1,Delta_ENF1,AI_ENF1_Reason,Human_ENF1_Reason,AI_ENF2_Score,Human_ENF2,Delta_ENF2,AI_ENF2_Reason,Human_ENF2_Reason,AI_FAC1_Score,Human_FAC1,Delta_FAC1,AI_FAC1_Reason,Human_FAC1_Reason,AI_FAC2_Score,Human_FAC2,Delta_FAC2,AI_FAC2_Reason,Human_FAC2_Reason,AI_TRU1_Score,Human_TRU1,Delta_TRU1,AI_TRU1_Reason,Human_TRU1_Reason,AI_TRU2_Score,Human_TRU2,Delta_TRU2,AI_TRU2_Reason,Human_TRU2_Reason,AI_TRU3_Score,Human_TRU3,Delta_TRU3,AI_TRU3_Reason,Human_TRU3_Reason,AI_TRU4_Score,Human_TRU4,Delta_TRU4,AI_TRU4_Reason,Human_TRU4_Reason,AI_OUT1_Score,Human_OUT1,Delta_OUT1,AI_OUT1_Reason,Human_OUT1_Reason
1,1,43,Nữ,30 - 39,Thành thị,Sau Đại học,Chính thức,30.066687516856756,1,5,5,0,"Chưa thấy nhiều thay đổi về các chế tài pháp lý hay xử phạt, chỉ giảm bậc thuế, nên không đồng ý cao.","Các thay đổi hiện tại chỉ mới dừng lại ở việc giảm bậc thuế, giúp người đóng thuế cảm thấy đơn giản và nhẹ gánh trong việc đóng thuế TNCN. Chưa thấy nhiều thay đổi về các chế tài pháp lý hay xử phạt.",6,5,-1,"Cơ quan thuế cần có khả năng và công nghệ để phát hiện, xử lý nghiêm các hành vi trốn thuế, nhưng hiện tại chưa rõ.",Đồng ý. Quan trọng là cơ quan thuế có muốn thực thi hay không.,4,1,-3,"Form khai báo/phản ánh không đồng bộ, thông tin liên hệ không có, không có người tiếp nhận, hỗ trợ. Phần mềm eTax cũng không có phản hồi người nộp thuế, nên chưa đồng ý.","Form khai báo/phản ánh không đồng bộ, thông tin liên hệ không có, không có người tiếp nhận, hỗ trợ. Phần mềm eTax cũng không có phản hồi người nộp thuế. 
Người khai báo thuế gặp vấn đề bị người khác sử dụng CCCD để đăng ký mã số thuế tại 1 DN không làm việc mà cơ quan thuế không biết/không xử lý dù đã phản ánh nhiều lần.",8,10,2,"Biểu thuế mới đơn giản, dễ hiểu, giảm bậc thuế giúp dễ thực hiện hơn so với trước đây.","Hoàn toàn đồng ý vì trước đây 7 bậc là quá nhiều, khó để tính toán.",5,5,0,"Chưa thấy nhiều thay đổi về các chế tài pháp lý hay xử phạt, chỉ giảm bậc thuế, nên không đồng ý cao.","Các thay đổi hiện tại chỉ mới dừng lại ở việc giảm bậc thuế, giúp người đóng thuế cảm thấy đơn giản và nhẹ gánh trong việc đóng thuế TNCN. Chưa thấy nhiều thay đổi về các chế tài pháp lý hay xử phạt.",9,10,1,"Thu nhập của tôi giảm thuế từ 1,450,003 VNĐ/tháng xuống 418,334 VNĐ/tháng, nên tôi thấy mức thuế này là công bằng.","Vì theo chính sách mới, tôi không phải đóng thuế nữa. Hoàn toàn đồng ý.",9,5,-4,"Thu nhập của tôi giảm thuế từ 1,450,003 VNĐ/tháng xuống 418,334 VNĐ/tháng, nên tôi tin rằng số tiền thuế đóng sẽ được sử dụng hiệu quả.","Khi nào các chính sách chế tài được xử lý nghiêm, giải quyết vấn đề tham nhũng thì lòng tin của tôi sẽ cao hơn.",7,10,3,"Đã giải thích rõ ràng về mức thuế mới, nhưng chưa rõ về chế tài xử phạt.",Hoàn toàn đồng ý về việc truyền thông và giải thích của Chính phủ.,7,9,2,"Dù giảm thuế nhưng chưa rõ về chế tài xử phạt, nên mức độ ủng hộ chỉ ở mức trung bình.","Ủng hộ việc giảm bậc, tăng mức giảm trừ gia cảnh nhưng niềm tin về việc thực thi chính sách thì không cao cho đến khi việc thực thi các chế tài là rõ ràng, minh bạch, nghiêm khắc. Nhìn chung, vì chính sách mới giúp tôi không phải đóng thuế nữa nên mức độ ủng hộ cao."
1,2,44,Nữ,30 - 39,Thành thị,Sau Đại học,Chính thức,30.066687516856756,1,4,5,1,"Chưa thấy nhiều thay đổi về các chế tài pháp lý hay xử phạt, chỉ giảm bậc thuế.","Các thay đổi hiện tại chỉ mới dừng lại ở việc giảm bậc thuế, giúp người đóng thuế cảm thấy đơn giản và nhẹ gánh trong việc đóng thuế TNCN. Chưa thấy nhiều thay đổi về các chế tài pháp lý hay xử phạt.",8,5,-3,"Cơ quan thuế có đủ khả năng và công nghệ để phát hiện, xử lý nghiêm các hành vi trốn thuế.",Đồng ý. Quan trọng là cơ quan thuế có muốn thực thi hay không.,3,1,-2,"Form khai báo/phản ánh không đồng bộ, thông tin liên hệ không có, không có người tiếp nhận, hỗ trợ.","Form khai báo/phản ánh không đồng bộ, thông tin liên hệ không có, không có người tiếp nhận, hỗ trợ. Phần mềm eTax cũng không có phản hồi người nộp thuế. 
Người khai báo thuế gặp vấn đề bị người khác sử dụng CCCD để đăng ký mã số thuế tại 1 DN không làm việc mà cơ quan thuế không biết/không xử lý dù đã phản ánh nhiều lần.",7,10,3,"Phương án mới đơn giản, dễ hiểu và dễ thực hiện hơn so với trước đây.","Hoàn toàn đồng ý vì trước đây 7 bậc là quá nhiều, khó để tính toán.",4,5,1,"Chưa thấy nhiều thay đổi về các chế tài pháp lý hay xử phạt, chỉ giảm bậc thuế.","Các thay đổi hiện tại chỉ mới dừng lại ở việc giảm bậc thuế, giúp người đóng thuế cảm thấy đơn giản và nhẹ gánh trong việc đóng thuế TNCN. Chưa thấy nhiều thay đổi về các chế tài pháp lý hay xử phạt.",9,10,1,"Mức thuế mới theo phương án mới là công bằng, tôi không phải đóng thuế nữa.","Vì theo chính sách mới, tôi không phải đóng thuế nữa. Hoàn toàn đồng ý.",7,5,-2,Thuế đóng sẽ được sử dụng hiệu quả để cải thiện dịch vụ công.,"Khi nào các chính sách chế tài được xử lý nghiêm, giải quyết vấn đề tham nhũng thì lòng tin của tôi sẽ cao hơn.",8,10,2,"Chính phủ đã giải thích rõ ràng, minh bạch về lý do và mục tiêu của việc sửa đổi thuế lần này.",Hoàn toàn đồng ý về việc truyền thông và giải thích của Chính phủ.,9,9,0,"Chính sách mới giúp tôi không phải đóng thuế nữa nên ủng hộ cao, nhưng niềm tin về việc thực thi vẫn còn thấp.","Ủng hộ việc giảm bậc, tăng mức giảm trừ gia cảnh nhưng niềm tin về việc thực thi chính sách thì không cao cho đến khi việc thực thi các chế tài là rõ ràng, minh bạch, nghiêm khắc. Nhìn chung, vì chính sách mới giúp tôi không phải đóng thuế nữa nên mức độ ủng hộ cao."
1,3,45,Nữ,30 - 39,Thành thị,Sau Đại học,Chính thức,30.066687516856756,1,3,5,2,"Chưa thấy nhiều thay đổi về các chế tài pháp lý hay xử phạt, chỉ đơn thuần là giảm bậc thuế, nên không tin rằng hành vi gian lận hoặc trốn thuế sẽ dễ dàng bị phát hiện và xử lý nghiêm.","Các thay đổi hiện tại chỉ mới dừng lại ở việc giảm bậc thuế, giúp người đóng thuế cảm thấy đơn giản và nhẹ gánh trong việc đóng thuế TNCN. Chưa thấy nhiều thay đổi về các chế tài pháp lý hay xử phạt.",2,5,3,"Người nộp thuế gặp vấn đề nhưng cơ quan thuế không xử lý, nên không tin rằng Nhà nước, cơ quan thuế có đủ khả năng và công nghệ để phát hiện, xử lý nghiêm các hành vi trốn thuế.",Đồng ý. Quan trọng là cơ quan thuế có muốn thực thi hay không.,3,1,-2,"Form khai báo/phản ánh không đồng bộ, thông tin liên hệ không có, không có người tiếp nhận, hỗ trợ. Phần mềm eTax cũng không có phản hồi người nộp thuế. Thủ tục trước đây khó khăn hơn nên điểm này thấp.","Form khai báo/phản ánh không đồng bộ, thông tin liên hệ không có, không có người tiếp nhận, hỗ trợ. Phần mềm eTax cũng không có phản hồi người nộp thuế. 
Người khai báo thuế gặp vấn đề bị người khác sử dụng CCCD để đăng ký mã số thuế tại 1 DN không làm việc mà cơ quan thuế không biết/không xử lý dù đã phản ánh nhiều lần.",7,10,3,"Cách tính thuế và các bậc thuế trong phương án mới đơn giản, dễ hiểu và dễ thực hiện hơn, nên điểm này cao hơn so với trước.","Hoàn toàn đồng ý vì trước đây 7 bậc là quá nhiều, khó để tính toán.",3,5,2,"Chưa thấy nhiều thay đổi về các chế tài pháp lý hay xử phạt, nên không tin rằng Nhà nước, cơ quan thuế sẽ thực thi chính sách mới một cách khách quan, công tâm và đối xử bình đẳng với mọi người nộp thuế.","Các thay đổi hiện tại chỉ mới dừng lại ở việc giảm bậc thuế, giúp người đóng thuế cảm thấy đơn giản và nhẹ gánh trong việc đóng thuế TNCN. Chưa thấy nhiều thay đổi về các chế tài pháp lý hay xử phạt.",8,10,2,"Thu nhập của tôi được giảm trừ nhiều hơn, nên cảm thấy mức thuế tôi phải đóng là công bằng.","Vì theo chính sách mới, tôi không phải đóng thuế nữa. Hoàn toàn đồng ý.",8,5,-3,"Thu nhập của tôi được giảm trừ nhiều hơn, nên tin rằng số tiền thuế tôi đóng sẽ được Nhà nước sử dụng hiệu quả để cải thiện dịch vụ công.","Khi nào các chính sách chế tài được xử lý nghiêm, giải quyết vấn đề tham nhũng thì lòng tin của tôi sẽ cao hơn.",7,10,3,"Có giải thích rõ ràng về lý do và mục tiêu của việc sửa đổi thuế lần này, nên tin rằng Nhà nước đã giải thích minh bạch.",Hoàn toàn đồng ý về việc truyền thông và giải thích của Chính phủ.,9,9,0,"Chính sách mới giúp tôi không phải đóng thuế nữa, nên ủng hộ và tuân thủ chính sách mới hiện nay.","Ủng hộ việc giảm bậc, tăng mức giảm trừ gia cảnh nhưng niềm tin về việc thực thi chính sách thì không cao cho đến khi việc thực thi các chế tài là rõ ràng, minh bạch, nghiêm khắc. Nhìn chung, vì chính sách mới giúp tôi không phải đóng thuế nữa nên mức độ ủng hộ cao."
1,4,46,Nữ,30 - 39,Thành thị,Sau Đại học,Chính thức,30.066687516856756,1,4,5,1,"Chưa thấy nhiều thay đổi về các chế tài pháp lý hay xử phạt, chỉ giảm bậc thuế và tăng mức giảm trừ gia cảnh.","Các thay đổi hiện tại chỉ mới dừng lại ở việc giảm bậc thuế, giúp người đóng thuế cảm thấy đơn giản và nhẹ gánh trong việc đóng thuế TNCN. Chưa thấy nhiều thay đổi về các chế tài pháp lý hay xử phạt.",4,5,1,"Cơ quan thuế chưa thực sự thể hiện khả năng và công nghệ để phát hiện, xử lý nghiêm các hành vi trốn thuế.",Đồng ý. Quan trọng là cơ quan thuế có muốn thực thi hay không.,2,1,-1,"Form khai báo/phản ánh không đồng bộ, thông tin liên hệ không có, không có người tiếp nhận, hỗ trợ. Phần mềm eTax cũng không có phản hồi người nộp thuế.","Form khai báo/phản ánh không đồng bộ, thông tin liên hệ không có, không có người tiếp nhận, hỗ trợ. Phần mềm eTax cũng không có phản hồi người nộp thuế. 
Người khai báo thuế gặp vấn đề bị người khác sử dụng CCCD để đăng ký mã số thuế tại 1 DN không làm việc mà cơ quan thuế không biết/không xử lý dù đã phản ánh nhiều lần.",8,10,2,"Phương án mới đơn giản, dễ hiểu và dễ thực hiện hơn so với trước đây.","Hoàn toàn đồng ý vì trước đây 7 bậc là quá nhiều, khó để tính toán.",4,5,1,"Chưa thấy nhiều thay đổi về các chế tài pháp lý hay xử phạt, chỉ giảm bậc thuế và tăng mức giảm trừ gia cảnh.","Các thay đổi hiện tại chỉ mới dừng lại ở việc giảm bậc thuế, giúp người đóng thuế cảm thấy đơn giản và nhẹ gánh trong việc đóng thuế TNCN. Chưa thấy nhiều thay đổi về các chế tài pháp lý hay xử phạt.",9,10,1,"Mức thuế mới theo phương án mới là công bằng, người thu nhập như tôi đóng mức này là hợp lý.","Vì theo chính sách mới, tôi không phải đóng thuế nữa. Hoàn toàn đồng ý.",8,5,-3,"Tôi tin số tiền thuế tôi đóng sẽ được Nhà nước sử dụng hiệu quả để cải thiện dịch vụ công (y tế, đường xá...).","Khi nào các chính sách chế tài được xử lý nghiêm, giải quyết vấn đề tham nhũng thì lòng tin của tôi sẽ cao hơn.",9,10,1,"Nhà nước đã giải thích rõ ràng, minh bạch về lý do và mục tiêu của việc sửa đổi thuế lần này.",Hoàn toàn đồng ý về việc truyền thông và giải thích của Chính phủ.,9,9,0,"Chính sách mới giúp tôi không phải đóng thuế nữa, nên tôi ủng hộ và tuân thủ nó.","Ủng hộ việc giảm bậc, tăng mức giảm trừ gia cảnh nhưng niềm tin về việc thực thi chính sách thì không cao cho đến khi việc thực thi các chế tài là rõ ràng, minh bạch, nghiêm khắc. Nhìn chung, vì chính sách mới giúp tôi không phải đóng thuế nữa nên mức độ ủng hộ cao."
1,5,47,Nữ,30 - 39,Thành thị,Sau Đại học,Chính thức,30.066687516856756,1,5,5,0,"Cần nhiều cải tiến để phát hiện và xử lý gian lận thuế, chưa thấy minh bạch.","Các thay đổi hiện tại chỉ mới dừng lại ở việc giảm bậc thuế, giúp người đóng thuế cảm thấy đơn giản và nhẹ gánh trong việc đóng thuế TNCN. Chưa thấy nhiều thay đổi về các chế tài pháp lý hay xử phạt.",6,5,-1,"Cơ quan thuế có khả năng, nhưng thực thi còn nhiều vấn đề cần cải thiện.",Đồng ý. Quan trọng là cơ quan thuế có muốn thực thi hay không.,7,1,-6,"Khai báo thuế đơn giản hơn, nhưng còn nhiều vấn đề về đồng bộ thông tin.","Form khai báo/phản ánh không đồng bộ, thông tin liên hệ không có, không có người tiếp nhận, hỗ trợ. Phần mềm eTax cũng không có phản hồi người nộp thuế. 
Người khai báo thuế gặp vấn đề bị người khác sử dụng CCCD để đăng ký mã số thuế tại 1 DN không làm việc mà cơ quan thuế không biết/không xử lý dù đã phản ánh nhiều lần.",9,10,1,"Bậc thuế đơn giản, dễ hiểu hơn so với trước, thuận lợi cho việc tính toán.","Hoàn toàn đồng ý vì trước đây 7 bậc là quá nhiều, khó để tính toán.",4,5,1,"Chưa có minh bạch trong việc thực thi các chế tài, niềm tin còn thấp.","Các thay đổi hiện tại chỉ mới dừng lại ở việc giảm bậc thuế, giúp người đóng thuế cảm thấy đơn giản và nhẹ gánh trong việc đóng thuế TNCN. Chưa thấy nhiều thay đổi về các chế tài pháp lý hay xử phạt.",5,10,5,"Giảm trừ gia cảnh cao hơn, nhưng cần minh bạch hơn trong việc thực thi.","Vì theo chính sách mới, tôi không phải đóng thuế nữa. Hoàn toàn đồng ý.",6,5,-1,"Thuế giảm, nhưng hiệu quả sử dụng nguồn thuế chưa rõ ràng.","Khi nào các chính sách chế tài được xử lý nghiêm, giải quyết vấn đề tham nhũng thì lòng tin của tôi sẽ cao hơn.",7,10,3,"Giải thích về chính sách mới công khai, nhưng cần minh bạch hóa hơn.",Hoàn toàn đồng ý về việc truyền thông và giải thích của Chính phủ.,7,9,2,"Thuế giảm, nhưng niềm tin vào thực thi các chế tài còn thấp.","Ủng hộ việc giảm bậc, tăng mức giảm trừ gia cảnh nhưng niềm tin về việc thực thi chính sách thì không cao cho đến khi việc thực thi các chế tài là rõ ràng, minh bạch, nghiêm khắc. Nhìn chung, vì chính sách mới giúp tôi không phải đóng thuế nữa nên mức độ ủng hộ cao."
2,1,2143,Nữ,30 - 39,Thành thị,Đại học,Phi chính thức,13.475825651355084,2,6,5,-1,"Dù khâu thực thi được chú trọng và nhiều cải thiện, nhưng thay đổi chỉ mới gần đây, chưa chắc được hiệu quả trong tương lai.","Dù khâu thực thi được chú trọng và nhiều cải thiện. Người dân hiểu và tuân thủ hơn. Nhưng thay đổi chỉ mới gần đây, chưa chắc được hiệu quả trong tương lai. ",6,5,-1,"Dù khâu thực thi được chú trọng và nhiều cải thiện, nhưng thay đổi chỉ mới gần đây, chưa chắc được hiệu quả trong tương lai.","Dù khâu thực thi được chú trọng và nhiều cải thiện. Người dân hiểu và tuân thủ hơn. Nhưng thay đổi chỉ mới gần đây, chưa chắc được hiệu quả trong tương lai. ",5,4,-1,"Có cải thiện nhưng đang trong quá trình chuyển giao, thay đổi từ offline sang online nên mọi thứ vẫn còn ngổn ngang, không biết liên hệ ai.","Có cải thiện nhưng đang trong quá trình chuyển giao, thay đổi từ offline sang online nên mọi thứ vẫn còn ngổn ngang, không biết liên hệ ai.",8,5,-3,"So với trước đây, tôi thấy cách tính thuế và các bậc thuế trong phương án mới đơn giản, dễ hiểu và dễ thực hiện hơn.","Không thay đổi về mức độ đóng thuế dù thay đổi bậc thuế, ngưỡng thuế.",6,5,-1,"Dù khâu thực thi được chú trọng và nhiều cải thiện. Người dân hiểu và tuân thủ hơn. Nhưng thay đổi chỉ mới gần đây, chưa chắc được hiệu quả trong tương lai.","Dù khâu thực thi được chú trọng và nhiều cải thiện. Người dân hiểu và tuân thủ hơn. Nhưng thay đổi chỉ mới gần đây, chưa chắc được hiệu quả trong tương lai. ",4,5,1,Giống với quan điểm trước đó vì mọi thứ vẫn chưa rõ ràng.,"Không thay đổi về mức độ đóng thuế dù thay đổi bậc thuế, ngưỡng thuế.",4,5,1,Giống với quan điểm trước đó vì mọi thứ vẫn chưa rõ ràng.,Giống với quan điểm trước đó vì mọi thứ vẫn chưa rõ ràng.,4,5,1,Giống với quan điểm trước đó vì mọi thứ vẫn chưa rõ ràng.,Giống với quan điểm trước đó vì mọi thứ vẫn chưa rõ ràng.,4,5,1,Giống với quan điểm trước đó vì mọi thứ vẫn chưa rõ ràng.,Giống với quan điểm trước đó vì mọi thứ vẫn chưa rõ ràng.
2,2,144,Nữ,30 - 39,Thành thị,Đại học,Phi chính thức,13.475825651355084,2,6,5,-1,"Dù khâu thực thi được chú trọng và nhiều cải thiện, nhưng thay đổi chỉ mới gần đây, chưa chắc được hiệu quả trong tương lai.","Dù khâu thực thi được chú trọng và nhiều cải thiện. Người dân hiểu và tuân thủ hơn. Nhưng thay đổi chỉ mới gần đây, chưa chắc được hiệu quả trong tương lai. ",6,5,-1,"Dù khâu thực thi được chú trọng và nhiều cải thiện, nhưng thay đổi chỉ mới gần đây, chưa chắc được hiệu quả trong tương lai.","Dù khâu thực thi được chú trọng và nhiều cải thiện. Người dân hiểu và tuân thủ hơn. Nhưng thay đổi chỉ mới gần đây, chưa chắc được hiệu quả trong tương lai. ",5,4,-1,"Có cải thiện nhưng đang trong quá trình chuyển giao, thay đổi từ offline sang online nên mọi thứ vẫn còn ngổn ngang, không biết liên hệ ai.","Có cải thiện nhưng đang trong quá trình chuyển giao, thay đổi từ offline sang online nên mọi thứ vẫn còn ngổn ngang, không biết liên hệ ai.",8,5,-3,"So với trước đây, tôi thấy cách tính thuế và các bậc thuế trong phương án mới đơn giản, dễ hiểu và dễ thực hiện hơn.","Không thay đổi về mức độ đóng thuế dù thay đổi bậc thuế, ngưỡng thuế.",6,5,-1,"Dù khâu thực thi được chú trọng và nhiều cải thiện. Người dân hiểu và tuân thủ hơn. Nhưng thay đổi chỉ mới gần đây, chưa chắc được hiệu quả trong tương lai.","Dù khâu thực thi được chú trọng và nhiều cải thiện. Người dân hiểu và tuân thủ hơn. Nhưng thay đổi chỉ mới gần đây, chưa chắc được hiệu quả trong tương lai. ",4,5,1,Giống với quan điểm trước đó vì mọi thứ vẫn chưa rõ ràng.,"Không thay đổi về mức độ đóng thuế dù thay đổi bậc thuế, ngưỡng thuế.",4,5,1,Giống với quan điểm trước đó vì mọi thứ vẫn chưa rõ ràng.,Giống với quan điểm trước đó vì mọi thứ vẫn chưa rõ ràng.,7,5,-2,"Tôi thấy Nhà nước đã giải thích rõ ràng, minh bạch về lý do và mục tiêu của việc sửa đổi thuế lần này.",Giống với quan điểm trước đó vì mọi thứ vẫn chưa rõ ràng.,5,5,0,Giống với quan điểm trước đó vì mọi thứ vẫn chưa rõ ràng.,Giống với quan điểm trước đó vì mọi thứ vẫn chưa rõ ràng.
2,3,145,Nữ,30 - 39,Thành thị,Đại học,Phi chính thức,13.475825651355084,2,6,5,-1,"Dù khâu thực thi được chú trọng và nhiều cải thiện, nhưng thay đổi chỉ mới gần đây, chưa chắc được hiệu quả trong tương lai.","Dù khâu thực thi được chú trọng và nhiều cải thiện. Người dân hiểu và tuân thủ hơn. Nhưng thay đổi chỉ mới gần đây, chưa chắc được hiệu quả trong tương lai. ",6,5,-1,"Dù khâu thực thi được chú trọng và nhiều cải thiện, nhưng thay đổi chỉ mới gần đây, chưa chắc được hiệu quả trong tương lai.","Dù khâu thực thi được chú trọng và nhiều cải thiện. Người dân hiểu và tuân thủ hơn. Nhưng thay đổi chỉ mới gần đây, chưa chắc được hiệu quả trong tương lai. ",5,4,-1,"Có cải thiện nhưng đang trong quá trình chuyển giao, thay đổi từ offline sang online nên mọi thứ vẫn còn ngổn ngang, không biết liên hệ ai.","Có cải thiện nhưng đang trong quá trình chuyển giao, thay đổi từ offline sang online nên mọi thứ vẫn còn ngổn ngang, không biết liên hệ ai.",8,5,-3,"So với trước đây, cách tính thuế và các bậc thuế trong phương án mới đơn giản, dễ hiểu và dễ thực hiện hơn.","Không thay đổi về mức độ đóng thuế dù thay đổi bậc thuế, ngưỡng thuế.",6,5,-1,"Dù khâu thực thi được chú trọng và nhiều cải thiện. Người dân hiểu và tuân thủ hơn. Nhưng thay đổi chỉ mới gần đây, chưa chắc được hiệu quả trong tương lai.","Dù khâu thực thi được chú trọng và nhiều cải thiện. Người dân hiểu và tuân thủ hơn. Nhưng thay đổi chỉ mới gần đây, chưa chắc được hiệu quả trong tương lai. ",6,5,-1,Giống với quan điểm trước đó vì mọi thứ vẫn chưa rõ ràng.,"Không thay đổi về mức độ đóng thuế dù thay đổi bậc thuế, ngưỡng thuế.",6,5,-1,Giống với quan điểm trước đó vì mọi thứ vẫn chưa rõ ràng.,Giống với quan điểm trước đó vì mọi thứ vẫn chưa rõ ràng.,6,5,-1,Giống với quan điểm trước đó vì mọi thứ vẫn chưa rõ ràng.,Giống với quan điểm trước đó vì mọi thứ vẫn chưa rõ ràng.,6,5,-1,Giống với quan điểm trước đó vì mọi thứ vẫn chưa rõ ràng.,Giống với quan điểm trước đó vì mọi thứ vẫn chưa rõ ràng.
2,4,146,Nữ,30 - 39,Thành thị,Đại học,Phi chính thức,13.475825651355084,2,5,5,0,"Dù khâu thực thi được chú trọng và nhiều cải thiện, nhưng thay đổi chỉ mới gần đây, chưa chắc được hiệu quả trong tương lai.","Dù khâu thực thi được chú trọng và nhiều cải thiện. Người dân hiểu và tuân thủ hơn. Nhưng thay đổi chỉ mới gần đây, chưa chắc được hiệu quả trong tương lai. ",5,5,0,"Dù khâu thực thi được chú trọng và nhiều cải thiện, nhưng thay đổi chỉ mới gần đây, chưa chắc được hiệu quả trong tương lai.","Dù khâu thực thi được chú trọng và nhiều cải thiện. Người dân hiểu và tuân thủ hơn. Nhưng thay đổi chỉ mới gần đây, chưa chắc được hiệu quả trong tương lai. ",4,4,0,"Có cải thiện nhưng đang trong quá trình chuyển giao, thay đổi từ offline sang online nên mọi thứ vẫn còn ngổn ngang, không biết liên hệ ai.","Có cải thiện nhưng đang trong quá trình chuyển giao, thay đổi từ offline sang online nên mọi thứ vẫn còn ngổn ngang, không biết liên hệ ai.",8,5,-3,"So với trước đây, cách tính thuế và các bậc thuế trong phương án mới đơn giản, dễ hiểu và dễ thực hiện hơn.","Không thay đổi về mức độ đóng thuế dù thay đổi bậc thuế, ngưỡng thuế.",5,5,0,"Dù khâu thực thi được chú trọng và nhiều cải thiện. Người dân hiểu và tuân thủ hơn. Nhưng thay đổi chỉ mới gần đây, chưa chắc được hiệu quả trong tương lai.","Dù khâu thực thi được chú trọng và nhiều cải thiện. Người dân hiểu và tuân thủ hơn. Nhưng thay đổi chỉ mới gần đây, chưa chắc được hiệu quả trong tương lai. ",9,5,-4,Mức thuế tôi phải đóng theo phương án mới là công bằng (người thu nhập như tôi đóng mức này là hợp lý).,"Không thay đổi về mức độ đóng thuế dù thay đổi bậc thuế, ngưỡng thuế.",5,5,0,Giống với quan điểm trước đó vì mọi thứ vẫn chưa rõ ràng.,Giống với quan điểm trước đó vì mọi thứ vẫn chưa rõ ràng.,5,5,0,Giống với quan điểm trước đó vì mọi thứ vẫn chưa rõ ràng.,Giống với quan điểm trước đó vì mọi thứ vẫn chưa rõ ràng.,5,5,0,Giống với quan điểm trước đó vì mọi thứ vẫn chưa rõ ràng.,Giống với quan điểm trước đó vì mọi thứ vẫn chưa rõ ràng.
2,5,147,Nữ,30 - 39,Thành thị,Đại học,Phi chính thức,13.475825651355084,2,7,5,-2,"Dù khâu thực thi được chú trọng và nhiều cải thiện. Người dân hiểu và tuân thủ hơn. Nhưng thay đổi chỉ mới gần đây, chưa chắc được hiệu quả trong tương lai.","Dù khâu thực thi được chú trọng và nhiều cải thiện. Người dân hiểu và tuân thủ hơn. Nhưng thay đổi chỉ mới gần đây, chưa chắc được hiệu quả trong tương lai. ",7,5,-2,"Dù khâu thực thi được chú trọng và nhiều cải thiện. Người dân hiểu và tuân thủ hơn. Nhưng thay đổi chỉ mới gần đây, chưa chắc được hiệu quả trong tương lai.","Dù khâu thực thi được chú trọng và nhiều cải thiện. Người dân hiểu và tuân thủ hơn. Nhưng thay đổi chỉ mới gần đây, chưa chắc được hiệu quả trong tương lai. ",5,4,-1,"Có cải thiện nhưng đang trong quá trình chuyển giao, thay đổi từ offline sang online nên mọi thứ vẫn còn ngổn ngang, không biết liên hệ ai.","Có cải thiện nhưng đang trong quá trình chuyển giao, thay đổi từ offline sang online nên mọi thứ vẫn còn ngổn ngang, không biết liên hệ ai.",8,5,-3,"So với trước đây, tôi thấy cách tính thuế và các bậc thuế trong phương án mới đơn giản, dễ hiểu và dễ thực hiện hơn.","Không thay đổi về mức độ đóng thuế dù thay đổi bậc thuế, ngưỡng thuế.",6,5,-1,"Dù khâu thực thi được chú trọng và nhiều cải thiện. Người dân hiểu và tuân thủ hơn. Nhưng thay đổi chỉ mới gần đây, chưa chắc được hiệu quả trong tương lai.","Dù khâu thực thi được chú trọng và nhiều cải thiện. Người dân hiểu và tuân thủ hơn. Nhưng thay đổi chỉ mới gần đây, chưa chắc được hiệu quả trong tương lai. ",9,5,-4,Tôi thấy mức thuế tôi phải đóng theo phương án mới là công bằng (người thu nhập như tôi đóng mức này là hợp lý).,"Không thay đổi về mức độ đóng thuế dù thay đổi bậc thuế, ngưỡng thuế.",6,5,-1,Giống với quan điểm trước đó vì mọi thứ vẫn chưa rõ ràng.,Giống với quan điểm trước đó vì mọi thứ vẫn chưa rõ ràng.,6,5,-1,Giống với quan điểm trước đó vì mọi thứ vẫn chưa rõ ràng.,Giống với quan điểm trước đó vì mọi thứ vẫn chưa rõ ràng.,6,5,-1,Giống với quan điểm trước đó vì mọi thứ vẫn chưa rõ ràng.,Giống với quan điểm trước đó vì mọi thứ vẫn chưa rõ ràng.
3,1,243,Nam,40 - 49,Thành thị,Đại học,Phi chính thức,29.281310508454645,3,6,10,4,"Hiện tại, với mức thuế giảm đáng kể, tôi không còn lo lắng nhiều về việc trốn thuế. Tuy nhiên, tôi vẫn nghi ngờ về khả năng thực thi của cơ quan thuế.","Áp dụng công nghệ định danh, rà soát tài khoản tự động các nguồn thu thông qua yêu cầu bên trung gian thanh toán, phán đoán cá nhân.",8,10,2,Tôi tin rằng công nghệ và hệ thống quản lý thuế hiện đại sẽ giúp phát hiện và xử lý trốn thuế một cách hiệu quả.,Công nghệ hiện đại,7,5,-2,"Các quy trình khai thuế và tính thuế mới đã đơn giản hơn nhiều, nhưng tôi vẫn lo ngại về việc áp dụng không đồng đều.","Vẫn thấy có nhiều khó khăn khi dùng Etax mobile. Chưa rõ phần mềm có cập nhật, thay đổi theo chính sách mới hay không.",8,7,-1,"Bậc thuế mới đã đơn giản hóa nhiều, việc tính thuế trở nên dễ hiểu hơn. Tuy nhiên, tôi vẫn không chắc chắn về sự công bằng của hệ thống.",Chưa làm theo quy định mới nhưng từ truyền thông giải thích thì cảm giác có sự tốt hơn,7,7,0,"Tôi tin rằng cơ quan thuế sẽ công bằng trong việc thực thi chính sách mới, nhưng tôi vẫn lo ngại về khả năng thực thi đầy đủ.","Vì còn mới và chưa triển khai, nên phỏng đoán sẽ tốt hơn cách làm trước đây. Dựa trên kinh nghiệm từ quá khứ thì mọi thứ vẫn làm tốt, nhưng chưa chắc tương lai thế nào vì không biết quá trình chuyển đổi thế nào.",6,6,0,"Mức thuế mới có thể coi là công bằng, nhưng tôi lo ngại về việc sử dụng hiệu quả số tiền thuế thu được.","Do sức mua bị giảm bởi lạm phát do cung tiền cho các dự án quốc gia, nên cảm thấy 6/10. Thay đổi chưa phù hợp với mức sống thực tế.",7,5,-2,"Tôi tin rằng số tiền thuế đóng sẽ được sử dụng hiệu quả, nhưng tôi lo ngại về việc minh bạch trong sử dụng nguồn thu thuế.","Tính hiệu quả từ tiền thuế thu được chưa được minh bạch và giải trình đầy đủ, còn nhiều vụ án tham nhũng khi triển khai dự án công, trong đó có phần tiền thuế đóng góp.",6,6,0,"Tôi thấy cơ quan thuế đã giải thích rõ về mục tiêu của chính sách mới, nhưng tôi vẫn nghi ngờ về việc thực hiện đầy đủ.","Chỉ tham khảo từ nguồn truyền thông. Chưa thấy thông tin từ cơ quan thuế, giới học thuật (sách vở).",7,7,0,"Dù thuế giảm đáng kể, nhưng tôi vẫn lo ngại về sự công bằng và hiệu quả sử dụng nguồn thuế. Tuy nhiên, tôi sẽ ủng hộ nếu chính sách được thực hiện một cách công bằng và hiệu quả.","Đóng thuế ít hơn, các khung thuế cũng đơn giản hơn. Nhưng tổng thể không đáp ứng được mong đợi so với thực mức sống thực tế. Tuy nhiên, sẽ ủng hộ nếu thu thuế tốt cho cả quốc gia nếu xài tiền thuế thu được hiệu quả. "
3,2,244,Nam,40 - 49,Thành thị,Đại học,Phi chính thức,29.281310508454645,3,7,10,3,"Dựa trên kinh nghiệm cá nhân, tôi cho rằng công nghệ hiện đại và quy định quản lý thuế mới đã giúp giảm đáng kể hành vi trốn thuế. Mặc dù vậy, vẫn còn lo ngại về việc thực thi.","Áp dụng công nghệ định danh, rà soát tài khoản tự động các nguồn thu thông qua yêu cầu bên trung gian thanh toán, phán đoán cá nhân.",8,10,2,"Công nghệ và khả năng của cơ quan thuế đã cải thiện đáng kể, giảm nguy cơ trốn thuế và tăng khả năng phát hiện hành vi gian lận.",Công nghệ hiện đại,9,5,-4,"Trình tự và quy trình làm việc với cơ quan thuế đã đơn giản hóa, dễ dàng hơn so với trước đây.","Vẫn thấy có nhiều khó khăn khi dùng Etax mobile. Chưa rõ phần mềm có cập nhật, thay đổi theo chính sách mới hay không.",9,7,-2,"Biểu thuế mới đơn giản hơn, dễ hiểu và dễ thực hiện hơn, giảm gánh nặng cho người dân.",Chưa làm theo quy định mới nhưng từ truyền thông giải thích thì cảm giác có sự tốt hơn,7,7,0,"Tôi tin rằng cơ quan thuế sẽ thực hiện chính sách một cách công bằng, nhưng vẫn có lo ngại về khả năng giám sát và thực thi.","Vì còn mới và chưa triển khai, nên phỏng đoán sẽ tốt hơn cách làm trước đây. Dựa trên kinh nghiệm từ quá khứ thì mọi thứ vẫn làm tốt, nhưng chưa chắc tương lai thế nào vì không biết quá trình chuyển đổi thế nào.",7,6,-1,"Mức thuế mới đối với thu nhập của tôi là công bằng, nhưng vẫn lo ngại về hiệu quả sử dụng nguồn thu thuế.","Do sức mua bị giảm bởi lạm phát do cung tiền cho các dự án quốc gia, nên cảm thấy 6/10. Thay đổi chưa phù hợp với mức sống thực tế.",7,5,-2,"Tôi tin rằng số tiền thuế đóng sẽ được sử dụng hiệu quả cho các dịch vụ công, nhưng vẫn lo ngại về minh bạch trong sử dụng nguồn thu.","Tính hiệu quả từ tiền thuế thu được chưa được minh bạch và giải trình đầy đủ, còn nhiều vụ án tham nhũng khi triển khai dự án công, trong đó có phần tiền thuế đóng góp.",6,6,0,"Tôi thấy Nhà nước đã giải thích rõ ràng về mục tiêu của việc sửa đổi thuế, nhưng vẫn thiếu minh bạch về sử dụng nguồn thu.","Chỉ tham khảo từ nguồn truyền thông. Chưa thấy thông tin từ cơ quan thuế, giới học thuật (sách vở).",8,7,-1,"Sau khi xem xét, tôi ủng hộ chính sách mới vì nó đơn giản hóa quy trình và giảm gánh nặng thuế, nhưng vẫn lo ngại về hiệu quả sử dụng nguồn thu.","Đóng thuế ít hơn, các khung thuế cũng đơn giản hơn. Nhưng tổng thể không đáp ứng được mong đợi so với thực mức sống thực tế. Tuy nhiên, sẽ ủng hộ nếu thu thuế tốt cho cả quốc gia nếu xài tiền thuế thu được hiệu quả. "
3,3,245,Nam,40 - 49,Thành thị,Đại học,Phi chính thức,29.281310508454645,3,6,10,4,"Dựa trên thông tin từ người thật, mặc dù công nghệ hiện đại có thể phát hiện gian lận, nhưng tôi vẫn cảm thấy chưa chắc chắn về khả năng thực thi.","Áp dụng công nghệ định danh, rà soát tài khoản tự động các nguồn thu thông qua yêu cầu bên trung gian thanh toán, phán đoán cá nhân.",6,10,4,"Người thật cảm thấy có sự cải thiện nhưng chưa rõ ràng, do đó tôi cho điểm trung bình.",Công nghệ hiện đại,8,5,-3,"Đối với việc khai thuế, tôi thấy đơn giản hơn so với trước đây, giảm bớt công sức và thời gian.","Vẫn thấy có nhiều khó khăn khi dùng Etax mobile. Chưa rõ phần mềm có cập nhật, thay đổi theo chính sách mới hay không.",8,7,-1,"Biểu thuế mới đơn giản hơn, dễ hiểu và dễ thực hiện hơn, giảm sự phức tạp cho người dân.",Chưa làm theo quy định mới nhưng từ truyền thông giải thích thì cảm giác có sự tốt hơn,7,7,0,"Người thật cho rằng mức thuế mới công bằng hơn, nhưng vẫn có lo ngại về thực thi.","Vì còn mới và chưa triển khai, nên phỏng đoán sẽ tốt hơn cách làm trước đây. Dựa trên kinh nghiệm từ quá khứ thì mọi thứ vẫn làm tốt, nhưng chưa chắc tương lai thế nào vì không biết quá trình chuyển đổi thế nào.",7,6,-1,"Mức thuế mới phù hợp với thu nhập của tôi, thể hiện sự công bằng.","Do sức mua bị giảm bởi lạm phát do cung tiền cho các dự án quốc gia, nên cảm thấy 6/10. Thay đổi chưa phù hợp với mức sống thực tế.",6,5,-1,"Tôi tin rằng thuế đóng góp vào các dịch vụ công, nhưng không hoàn toàn chắc chắn về hiệu quả sử dụng.","Tính hiệu quả từ tiền thuế thu được chưa được minh bạch và giải trình đầy đủ, còn nhiều vụ án tham nhũng khi triển khai dự án công, trong đó có phần tiền thuế đóng góp.",6,6,0,Người thật cho rằng cần thêm thông tin từ cơ quan thuế và học thuật để hiểu rõ hơn về chính sách mới.,"Chỉ tham khảo từ nguồn truyền thông. Chưa thấy thông tin từ cơ quan thuế, giới học thuật (sách vở).",7,7,0,"Sau khi xem xét, tôi ủng hộ chính sách mới, nhưng cần thêm thời gian để thấy kết quả thực tế.","Đóng thuế ít hơn, các khung thuế cũng đơn giản hơn. Nhưng tổng thể không đáp ứng được mong đợi so với thực mức sống thực tế. Tuy nhiên, sẽ ủng hộ nếu thu thuế tốt cho cả quốc gia nếu xài tiền thuế thu được hiệu quả. "
3,4,246,Nam,40 - 49,Thành thị,Đại học,Phi chính thức,29.281310508454645,3,5,10,5,"Chưa rõ công nghệ hiện đại có đủ hiệu quả trong việc phát hiện gian lận, trốn thuế, do chưa áp dụng rộng rãi.","Áp dụng công nghệ định danh, rà soát tài khoản tự động các nguồn thu thông qua yêu cầu bên trung gian thanh toán, phán đoán cá nhân.",5,10,5,"Công nghệ và khả năng của cơ quan thuế chưa được minh bạch, do chưa triển khai toàn diện.",Công nghệ hiện đại,4,5,1,"Quy trình làm việc với cơ quan thuế chưa đơn giản, cần thời gian để quen thuộc với các thay đổi.","Vẫn thấy có nhiều khó khăn khi dùng Etax mobile. Chưa rõ phần mềm có cập nhật, thay đổi theo chính sách mới hay không.",6,7,1,"Biểu thuế mới có vẻ đơn giản hơn, nhưng vẫn chưa rõ cách tính thuế cụ thể.",Chưa làm theo quy định mới nhưng từ truyền thông giải thích thì cảm giác có sự tốt hơn,5,7,2,"Mức thuế mới thấp hơn, nhưng chưa rõ cách thực thi khách quan, công tâm.","Vì còn mới và chưa triển khai, nên phỏng đoán sẽ tốt hơn cách làm trước đây. Dựa trên kinh nghiệm từ quá khứ thì mọi thứ vẫn làm tốt, nhưng chưa chắc tương lai thế nào vì không biết quá trình chuyển đổi thế nào.",6,6,0,"Mức giảm trừ gia cảnh cao hơn, nhưng chưa rõ hiệu quả thực tế từ việc sử dụng tiền thuế.","Do sức mua bị giảm bởi lạm phát do cung tiền cho các dự án quốc gia, nên cảm thấy 6/10. Thay đổi chưa phù hợp với mức sống thực tế.",5,5,0,"Niềm tin vào việc sử dụng hiệu quả tiền thuế vẫn còn thấp, do thông tin chưa đầy đủ.","Tính hiệu quả từ tiền thuế thu được chưa được minh bạch và giải trình đầy đủ, còn nhiều vụ án tham nhũng khi triển khai dự án công, trong đó có phần tiền thuế đóng góp.",5,6,1,"Những thông tin giải thích về mục tiêu của chính sách mới chưa rõ ràng, cần thêm thông tin từ cơ quan thuế.","Chỉ tham khảo từ nguồn truyền thông. Chưa thấy thông tin từ cơ quan thuế, giới học thuật (sách vở).",4,7,3,"Thuế giảm, nhưng chưa thấy cải thiện đáng kể trong chất lượng dịch vụ công, nên chưa thực sự ủng hộ.","Đóng thuế ít hơn, các khung thuế cũng đơn giản hơn. Nhưng tổng thể không đáp ứng được mong đợi so với thực mức sống thực tế. Tuy nhiên, sẽ ủng hộ nếu thu thuế tốt cho cả quốc gia nếu xài tiền thuế thu được hiệu quả. "
3,5,247,Nam,40 - 49,Thành thị,Đại học,Phi chính thức,29.281310508454645,3,7,10,3,"Công nghệ định danh và tự động rà soát có thể phát hiện gian lận, nhưng chưa rõ thực tế.","Áp dụng công nghệ định danh, rà soát tài khoản tự động các nguồn thu thông qua yêu cầu bên trung gian thanh toán, phán đoán cá nhân.",6,10,4,Năng lực của nhà nước và cơ quan thuế trong việc phát hiện và xử lý trốn thuế vẫn chưa rõ ràng.,Công nghệ hiện đại,5,5,0,"Các quy định mới đơn giản hơn, nhưng vẫn chưa rõ phần mềm ETax mobile có cập nhật theo quy định mới hay không.","Vẫn thấy có nhiều khó khăn khi dùng Etax mobile. Chưa rõ phần mềm có cập nhật, thay đổi theo chính sách mới hay không.",5,7,2,"Biểu thuế đơn giản hơn, dễ hiểu, nhưng chưa chắc phần mềm sẽ thực hiện chính xác.",Chưa làm theo quy định mới nhưng từ truyền thông giải thích thì cảm giác có sự tốt hơn,7,7,0,"Nhìn chung, tôi tin rằng cơ quan thuế sẽ thực thi chính sách công bằng, nhưng còn nhiều yếu tố không rõ ràng.","Vì còn mới và chưa triển khai, nên phỏng đoán sẽ tốt hơn cách làm trước đây. Dựa trên kinh nghiệm từ quá khứ thì mọi thứ vẫn làm tốt, nhưng chưa chắc tương lai thế nào vì không biết quá trình chuyển đổi thế nào.",6,6,0,"Mức thuế mới có thể phù hợp với thu nhập thực tế, nhưng còn phụ thuộc vào cách áp dụng.","Do sức mua bị giảm bởi lạm phát do cung tiền cho các dự án quốc gia, nên cảm thấy 6/10. Thay đổi chưa phù hợp với mức sống thực tế.",5,5,0,"Thuế đóng góp cho phát triển quốc gia, nhưng hiệu quả sử dụng nguồn thuế chưa rõ ràng.","Tính hiệu quả từ tiền thuế thu được chưa được minh bạch và giải trình đầy đủ, còn nhiều vụ án tham nhũng khi triển khai dự án công, trong đó có phần tiền thuế đóng góp.",6,6,0,"Nhìn chung, tôi thấy có sự minh bạch trong việc giải thích chính sách, nhưng còn nhiều thông tin chưa rõ ràng.","Chỉ tham khảo từ nguồn truyền thông. Chưa thấy thông tin từ cơ quan thuế, giới học thuật (sách vở).",6,7,1,"Thuế giảm, nhưng chưa chắc đã tăng mức sống thực tế, vì còn phụ thuộc vào nhiều yếu tố khác.","Đóng thuế ít hơn, các khung thuế cũng đơn giản hơn. Nhưng tổng thể không đáp ứng được mong đợi so với thực mức sống thực tế. Tuy nhiên, sẽ ủng hộ nếu thu thuế tốt cho cả quốc gia nếu xài tiền thuế thu được hiệu quả. "
4,1,343,Nữ,40 - 49,Thành thị,Sau Đại học,Chính thức,78.35299956243179,2,5,6,1,"Như đã nói, hiện nay quản lý thuế chưa chặt chẽ, doanh thu bán lẻ không xuất hóa đơn vẫn còn cao. Tuy nhiên, với mức thuế giảm, tôi sẽ tin rằng Nhà nước sẽ tập trung nhiều hơn vào quản lý thuế.",Người có thu nhập phi chính thức còn nhiều và Nhà nước hiện nay chưa quản lý được.,4,5,1,"Dù Nhà nước đã cải thiện, nhưng doanh nghiệp nhỏ và người dân thường gặp khó khăn trong việc tuân thủ, do không có mối quan hệ để hỏi người chịu trách nhiệm.","Hiện nay các khoản doanh thu bán lẻ không xuất hóa đơn vẫn còn cao, như doanh thu bán lẻ, cái này chưa có công nghệ quản lý.",6,2,-4,"Thủ tục đơn giản hơn nhưng vẫn cần thời gian để quen, đặc biệt là cho người dân bình thường không có mối quan hệ với cơ quan thuế.","Thủ tục khai báo phức tạp, tôi phải thường nhờ dịch vụ làm thì sẽ thuận tiện, nhanh chóng hơn. Còn người dân bình thường sẽ khó xử lý vì không có mối quan hệ để hỏi người chịu trách nhiệm chính, hỗ trợ.",7,7,0,"Bậc thuế ít hơn nên dễ hiểu hơn, nhưng vẫn cần thời gian để quen với cách tính mới.",Đơn giản hơn vì nó ít bậc hơn.,6,7,1,"Tôi hy vọng Nhà nước sẽ thực thi công bằng, nhưng thực tế vẫn còn nhiều thất thoát, nên tôi chỉ tin một phần.","Tôi hi vọng thế. Hiện tại, Nhà nước cũng đang cố gắng minh bạch, đưa ra nhiều chính sách cải tiến để giúp việc thực thi chính sách tốt hơn.",8,7,-1,"Mức thuế giảm trừ gia cảnh và bậc thuế mới hợp lý, phù hợp với thu nhập hiện tại của tôi.","Mức giảm trừ được nâng lên, và các bậc thuế cũng thấp hơn. Tuy nhiên, chưa phản ánh đúng với thực tế, mức sống hiện nay.",6,5,-1,"Thuế đóng góp vào dịch vụ công, nhưng tôi vẫn lo ngại về hiệu quả sử dụng ngân sách.","Tôi không quá tin vào điều này vì hàng năm vẫn thấy sự thất thoát, tuy nhiên tôi tin năng lực quản lý nhà nước sẽ tăng lên.",7,7,0,"Nhà nước đã công khai và giải thích rõ ràng về mục tiêu cải cách, nhưng cần thêm minh bạch về sử dụng ngân sách.","Nó được lấy ý kiến từ người dân và công khai thông tin rõ ràng. Truyền thông rõ ràng từng chặng, từng bước quá trình luật hình thành.",6,8,2,"Chính sách mới có lợi cho tôi, nhưng tôi vẫn lo ngại về hiệu quả quản lý.","Vì đóng thuế là nghĩa vụ công dân để xây dựng đất nước và mức thuế này cũng hợp lý. Tuy nhiên, chưa phản ánh hoàn toàn thực tế hiện nay."
4,2,344,Nữ,40 - 49,Thành thị,Sau Đại học,Chính thức,78.35299956243179,2,6,6,0,"Dựa trên kinh nghiệm thực tế, quản lý thuế hiện nay vẫn còn nhiều khó khăn, đặc biệt là đối với thuế bán lẻ không xuất hóa đơn. Tuy nhiên, với cải cách mới, tôi hy vọng sẽ cải thiện đáng kể.",Người có thu nhập phi chính thức còn nhiều và Nhà nước hiện nay chưa quản lý được.,7,5,-2,Cải cách thuế mới đơn giản hóa quy trình và công nghệ quản lý thuế có thể giúp cải thiện khả năng phát hiện trốn thuế.,"Hiện nay các khoản doanh thu bán lẻ không xuất hóa đơn vẫn còn cao, như doanh thu bán lẻ, cái này chưa có công nghệ quản lý.",7,2,-5,"Thuật ngữ và bậc thuế mới đơn giản hơn, nhưng vẫn cần thời gian để quen thuộc với quy trình mới.","Thủ tục khai báo phức tạp, tôi phải thường nhờ dịch vụ làm thì sẽ thuận tiện, nhanh chóng hơn. Còn người dân bình thường sẽ khó xử lý vì không có mối quan hệ để hỏi người chịu trách nhiệm chính, hỗ trợ.",8,7,-1,"Các bậc thuế mới đơn giản hơn, giảm bớt sự phức tạp cho người dân.",Đơn giản hơn vì nó ít bậc hơn.,6,7,1,"Tôi tin rằng Nhà nước sẽ thực thi chính sách một cách công bằng, nhưng vẫn có sự thất thoát và không phản ánh hoàn toàn thực tế.","Tôi hi vọng thế. Hiện tại, Nhà nước cũng đang cố gắng minh bạch, đưa ra nhiều chính sách cải tiến để giúp việc thực thi chính sách tốt hơn.",7,7,0,"Mức thuế mới hợp lý với thu nhập của tôi, nhưng chưa hoàn toàn phản ánh thực tế.","Mức giảm trừ được nâng lên, và các bậc thuế cũng thấp hơn. Tuy nhiên, chưa phản ánh đúng với thực tế, mức sống hiện nay.",7,5,-2,Tôi tin rằng số thuế đóng sẽ được sử dụng hiệu quả cho các dịch vụ công.,"Tôi không quá tin vào điều này vì hàng năm vẫn thấy sự thất thoát, tuy nhiên tôi tin năng lực quản lý nhà nước sẽ tăng lên.",6,7,1,"Nội dung cải cách đã được giải thích công khai, nhưng vẫn còn nhiều băn khoăn về việc quản lý và sử dụng nguồn thuế.","Nó được lấy ý kiến từ người dân và công khai thông tin rõ ràng. Truyền thông rõ ràng từng chặng, từng bước quá trình luật hình thành.",8,8,0,"Chính sách mới có lợi cho tôi về mặt tài chính, tôi sẽ ủng hộ và tuân thủ.","Vì đóng thuế là nghĩa vụ công dân để xây dựng đất nước và mức thuế này cũng hợp lý. Tuy nhiên, chưa phản ánh hoàn toàn thực tế hiện nay."
4,3,345,Nữ,40 - 49,Thành thị,Sau Đại học,Chính thức,78.35299956243179,2,6,6,0,"Dù quy định quản lý thuế đã được cải thiện nhưng tôi vẫn lo ngại về việc thực thi, đặc biệt là đối với người dân thường. Thuế thu nhập cá nhân phi chính thức vẫn còn nhiều.",Người có thu nhập phi chính thức còn nhiều và Nhà nước hiện nay chưa quản lý được.,6,5,-1,"Mặc dù Nhà nước đã cải thiện khả năng quản lý, tôi vẫn nghi ngờ về việc kiểm soát trọn vẹn, nhất là với các hoạt động kinh doanh nhỏ lẻ không xuất hóa đơn.","Hiện nay các khoản doanh thu bán lẻ không xuất hóa đơn vẫn còn cao, như doanh thu bán lẻ, cái này chưa có công nghệ quản lý.",8,2,-6,"Phương án mới đơn giản hơn, không còn cần phải đi qua nhiều bước phức tạp. Điều này giúp việc khai thuế trở nên dễ dàng hơn cho người dân.","Thủ tục khai báo phức tạp, tôi phải thường nhờ dịch vụ làm thì sẽ thuận tiện, nhanh chóng hơn. Còn người dân bình thường sẽ khó xử lý vì không có mối quan hệ để hỏi người chịu trách nhiệm chính, hỗ trợ.",9,7,-2,"Bậc thuế ít hơn và mức giảm trừ gia cảnh cao hơn đã làm cho việc tính thuế trở nên dễ hiểu hơn, giảm bớt gánh nặng cho người dân.",Đơn giản hơn vì nó ít bậc hơn.,7,7,0,"Tôi hy vọng rằng Nhà nước sẽ thực thi chính sách một cách công bằng và khách quan, nhưng tôi vẫn giữ thái độ thận trọng do kinh nghiệm thực tế về việc thất thoát thuế.","Tôi hi vọng thế. Hiện tại, Nhà nước cũng đang cố gắng minh bạch, đưa ra nhiều chính sách cải tiến để giúp việc thực thi chính sách tốt hơn.",7,7,0,"Mức thuế mới có thể coi là công bằng cho thu nhập của tôi, nhưng vẫn chưa phản ánh hoàn toàn thực tế về mức sống hiện nay.","Mức giảm trừ được nâng lên, và các bậc thuế cũng thấp hơn. Tuy nhiên, chưa phản ánh đúng với thực tế, mức sống hiện nay.",7,5,-2,"Tôi tin rằng số tiền thuế đóng sẽ được sử dụng hiệu quả, nhưng chưa hoàn toàn tin tưởng do kinh nghiệm về việc thất thoát ngân sách.","Tôi không quá tin vào điều này vì hàng năm vẫn thấy sự thất thoát, tuy nhiên tôi tin năng lực quản lý nhà nước sẽ tăng lên.",8,7,-1,"Nhà nước đã công khai giải thích rõ ràng về mục tiêu và lý do của việc cải cách thuế, điều này giúp tăng niềm tin của tôi.","Nó được lấy ý kiến từ người dân và công khai thông tin rõ ràng. Truyền thông rõ ràng từng chặng, từng bước quá trình luật hình thành.",7,8,1,"Phương án mới có lợi cho tôi về mặt tài chính và thủ tục, nhưng tôi vẫn giữ thái độ thận trọng về thực tế quản lý thuế.","Vì đóng thuế là nghĩa vụ công dân để xây dựng đất nước và mức thuế này cũng hợp lý. Tuy nhiên, chưa phản ánh hoàn toàn thực tế hiện nay."
4,4,346,Nữ,40 - 49,Thành thị,Sau Đại học,Chính thức,78.35299956243179,2,6,6,0,"Hiện nay, quản lý thuế còn nhiều khó khăn, đặc biệt với doanh thu bán lẻ không xuất hóa đơn. Tuy nhiên, với mức giảm trừ gia cảnh mới, tôi cảm thấy hợp lý hơn.",Người có thu nhập phi chính thức còn nhiều và Nhà nước hiện nay chưa quản lý được.,6,5,-1,"Tăng mức giảm trừ gia cảnh và giảm số bậc thuế có thể giúp phát hiện gian lận khó hơn, nhưng vẫn cần cải thiện công nghệ quản lý.","Hiện nay các khoản doanh thu bán lẻ không xuất hóa đơn vẫn còn cao, như doanh thu bán lẻ, cái này chưa có công nghệ quản lý.",7,2,-5,"Số bậc thuế ít đi và mức giảm trừ gia cảnh cao hơn tạo thuận lợi hơn cho việc khai báo, nhưng thủ tục vẫn khá phức tạp.","Thủ tục khai báo phức tạp, tôi phải thường nhờ dịch vụ làm thì sẽ thuận tiện, nhanh chóng hơn. Còn người dân bình thường sẽ khó xử lý vì không có mối quan hệ để hỏi người chịu trách nhiệm chính, hỗ trợ.",8,7,-1,"Số bậc thuế giảm và mức giảm trừ gia cảnh cao hơn giúp việc tính thuế đơn giản, dễ hiểu hơn so với trước đây.",Đơn giản hơn vì nó ít bậc hơn.,7,7,0,"Tôi tin Nhà nước sẽ thực thi chính sách công bằng, nhưng do nhiều thất thoát, tôi vẫn nghi ngờ phần nào.","Tôi hi vọng thế. Hiện tại, Nhà nước cũng đang cố gắng minh bạch, đưa ra nhiều chính sách cải tiến để giúp việc thực thi chính sách tốt hơn.",7,7,0,"Mức thuế mới phù hợp với thu nhập của tôi, nhưng chưa phản ánh đầy đủ thực tế hiện nay về chi tiêu.","Mức giảm trừ được nâng lên, và các bậc thuế cũng thấp hơn. Tuy nhiên, chưa phản ánh đúng với thực tế, mức sống hiện nay.",7,5,-2,Tăng mức giảm trừ gia cảnh và đơn giản hóa thuế suất sẽ góp phần cải thiện chất lượng dịch vụ công.,"Tôi không quá tin vào điều này vì hàng năm vẫn thấy sự thất thoát, tuy nhiên tôi tin năng lực quản lý nhà nước sẽ tăng lên.",7,7,0,"Nội dung và mục tiêu của chính sách mới được giải thích rõ ràng, nhưng còn cần cải thiện công khai.","Nó được lấy ý kiến từ người dân và công khai thông tin rõ ràng. Truyền thông rõ ràng từng chặng, từng bước quá trình luật hình thành.",8,8,0,"Ngoài việc giảm thuế, mức giảm trừ gia cảnh tăng cao giúp tôi ủng hộ và tuân thủ chính sách mới.","Vì đóng thuế là nghĩa vụ công dân để xây dựng đất nước và mức thuế này cũng hợp lý. Tuy nhiên, chưa phản ánh hoàn toàn thực tế hiện nay."
4,5,347,Nữ,40 - 49,Thành thị,Sau Đại học,Chính thức,78.35299956243179,2,6,6,0,"Dù luật mới đã tăng giảm trừ gia cảnh và đơn giản hóa bậc thuế, nhưng tôi vẫn lo ngại về quản lý thuế hiện tại, đặc biệt với những người có thu nhập phi chính thức. Thuế thu nhập cá nhân vẫn cần có sự giám sát và quản lý chặt chẽ hơn.",Người có thu nhập phi chính thức còn nhiều và Nhà nước hiện nay chưa quản lý được.,5,5,0,"Nhà nước đang cố gắng cải thiện công nghệ quản lý thuế, nhưng quản lý thuế đối với doanh thu bán lẻ chưa hiệu quả. Tôi hi vọng tình hình sẽ cải thiện trong tương lai.","Hiện nay các khoản doanh thu bán lẻ không xuất hóa đơn vẫn còn cao, như doanh thu bán lẻ, cái này chưa có công nghệ quản lý.",7,2,-5,"Các quy trình khai thuế mới đơn giản hơn so với trước, nhưng tôi vẫn phải nhờ dịch vụ để hỗ trợ. Điều này cho thấy thủ tục vẫn còn phức tạp đối với người dân bình thường.","Thủ tục khai báo phức tạp, tôi phải thường nhờ dịch vụ làm thì sẽ thuận tiện, nhanh chóng hơn. Còn người dân bình thường sẽ khó xử lý vì không có mối quan hệ để hỏi người chịu trách nhiệm chính, hỗ trợ.",8,7,-1,"Bậc thuế mới đơn giản hơn, nhưng tôi vẫn thấy nó chưa phản ánh đầy đủ thực tế hiện nay. Tuy nhiên, so với trước, nó đã dễ thực hiện hơn.",Đơn giản hơn vì nó ít bậc hơn.,7,7,0,"Tôi tin rằng Nhà nước sẽ thực thi chính sách một cách công bằng, nhưng mức thuế mới chưa phản ánh đúng mức sống hiện nay.","Tôi hi vọng thế. Hiện tại, Nhà nước cũng đang cố gắng minh bạch, đưa ra nhiều chính sách cải tiến để giúp việc thực thi chính sách tốt hơn.",7,7,0,"Mức thuế mới hợp lý, nhưng chưa phản ánh đầy đủ thực tế. Tuy nhiên, mức giảm trừ gia cảnh mới tăng lên đã giúp giảm gánh nặng thuế cho tôi.","Mức giảm trừ được nâng lên, và các bậc thuế cũng thấp hơn. Tuy nhiên, chưa phản ánh đúng với thực tế, mức sống hiện nay.",7,5,-2,"Tôi tin rằng số tiền thuế đóng sẽ được sử dụng hiệu quả, nhưng cần thời gian để chứng minh sự công bằng trong việc sử dụng ngân sách.","Tôi không quá tin vào điều này vì hàng năm vẫn thấy sự thất thoát, tuy nhiên tôi tin năng lực quản lý nhà nước sẽ tăng lên.",7,7,0,"Nhà nước đã giải thích rõ ràng về mục tiêu của việc cải cách thuế, nhưng cần minh bạch hơn về cách sử dụng số tiền thuế thu được.","Nó được lấy ý kiến từ người dân và công khai thông tin rõ ràng. Truyền thông rõ ràng từng chặng, từng bước quá trình luật hình thành.",9,8,-1,"Sau khi xem xét, tôi ủng hộ chính sách mới, vì nó giúp giảm gánh nặng thuế cho tôi và người dân, đồng thời cải thiện quản lý thuế.","Vì đóng thuế là nghĩa vụ công dân để xây dựng đất nước và mức thuế này cũng hợp lý. Tuy nhiên, chưa phản ánh hoàn toàn thực tế hiện nay."
5,1,443,Nữ,40 - 49,Thành thị,Đại học,Chính thức,182.29961663673186,2,9,8,-1,"Cơ quan thuế triển khai quyết liệt, công nghệ phát triển giúp phát hiện trốn thuế dễ dàng hơn, tạo sự tin tưởng cho người nộp thuế.","Khi cảm giác về gánh nặng thuế giảm sẽ khuyến khích người đóng thuế tích cực kê khai nộp thuế hơn. Hiện nay, cơ quan thuế cũng đang triển khai rất quyết liệt, nhanh và hiệu quả.",9,8,-1,"Cơ quan thuế có đủ khả năng phát hiện trốn thuế nhờ công nghệ hiện đại, đồng thời xử lý nghiêm minh.","Qua kinh nghiệm hệ thống hoá đơn điện tử từ VAT hay thuế DN thì làm rất hiệu quả. Hiện nay, cơ quan thuế cũng đang triển khai rất quyết liệt, nhanh và hiệu quả.",8,8,0,"So với trước đây, quy trình khai báo thuế đơn giản, dễ thực hiện, tiết kiệm thời gian cho người dân.","Không khai báo trực tiếp nên không trả lời được chính xác. Do công ty đóng nên chưa nhiều trải nghiệm. Nghe qua một vài chia sẻ thì thấy tích cực, tốt. Tuy nhiên, trong quá khứ thì có trải nghiệm chưa tốt, dù hiện tại trải nghiệm tốt hơn từ chia sẻ bạn bè, người thân. Có sự cải tiến nhiều.",8,9,1,"Biểu thuế được đơn giản hóa, dễ hiểu và thực hiện thuận tiện hơn, phù hợp với người thu nhập trung bình.","Có sự giãn cách giữa các bậc. Cơ bản cũng không quan tâm nhiều do nhân sự, kế toán làm hết rồi. Qua truyền thông, báo chí thì thấy có sự đơn giản, dễ hiểu.",8,6,-2,"Nhà nước đã cải thiện khả năng phát hiện và xử lý trốn thuế, tạo niềm tin cho người dân.","Hiện mới chỉ nắm được người có tóc, chưa xử lý được những người nằm ngoài tầm kiểm soát hay khó quản lý. Chưa có chính sách khuyến khích người thu nhập cao chủ động khai báo thuế, minh bạch các nguồn thu.",8,7,-1,"Thuế suất và mức giảm trừ gia cảnh mới công bằng, phù hợp với thu nhập trung bình của tôi.","Tương tự câu trên, mới nắm được người có tóc",8,5,-3,"Hiểu được mục tiêu của chính sách mới, tin rằng số tiền thuế đóng sẽ được sử dụng hiệu quả.","Chưa “cảm nhận” được. Không biết tiền đi đâu, về đâu, làm gì. Vẫn thấy được nguồn thu được sử dụng nhưng vấn đề là chưa rõ ràng, chưa thấy hiệu quả, minh bạch.",8,8,0,"Nhà nước đã giải thích rõ ràng mục tiêu của chính sách mới, tạo sự minh bạch và tin tưởng.","Đọc nhiều tin bài, hội thảo, truyền thông tốt, giải thích dễ hiểu.",9,8,-1,"Chính sách mới tạo ra lợi ích đáng kể về mặt tài chính, tăng sự ủng hộ và tuân thủ.","Buộc phải tuân thủ nhưng kỳ vọng có chính sách bao trùm hơn. Chính sách mới có những nỗ lực điều chỉnh tích cực hơn nhưng vẫn chưa hướng tới được những người có thu nhập đáng lẽ chịu thuế phải tự động khai báo thay vì phải đi thanh tra, xử phạt. Phải có cơ chế thưởng phạt. Hiện tại chỉ dừng lại ở phạt, chưa có chính sách khuyến khích. "
5,2,444,Nữ,40 - 49,Thành thị,Đại học,Chính thức,182.29961663673186,2,9,8,-1,"Quy định quản lý thuế hiện nay được cải thiện đáng kể, giúp phát hiện và xử lý hành vi gian lận trốn thuế hiệu quả hơn. Cơ quan thuế đang triển khai quyết liệt, nhanh và hiệu quả.","Khi cảm giác về gánh nặng thuế giảm sẽ khuyến khích người đóng thuế tích cực kê khai nộp thuế hơn. Hiện nay, cơ quan thuế cũng đang triển khai rất quyết liệt, nhanh và hiệu quả.",9,8,-1,"Cơ quan thuế có nhiều công nghệ tiên tiến để phát hiện, xử lý các hành vi trốn thuế. Việc triển khai hệ thống hoá đơn điện tử cũng tăng cường hiệu quả quản lý.","Qua kinh nghiệm hệ thống hoá đơn điện tử từ VAT hay thuế DN thì làm rất hiệu quả. Hiện nay, cơ quan thuế cũng đang triển khai rất quyết liệt, nhanh và hiệu quả.",8,8,0,"So với trước đây, các quy trình khai báo thuế đơn giản, nhanh chóng hơn. Việc sử dụng công nghệ như hoá đơn điện tử giúp việc làm thủ tục dễ dàng hơn.","Không khai báo trực tiếp nên không trả lời được chính xác. Do công ty đóng nên chưa nhiều trải nghiệm. Nghe qua một vài chia sẻ thì thấy tích cực, tốt. Tuy nhiên, trong quá khứ thì có trải nghiệm chưa tốt, dù hiện tại trải nghiệm tốt hơn từ chia sẻ bạn bè, người thân. Có sự cải tiến nhiều.",7,9,2,"Biểu thuế đơn giản hơn với số bậc giảm từ 7 xuống 5, dễ hiểu và thực hiện hơn. Tuy nhiên, vẫn còn một số điểm chưa rõ ràng đối với người nộp thuế.","Có sự giãn cách giữa các bậc. Cơ bản cũng không quan tâm nhiều do nhân sự, kế toán làm hết rồi. Qua truyền thông, báo chí thì thấy có sự đơn giản, dễ hiểu.",8,6,-2,"Chính sách mới được thực thi công bằng và khách quan. Mức thuế mới được cải thiện, phù hợp với thu nhập hiện tại của tôi.","Hiện mới chỉ nắm được người có tóc, chưa xử lý được những người nằm ngoài tầm kiểm soát hay khó quản lý. Chưa có chính sách khuyến khích người thu nhập cao chủ động khai báo thuế, minh bạch các nguồn thu.",8,7,-1,Mức thuế mới được xem là công bằng đối với thu nhập hiện tại của tôi. Nó giảm gánh nặng tài chính và tạo cảm giác minh bạch.,"Tương tự câu trên, mới nắm được người có tóc",7,5,-2,"Tôi tin rằng số tiền thuế đóng sẽ được sử dụng hiệu quả để cải thiện các dịch vụ công. Tuy nhiên, minh bạch chi tiết về việc sử dụng nguồn thu còn hạn chế.","Chưa “cảm nhận” được. Không biết tiền đi đâu, về đâu, làm gì. Vẫn thấy được nguồn thu được sử dụng nhưng vấn đề là chưa rõ ràng, chưa thấy hiệu quả, minh bạch.",7,8,1,"Nhà nước đã giải thích rõ ràng về mục tiêu và lý do của việc sửa đổi thuế. Tuy nhiên, cần tăng cường minh bạch hơn về việc sử dụng nguồn thu.","Đọc nhiều tin bài, hội thảo, truyền thông tốt, giải thích dễ hiểu.",8,8,0,"Chính sách mới có nhiều cải tiến, giảm gánh nặng thuế cho người dân. Tôi ủng hộ và tuân thủ chính sách mới.","Buộc phải tuân thủ nhưng kỳ vọng có chính sách bao trùm hơn. Chính sách mới có những nỗ lực điều chỉnh tích cực hơn nhưng vẫn chưa hướng tới được những người có thu nhập đáng lẽ chịu thuế phải tự động khai báo thay vì phải đi thanh tra, xử phạt. Phải có cơ chế thưởng phạt. Hiện tại chỉ dừng lại ở phạt, chưa có chính sách khuyến khích. "
5,3,445,Nữ,40 - 49,Thành thị,Đại học,Chính thức,182.29961663673186,2,9,8,-1,Việc tăng cường quản lý thuế và hệ thống hoá đơn điện tử sẽ giúp phát hiện hành vi gian lận hoặc trốn thuế nhanh chóng và hiệu quả.,"Khi cảm giác về gánh nặng thuế giảm sẽ khuyến khích người đóng thuế tích cực kê khai nộp thuế hơn. Hiện nay, cơ quan thuế cũng đang triển khai rất quyết liệt, nhanh và hiệu quả.",9,8,-1,Cơ quan thuế đã triển khai mạnh mẽ các giải pháp công nghệ để giám sát và xử lý các hành vi trốn thuế.,"Qua kinh nghiệm hệ thống hoá đơn điện tử từ VAT hay thuế DN thì làm rất hiệu quả. Hiện nay, cơ quan thuế cũng đang triển khai rất quyết liệt, nhanh và hiệu quả.",8,8,0,"Biểu thuế đơn giản hơn với ít bậc, giúp việc khai báo thuế dễ dàng hơn cho người dân.","Không khai báo trực tiếp nên không trả lời được chính xác. Do công ty đóng nên chưa nhiều trải nghiệm. Nghe qua một vài chia sẻ thì thấy tích cực, tốt. Tuy nhiên, trong quá khứ thì có trải nghiệm chưa tốt, dù hiện tại trải nghiệm tốt hơn từ chia sẻ bạn bè, người thân. Có sự cải tiến nhiều.",8,9,1,"Các bậc thuế mới đơn giản, dễ hiểu và dễ thực hiện hơn so với trước đây.","Có sự giãn cách giữa các bậc. Cơ bản cũng không quan tâm nhiều do nhân sự, kế toán làm hết rồi. Qua truyền thông, báo chí thì thấy có sự đơn giản, dễ hiểu.",9,6,-3,"Mức thuế mới được xem xét kỹ lưỡng, công bằng và khách quan đối với người dân có thu nhập như tôi.","Hiện mới chỉ nắm được người có tóc, chưa xử lý được những người nằm ngoài tầm kiểm soát hay khó quản lý. Chưa có chính sách khuyến khích người thu nhập cao chủ động khai báo thuế, minh bạch các nguồn thu.",9,7,-2,"Nhà nước đã cải thiện mức thuế theo thu nhập cá nhân, phù hợp với mức sống thực tế.","Tương tự câu trên, mới nắm được người có tóc",8,5,-3,"Thuế đóng góp vào việc cải thiện dịch vụ công, như y tế và giao thông, mang lại lợi ích cho cộng đồng.","Chưa “cảm nhận” được. Không biết tiền đi đâu, về đâu, làm gì. Vẫn thấy được nguồn thu được sử dụng nhưng vấn đề là chưa rõ ràng, chưa thấy hiệu quả, minh bạch.",8,8,0,Những giải thích về mục tiêu và lý do của chính sách mới đã giúp tôi hiểu rõ hơn.,"Đọc nhiều tin bài, hội thảo, truyền thông tốt, giải thích dễ hiểu.",9,8,-1,"Chính sách mới có lợi cho người dân như tôi, tăng thu nhập thực tế và giảm gánh nặng về thuế.","Buộc phải tuân thủ nhưng kỳ vọng có chính sách bao trùm hơn. Chính sách mới có những nỗ lực điều chỉnh tích cực hơn nhưng vẫn chưa hướng tới được những người có thu nhập đáng lẽ chịu thuế phải tự động khai báo thay vì phải đi thanh tra, xử phạt. Phải có cơ chế thưởng phạt. Hiện tại chỉ dừng lại ở phạt, chưa có chính sách khuyến khích. "
5,4,446,Nữ,40 - 49,Thành thị,Đại học,Chính thức,182.29961663673186,2,9,8,-1,"Quy định quản lý thuế hiện nay rất quyết liệt, nhanh và hiệu quả, giảm gánh nặng thuế nên tin rằng hành vi gian lận hoặc trốn thuế sẽ dễ dàng bị phát hiện và xử lý nghiêm.","Khi cảm giác về gánh nặng thuế giảm sẽ khuyến khích người đóng thuế tích cực kê khai nộp thuế hơn. Hiện nay, cơ quan thuế cũng đang triển khai rất quyết liệt, nhanh và hiệu quả.",9,8,-1,"Cơ quan thuế triển khai rất quyết liệt, nhanh và hiệu quả, công nghệ hiện đại giúp phát hiện, xử lý nghiêm các hành vi trốn thuế.","Qua kinh nghiệm hệ thống hoá đơn điện tử từ VAT hay thuế DN thì làm rất hiệu quả. Hiện nay, cơ quan thuế cũng đang triển khai rất quyết liệt, nhanh và hiệu quả.",8,8,0,"Thuật ngữ và quy trình đơn giản hơn, dễ thực hiện hơn so với trước, giảm bớt rào cản trong việc khai báo thuế.","Không khai báo trực tiếp nên không trả lời được chính xác. Do công ty đóng nên chưa nhiều trải nghiệm. Nghe qua một vài chia sẻ thì thấy tích cực, tốt. Tuy nhiên, trong quá khứ thì có trải nghiệm chưa tốt, dù hiện tại trải nghiệm tốt hơn từ chia sẻ bạn bè, người thân. Có sự cải tiến nhiều.",8,9,1,"Bậc thuế và cách tính thuế đơn giản, dễ hiểu hơn so với trước đây, thuận tiện cho người nộp thuế.","Có sự giãn cách giữa các bậc. Cơ bản cũng không quan tâm nhiều do nhân sự, kế toán làm hết rồi. Qua truyền thông, báo chí thì thấy có sự đơn giản, dễ hiểu.",9,6,-3,"Mức thuế giảm đáng kể, chính sách mới được giải thích rõ ràng, công bằng và minh bạch.","Hiện mới chỉ nắm được người có tóc, chưa xử lý được những người nằm ngoài tầm kiểm soát hay khó quản lý. Chưa có chính sách khuyến khích người thu nhập cao chủ động khai báo thuế, minh bạch các nguồn thu.",8,7,-1,"Thu nhập của tôi nằm trong nhóm chịu thuế 5 bậc, mức thuế mới được đánh giá là hợp lý.","Tương tự câu trên, mới nắm được người có tóc",8,5,-3,"Thuế đóng góp vào việc cải thiện dịch vụ công, như y tế, đường xá, giúp đời sống cộng đồng tốt hơn.","Chưa “cảm nhận” được. Không biết tiền đi đâu, về đâu, làm gì. Vẫn thấy được nguồn thu được sử dụng nhưng vấn đề là chưa rõ ràng, chưa thấy hiệu quả, minh bạch.",8,8,0,"Có nhiều thông tin giải thích rõ ràng về mục tiêu và lý do của việc sửa đổi thuế, tăng sự tin tưởng.","Đọc nhiều tin bài, hội thảo, truyền thông tốt, giải thích dễ hiểu.",9,8,-1,"Thuật ngữ và quy định mới đơn giản, dễ hiểu, giảm gánh nặng thuế nên ủng hộ và tuân thủ.","Buộc phải tuân thủ nhưng kỳ vọng có chính sách bao trùm hơn. Chính sách mới có những nỗ lực điều chỉnh tích cực hơn nhưng vẫn chưa hướng tới được những người có thu nhập đáng lẽ chịu thuế phải tự động khai báo thay vì phải đi thanh tra, xử phạt. Phải có cơ chế thưởng phạt. Hiện tại chỉ dừng lại ở phạt, chưa có chính sách khuyến khích. "
5,5,447,Nữ,40 - 49,Thành thị,Đại học,Chính thức,182.29961663673186,2,9,8,-1,"Cơ quan thuế đang triển khai quyết liệt các biện pháp kiểm soát thuế, việc tăng cường quản lý và công nghệ hóa giúp phát hiện gian lận thuế dễ dàng hơn. Thuế theo phương án mới giúp giảm gánh nặng thuế, tạo niềm tin cho người dân.","Khi cảm giác về gánh nặng thuế giảm sẽ khuyến khích người đóng thuế tích cực kê khai nộp thuế hơn. Hiện nay, cơ quan thuế cũng đang triển khai rất quyết liệt, nhanh và hiệu quả.",8,8,0,"Cơ quan thuế có đủ năng lực và công nghệ để phát hiện và xử lý nghiêm các hành vi trốn thuế. Phương án mới đơn giản hóa quy trình, giúp người dân dễ dàng tuân thủ.","Qua kinh nghiệm hệ thống hoá đơn điện tử từ VAT hay thuế DN thì làm rất hiệu quả. Hiện nay, cơ quan thuế cũng đang triển khai rất quyết liệt, nhanh và hiệu quả.",7,8,1,"So với trước đây, các quy trình khai thuế và làm việc với cơ quan thuế đã đơn giản hơn, dễ thực hiện và nhanh chóng hơn.","Không khai báo trực tiếp nên không trả lời được chính xác. Do công ty đóng nên chưa nhiều trải nghiệm. Nghe qua một vài chia sẻ thì thấy tích cực, tốt. Tuy nhiên, trong quá khứ thì có trải nghiệm chưa tốt, dù hiện tại trải nghiệm tốt hơn từ chia sẻ bạn bè, người thân. Có sự cải tiến nhiều.",8,9,1,"Biểu thuế mới có ít bậc hơn, dễ hiểu và dễ thực hiện hơn, tạo thuận lợi cho việc khai báo thuế.","Có sự giãn cách giữa các bậc. Cơ bản cũng không quan tâm nhiều do nhân sự, kế toán làm hết rồi. Qua truyền thông, báo chí thì thấy có sự đơn giản, dễ hiểu.",7,6,-1,"Chính sách mới tạo ra sự công bằng trong việc phân bổ thuế, giảm gánh nặng cho người dân có thu nhập thấp hơn.","Hiện mới chỉ nắm được người có tóc, chưa xử lý được những người nằm ngoài tầm kiểm soát hay khó quản lý. Chưa có chính sách khuyến khích người thu nhập cao chủ động khai báo thuế, minh bạch các nguồn thu.",8,7,-1,"Mức thuế mới theo phương án mới là hợp lý với thu nhập của tôi, tạo cảm giác công bằng trong việc đóng thuế.","Tương tự câu trên, mới nắm được người có tóc",7,5,-2,"Thuế tôi đóng sẽ được sử dụng hiệu quả để cải thiện dịch vụ công, tạo cảm giác rằng việc đóng thuế có ích cho xã hội.","Chưa “cảm nhận” được. Không biết tiền đi đâu, về đâu, làm gì. Vẫn thấy được nguồn thu được sử dụng nhưng vấn đề là chưa rõ ràng, chưa thấy hiệu quả, minh bạch.",7,8,1,"Nhà nước đã giải thích rõ ràng về mục tiêu của việc sửa đổi thuế lần này, tạo niềm tin cho người dân.","Đọc nhiều tin bài, hội thảo, truyền thông tốt, giải thích dễ hiểu.",9,8,-1,"Chính sách mới có lợi hơn cho người dân, giảm gánh nặng thuế và tạo cảm giác công bằng, do đó tôi sẽ ủng hộ và tuân thủ.","Buộc phải tuân thủ nhưng kỳ vọng có chính sách bao trùm hơn. Chính sách mới có những nỗ lực điều chỉnh tích cực hơn nhưng vẫn chưa hướng tới được những người có thu nhập đáng lẽ chịu thuế phải tự động khai báo thay vì phải đi thanh tra, xử phạt. Phải có cơ chế thưởng phạt. Hiện tại chỉ dừng lại ở phạt, chưa có chính sách khuyến khích. "
6,1,543,Nam,40 - 49,Thành thị,Sau Đại học,Phi chính thức,38.29364208346299,3,5,6,1,"Tôi vẫn lo ngại về khả năng thực thi, đặc biệt trong bối cảnh nhũng nhiễu và lợi ích nhóm. Mặc dù đã đơn giản hóa biểu thuế, nhưng thực tế vẫn còn nhiều khó khăn.","Bậc thuế và mức thuế này vẫn là quá cao, làm giảm động lực làm việc và tăng khả năng gian lận. Sự thay đổi không nhiều so với trước đây với những người có thu nhập cao.",6,7,1,Công nghệ có thể giúp nhưng thực thi vẫn cần sự cải cách mạnh mẽ hơn nữa để giảm thiểu gian lận.,"Nếu áp dụng công nghệ thì việc thực thi sẽ dễ dàng, không khó khăn. Tuy nhiên, trong quá trình thực thi, bằng nhiều cách thức, đối tượng có thể thoát được thuế, đặc biệt thông qua lạm dụng quyền và lợi ích nhóm, trong đó có lao động ở các cơ quan nhà nước có khả năng tự ra luật để mình được đặc quyền.  ",8,5,-3,Việc tăng giảm trừ gia cảnh và đơn giản hóa biểu thuế đã làm thủ tục dễ dàng hơn.,"Tôi thấy cơ quan thuế Quận 7 thật tệ. Ngoài ra, đang trong quá trình chuyển đổi, sáp nhập nên khâu thực thi, hỗ trợ người dân gặp nhiều khó khăn. Và còn có nhiều vấn đề tiêu cực, nhũng nhiễu, gây khó khăn cho người dân. Tuy nhiên, đây là trải nghiệm cá nhân ở một cơ quan, chưa thể đánh giá toàn bộ hệ thống nên nếu chấm điểm quá thấp thì sẽ không công bằng. Vì thế cho điểm trung bình.",9,8,-1,Bậc thuế ít hơn đã giúp việc tính toán và nộp thuế trở nên đơn giản hơn.,Đồng ý khi có sự thay đổi tốt hơn.,4,6,2,Tôi hy vọng chính phủ sẽ thực thi một cách công bằng nhưng thực tế còn nhiều yếu tố gây nghi ngờ.,Cái này là hy vọng thôi chứ trong giai đoạn nhiều chuyển đổi này thì tôi lo là sẽ nhiều khó khăn và phúc tạp ngoài mong đợi. Vẫn phải chờ đợi thêm.,5,3,-2,Mức thuế mới có thể hợp lý nhưng cần xem xét chi phí sống ở thành thị cao hơn.,"Mức và biểu thuế hiện vẫn quá cao, làm giảm động lực làm việc, đặc biệt của tầng lớp trung lưu, không phản ánh đúng với thực tế, mức sống của người dân. Ngoài ra, không phản ánh đúng theo từng vùng. Người dân ở các thành phố lớn có chi phí sống cao hơn nhưng vẫn phải đóng thuế giống với người dân ở các vùng có chi phí sống thấp hơn.",4,5,1,Tôi tin rằng thuế sẽ được sử dụng hiệu quả nhưng không có thông tin cụ thể về cách sử dụng.,"Tôi lo ngại về hiệu quả đầu tư công của Việt Nam từ xưa đến nay. Có những trải nghiệm không tốt, tiêu cực về các dự án, tài sản công bị thất thoát, lãng phí, tham nhũng. Người dân cũng không được tham gia phản biện vào các dự án lớn và không biết đồng thuế có sử dụng hiệu quả, đúng mục đích hay không. Tuy nhiên, so với các nước kém phát triển, nghèo đói khác thì vẫn có tín hiệu tích cực, tiền thuế vẫn được sử dụng chứ không quá tồi tệ. Sống thì buộc phải hy vọng thôi. ",5,5,0,Cải cách thuế đã được giải thích nhưng vẫn còn nhiều thắc mắc về cách thực hiện.,Có ai hỏi tôi về cải cách thuế này đâu. Vấn đề truyền thông còn hạn chế nên cho điểm trung bình. ,7,6,-1,Tôi đồng ý tuân thủ nhưng vẫn có những lo ngại về hiệu quả sử dụng thuế.,Tôi không ủng hộ lắm nhưng sẽ tuân thủ. Trừ 2 điểm thiết kế và trừ 2 điểm thực thi.
6,2,544,Nam,40 - 49,Thành thị,Sau Đại học,Phi chính thức,38.29364208346299,3,4,6,2,"Với sự thay đổi về thuế, tôi lo ngại rằng hành vi gian lận vẫn sẽ tồn tại do sự phức tạp của quy định. Công nghệ có thể giúp nhưng không loại bỏ hoàn toàn khả năng trốn thuế.","Bậc thuế và mức thuế này vẫn là quá cao, làm giảm động lực làm việc và tăng khả năng gian lận. Sự thay đổi không nhiều so với trước đây với những người có thu nhập cao.",5,7,2,"Cơ quan thuế có thể cải thiện công nghệ và quy định nhưng vẫn gặp khó khăn trong việc phát hiện và xử lý hành vi trốn thuế, đặc biệt là từ các đối tượng có quyền lợi.","Nếu áp dụng công nghệ thì việc thực thi sẽ dễ dàng, không khó khăn. Tuy nhiên, trong quá trình thực thi, bằng nhiều cách thức, đối tượng có thể thoát được thuế, đặc biệt thông qua lạm dụng quyền và lợi ích nhóm, trong đó có lao động ở các cơ quan nhà nước có khả năng tự ra luật để mình được đặc quyền.  ",6,5,-1,"Các quy trình khai thuế có thể đơn giản hơn nhưng việc chuyển đổi từ luật cũ sang mới khiến cho người dân gặp khó khăn, đặc biệt là đối với những người không am hiểu về thuế.","Tôi thấy cơ quan thuế Quận 7 thật tệ. Ngoài ra, đang trong quá trình chuyển đổi, sáp nhập nên khâu thực thi, hỗ trợ người dân gặp nhiều khó khăn. Và còn có nhiều vấn đề tiêu cực, nhũng nhiễu, gây khó khăn cho người dân. Tuy nhiên, đây là trải nghiệm cá nhân ở một cơ quan, chưa thể đánh giá toàn bộ hệ thống nên nếu chấm điểm quá thấp thì sẽ không công bằng. Vì thế cho điểm trung bình.",7,8,1,Biểu thuế mới đơn giản hơn nhưng việc tăng mức giảm trừ gia cảnh và thay đổi bậc thuế suất có thể gây ra sự không ổn định và khó hiểu cho người dân.,Đồng ý khi có sự thay đổi tốt hơn.,6,6,0,Tôi hy vọng rằng cơ quan thuế sẽ thực thi công bằng nhưng vẫn lo ngại về khả năng thực hiện công việc này một cách công bằng và khách quan.,Cái này là hy vọng thôi chứ trong giai đoạn nhiều chuyển đổi này thì tôi lo là sẽ nhiều khó khăn và phúc tạp ngoài mong đợi. Vẫn phải chờ đợi thêm.,5,3,-2,Mức thuế mới có thể công bằng hơn nhưng vẫn không phản ánh đúng mức sống của người dân ở thành thị và vùng nông thôn.,"Mức và biểu thuế hiện vẫn quá cao, làm giảm động lực làm việc, đặc biệt của tầng lớp trung lưu, không phản ánh đúng với thực tế, mức sống của người dân. Ngoài ra, không phản ánh đúng theo từng vùng. Người dân ở các thành phố lớn có chi phí sống cao hơn nhưng vẫn phải đóng thuế giống với người dân ở các vùng có chi phí sống thấp hơn.",6,5,-1,Tôi tin rằng số tiền thuế đóng sẽ được sử dụng hiệu quả nhưng vẫn lo ngại về hiệu quả đầu tư công và việc tiêu cực trong quản lý tài chính công.,"Tôi lo ngại về hiệu quả đầu tư công của Việt Nam từ xưa đến nay. Có những trải nghiệm không tốt, tiêu cực về các dự án, tài sản công bị thất thoát, lãng phí, tham nhũng. Người dân cũng không được tham gia phản biện vào các dự án lớn và không biết đồng thuế có sử dụng hiệu quả, đúng mục đích hay không. Tuy nhiên, so với các nước kém phát triển, nghèo đói khác thì vẫn có tín hiệu tích cực, tiền thuế vẫn được sử dụng chứ không quá tồi tệ. Sống thì buộc phải hy vọng thôi. ",4,5,1,Cơ quan thuế đã giải thích một cách tổng quan nhưng vẫn chưa rõ ràng về mục tiêu cụ thể và cách thực hiện cải cách thuế.,Có ai hỏi tôi về cải cách thuế này đâu. Vấn đề truyền thông còn hạn chế nên cho điểm trung bình. ,6,6,0,Tôi sẽ tuân thủ chính sách mới nhưng vẫn giữ thái độ thận trọng và không ủng hộ mạnh mẽ vì các hạn chế về thực thi và sự phức tạp của quy định.,Tôi không ủng hộ lắm nhưng sẽ tuân thủ. Trừ 2 điểm thiết kế và trừ 2 điểm thực thi.
6,3,545,Nam,40 - 49,Thành thị,Sau Đại học,Phi chính thức,38.29364208346299,3,5,6,1,"Bậc thuế và mức thuế này vẫn là quá cao, làm giảm động lực làm việc và tăng khả năng gian lận. Sự thay đổi không nhiều so với trước đây với những người có thu nhập cao; tuy nhiên, nếu áp dụng công nghệ thì việc thực thi sẽ dễ dàng, không khó khăn. Tuy nhiên, trong quá trình thực thi, bằng nhiều cách thức, đối tượng có thể thoát được thuế, đặc biệt thông qua lạm dụng quyền và lợi ích nhóm, trong đó có lao động ở các cơ quan nhà nước có khả năng tự ra luật để mình được đặc quyền.","Bậc thuế và mức thuế này vẫn là quá cao, làm giảm động lực làm việc và tăng khả năng gian lận. Sự thay đổi không nhiều so với trước đây với những người có thu nhập cao.",4,7,3,"Tôi thấy cơ quan thuế Quận 7 thật tệ. Ngoài ra, đang trong quá trình chuyển đổi, sáp nhập nên khâu thực thi, hỗ trợ người dân gặp nhiều khó khăn. Và còn có nhiều vấn đề tiêu cực, nhũng nhiễu, gây khó khăn cho người dân. Tuy nhiên, đây là trải nghiệm cá nhân ở một cơ quan, chưa thể đánh giá toàn bộ hệ thống nên nếu chấm điểm quá thấp thì sẽ không công bằng. Vì thế cho điểm trung bình.","Nếu áp dụng công nghệ thì việc thực thi sẽ dễ dàng, không khó khăn. Tuy nhiên, trong quá trình thực thi, bằng nhiều cách thức, đối tượng có thể thoát được thuế, đặc biệt thông qua lạm dụng quyền và lợi ích nhóm, trong đó có lao động ở các cơ quan nhà nước có khả năng tự ra luật để mình được đặc quyền.  ",7,5,-2,Đồng ý khi có sự thay đổi tốt hơn.,"Tôi thấy cơ quan thuế Quận 7 thật tệ. Ngoài ra, đang trong quá trình chuyển đổi, sáp nhập nên khâu thực thi, hỗ trợ người dân gặp nhiều khó khăn. Và còn có nhiều vấn đề tiêu cực, nhũng nhiễu, gây khó khăn cho người dân. Tuy nhiên, đây là trải nghiệm cá nhân ở một cơ quan, chưa thể đánh giá toàn bộ hệ thống nên nếu chấm điểm quá thấp thì sẽ không công bằng. Vì thế cho điểm trung bình.",8,8,0,"So với trước đây, tôi thấy cách tính thuế và các bậc thuế trong phương án mới đơn giản, dễ hiểu và dễ thực hiện hơn.",Đồng ý khi có sự thay đổi tốt hơn.,9,6,-3,"Tôi tin rằng Nhà nước, cơ quan thuế sẽ thực thi chính sách mới một cách khách quan, công tâm và đối xử bình đẳng với mọi người nộp thuế.",Cái này là hy vọng thôi chứ trong giai đoạn nhiều chuyển đổi này thì tôi lo là sẽ nhiều khó khăn và phúc tạp ngoài mong đợi. Vẫn phải chờ đợi thêm.,9,3,-6,Tôi thấy mức thuế tôi phải đóng theo phương án mới là công bằng (người thu nhập như tôi đóng mức này là hợp lý).,"Mức và biểu thuế hiện vẫn quá cao, làm giảm động lực làm việc, đặc biệt của tầng lớp trung lưu, không phản ánh đúng với thực tế, mức sống của người dân. Ngoài ra, không phản ánh đúng theo từng vùng. Người dân ở các thành phố lớn có chi phí sống cao hơn nhưng vẫn phải đóng thuế giống với người dân ở các vùng có chi phí sống thấp hơn.",8,5,-3,"Tôi tin tưởng số tiền thuế tôi đóng sẽ được Nhà nước sử dụng hiệu quả để cải thiện dịch vụ công (y tế, đường xá...).","Tôi lo ngại về hiệu quả đầu tư công của Việt Nam từ xưa đến nay. Có những trải nghiệm không tốt, tiêu cực về các dự án, tài sản công bị thất thoát, lãng phí, tham nhũng. Người dân cũng không được tham gia phản biện vào các dự án lớn và không biết đồng thuế có sử dụng hiệu quả, đúng mục đích hay không. Tuy nhiên, so với các nước kém phát triển, nghèo đói khác thì vẫn có tín hiệu tích cực, tiền thuế vẫn được sử dụng chứ không quá tồi tệ. Sống thì buộc phải hy vọng thôi. ",8,5,-3,"Tôi thấy Nhà nước đã giải thích rõ ràng, minh bạch về lý do và mục tiêu của việc sửa đổi thuế lần này.",Có ai hỏi tôi về cải cách thuế này đâu. Vấn đề truyền thông còn hạn chế nên cho điểm trung bình. ,6,6,0,Tôi không ủng hộ lắm nhưng sẽ tuân thủ. Trừ 2 điểm thiết kế và trừ 2 điểm thực thi.,Tôi không ủng hộ lắm nhưng sẽ tuân thủ. Trừ 2 điểm thiết kế và trừ 2 điểm thực thi.
6,4,546,Nam,40 - 49,Thành thị,Sau Đại học,Phi chính thức,38.29364208346299,3,4,6,2,"Bậc thuế và mức thuế vẫn là quá cao, làm giảm động lực làm việc và tăng khả năng gian lận. Sự thay đổi không nhiều so với trước đây với những người có thu nhập cao.","Bậc thuế và mức thuế này vẫn là quá cao, làm giảm động lực làm việc và tăng khả năng gian lận. Sự thay đổi không nhiều so với trước đây với những người có thu nhập cao.",4,7,3,"Nếu áp dụng công nghệ thì việc thực thi sẽ dễ dàng, không khó khăn. Tuy nhiên, trong quá trình thực thi, bằng nhiều cách thức, đối tượng có thể thoát được thuế, đặc biệt thông qua lạm dụng quyền và lợi ích nhóm, trong đó có lao động ở các cơ quan nhà nước có khả năng tự ra luật để mình được đặc quyền.","Nếu áp dụng công nghệ thì việc thực thi sẽ dễ dàng, không khó khăn. Tuy nhiên, trong quá trình thực thi, bằng nhiều cách thức, đối tượng có thể thoát được thuế, đặc biệt thông qua lạm dụng quyền và lợi ích nhóm, trong đó có lao động ở các cơ quan nhà nước có khả năng tự ra luật để mình được đặc quyền.  ",7,5,-2,"So với trước đây, các thủ tục khai báo thuế và quy trình làm việc với cơ quan thuế đơn giản, tiện lợi hơn. Tuy nhiên, việc chuyển đổi và sáp nhập vẫn gây nhiều khó khăn cho người dân.","Tôi thấy cơ quan thuế Quận 7 thật tệ. Ngoài ra, đang trong quá trình chuyển đổi, sáp nhập nên khâu thực thi, hỗ trợ người dân gặp nhiều khó khăn. Và còn có nhiều vấn đề tiêu cực, nhũng nhiễu, gây khó khăn cho người dân. Tuy nhiên, đây là trải nghiệm cá nhân ở một cơ quan, chưa thể đánh giá toàn bộ hệ thống nên nếu chấm điểm quá thấp thì sẽ không công bằng. Vì thế cho điểm trung bình.",8,8,0,"Biểu thuế mới đơn giản, dễ hiểu và dễ thực hiện hơn so với trước đây.",Đồng ý khi có sự thay đổi tốt hơn.,5,6,1,"Tôi lo ngại về hiệu quả đầu tư công của Việt Nam từ xưa đến nay. Có những trải nghiệm không tốt, tiêu cực về các dự án, tài sản công bị thất thoát, lãng phí, tham nhũng. Người dân cũng không được tham gia phản biện vào các dự án lớn và không biết đồng thuế có sử dụng hiệu quả, đúng mục đích hay không. Tuy nhiên, so với các nước kém phát triển, nghèo đói khác thì vẫn có tín hiệu tích cực, tiền thuế vẫn được sử dụng chứ không quá tồi tệ.",Cái này là hy vọng thôi chứ trong giai đoạn nhiều chuyển đổi này thì tôi lo là sẽ nhiều khó khăn và phúc tạp ngoài mong đợi. Vẫn phải chờ đợi thêm.,4,3,-1,"Mức và biểu thuế hiện vẫn quá cao, làm giảm động lực làm việc, đặc biệt của tầng lớp trung lưu, không phản ánh đúng với thực tế, mức sống của người dân. Ngoài ra, không phản ánh đúng theo từng vùng. Người dân ở các thành phố lớn có chi phí sống cao hơn nhưng vẫn phải đóng thuế giống với người dân ở các vùng có chi phí sống thấp hơn.","Mức và biểu thuế hiện vẫn quá cao, làm giảm động lực làm việc, đặc biệt của tầng lớp trung lưu, không phản ánh đúng với thực tế, mức sống của người dân. Ngoài ra, không phản ánh đúng theo từng vùng. Người dân ở các thành phố lớn có chi phí sống cao hơn nhưng vẫn phải đóng thuế giống với người dân ở các vùng có chi phí sống thấp hơn.",6,5,-1,"Tôi tin rằng số tiền thuế tôi đóng sẽ được Nhà nước sử dụng hiệu quả để cải thiện dịch vụ công (y tế, đường xá...). Tuy nhiên, do nhiều trải nghiệm không tốt về đầu tư công trong quá khứ, tôi vẫn có một số lo ngại.","Tôi lo ngại về hiệu quả đầu tư công của Việt Nam từ xưa đến nay. Có những trải nghiệm không tốt, tiêu cực về các dự án, tài sản công bị thất thoát, lãng phí, tham nhũng. Người dân cũng không được tham gia phản biện vào các dự án lớn và không biết đồng thuế có sử dụng hiệu quả, đúng mục đích hay không. Tuy nhiên, so với các nước kém phát triển, nghèo đói khác thì vẫn có tín hiệu tích cực, tiền thuế vẫn được sử dụng chứ không quá tồi tệ. Sống thì buộc phải hy vọng thôi. ",7,5,-2,"Chính phủ đã giải thích rõ ràng, minh bạch về lý do và mục tiêu của việc sửa đổi thuế lần này. Tuy nhiên, do sự phức tạp và chưa rõ ràng về hiệu quả sử dụng thuế, tôi không hoàn toàn tin tưởng.",Có ai hỏi tôi về cải cách thuế này đâu. Vấn đề truyền thông còn hạn chế nên cho điểm trung bình. ,6,6,0,Tôi không ủng hộ lắm nhưng sẽ tuân thủ. Trừ 2 điểm thiết kế và trừ 2 điểm thực thi.,Tôi không ủng hộ lắm nhưng sẽ tuân thủ. Trừ 2 điểm thiết kế và trừ 2 điểm thực thi.
6,5,547,Nam,40 - 49,Thành thị,Sau Đại học,Phi chính thức,38.29364208346299,3,6,6,0,"Công nghệ hiện đại có thể giúp phát hiện gian lận, nhưng hiện vẫn có nhiều nhũng nhiễu, đặc biệt trong các cơ quan nhà nước. ","Bậc thuế và mức thuế này vẫn là quá cao, làm giảm động lực làm việc và tăng khả năng gian lận. Sự thay đổi không nhiều so với trước đây với những người có thu nhập cao.",6,7,1,"Nhà nước và cơ quan thuế có công nghệ và nguồn lực để thực thi, nhưng việc thực thi còn gặp nhiều khó khăn do các yếu tố như tiêu cực và quyền lợi nhóm. ","Nếu áp dụng công nghệ thì việc thực thi sẽ dễ dàng, không khó khăn. Tuy nhiên, trong quá trình thực thi, bằng nhiều cách thức, đối tượng có thể thoát được thuế, đặc biệt thông qua lạm dụng quyền và lợi ích nhóm, trong đó có lao động ở các cơ quan nhà nước có khả năng tự ra luật để mình được đặc quyền.  ",7,5,-2,"So với trước đây, quy trình đơn giản hơn, nhưng vẫn cần cải thiện nhiều để tạo thuận lợi cho người dân. ","Tôi thấy cơ quan thuế Quận 7 thật tệ. Ngoài ra, đang trong quá trình chuyển đổi, sáp nhập nên khâu thực thi, hỗ trợ người dân gặp nhiều khó khăn. Và còn có nhiều vấn đề tiêu cực, nhũng nhiễu, gây khó khăn cho người dân. Tuy nhiên, đây là trải nghiệm cá nhân ở một cơ quan, chưa thể đánh giá toàn bộ hệ thống nên nếu chấm điểm quá thấp thì sẽ không công bằng. Vì thế cho điểm trung bình.",8,8,0,"Biểu thuế đơn giản hơn, dễ hiểu, nhưng vẫn có thể phức tạp với những người không chuyên về thuế. ",Đồng ý khi có sự thay đổi tốt hơn.,6,6,0,"Tôi tin rằng cơ quan thuế sẽ cố gắng thực thi công bằng, nhưng vẫn lo ngại về tiêu cực trong thực thi. ",Cái này là hy vọng thôi chứ trong giai đoạn nhiều chuyển đổi này thì tôi lo là sẽ nhiều khó khăn và phúc tạp ngoài mong đợi. Vẫn phải chờ đợi thêm.,6,3,-3,"Mức thuế mới có thể công bằng hơn, nhưng vẫn lo ngại về việc không phản ánh đúng chi phí sống ở các thành phố lớn. ","Mức và biểu thuế hiện vẫn quá cao, làm giảm động lực làm việc, đặc biệt của tầng lớp trung lưu, không phản ánh đúng với thực tế, mức sống của người dân. Ngoài ra, không phản ánh đúng theo từng vùng. Người dân ở các thành phố lớn có chi phí sống cao hơn nhưng vẫn phải đóng thuế giống với người dân ở các vùng có chi phí sống thấp hơn.",6,5,-1,"Tất cả thuế đều nhằm mục đích cải thiện chất lượng cuộc sống, nhưng tôi không chắc chắn về việc sử dụng hiệu quả. ","Tôi lo ngại về hiệu quả đầu tư công của Việt Nam từ xưa đến nay. Có những trải nghiệm không tốt, tiêu cực về các dự án, tài sản công bị thất thoát, lãng phí, tham nhũng. Người dân cũng không được tham gia phản biện vào các dự án lớn và không biết đồng thuế có sử dụng hiệu quả, đúng mục đích hay không. Tuy nhiên, so với các nước kém phát triển, nghèo đói khác thì vẫn có tín hiệu tích cực, tiền thuế vẫn được sử dụng chứ không quá tồi tệ. Sống thì buộc phải hy vọng thôi. ",6,5,-1,"Cơ quan thuế đã giải thích rõ ràng mục tiêu, nhưng vẫn chưa có thông tin đầy đủ về chi tiết thực thi. ",Có ai hỏi tôi về cải cách thuế này đâu. Vấn đề truyền thông còn hạn chế nên cho điểm trung bình. ,7,6,-1,"Tác động tài chính tích cực, nhưng vẫn lo ngại về thực thi và hiệu quả sử dụng thuế. ",Tôi không ủng hộ lắm nhưng sẽ tuân thủ. Trừ 2 điểm thiết kế và trừ 2 điểm thực thi.
7,1,643,Nữ,40 - 49,Thành thị,Sau Đại học,Chính thức,38.943547522929016,2,7,6,-1,"Công nghệ và quy định quản lý thuế đã cải thiện nhưng vẫn cần minh bạch thu nhập để phát hiện gian lận, trốn thuế.","Cần thêm thu nhập của tổ chức/cá nhân chịu thuế phải rõ ràng, minh bạch. Để phát hiện được hành vi gian lận, trốn thuế thì phải đi từ đầu vào là đo kiểm được thu nhập của tổ chức/cá nhân - nó giải thích cho niềm tin không cao vì lý do này.",7,7,0,Nhà nước có công nghệ và khả năng xử lý thuế tốt hơn nhưng vẫn chưa hoàn toàn phát hiện được gian lận.,Tôi chỉ nhận định chủ quan trên cơ sở nhà nước đã thu được thuế gia tăng trong thời gian gần đây,6,7,1,Quy trình khai thuế và thủ tục đơn giản hơn nhưng vẫn phức tạp đối với tổ chức.,Thủ tục hoàn thuế đơn giản hơn ,9,7,-2,"Biểu thuế đơn giản hơn, dễ hiểu, phù hợp với thực tế thu nhập của tôi.","Đối với cá nhân tôi thi tôi cảm thấy có đơn giản hơn, tuy nhiên với tổ chức khi phải hỗ trợ ưu đãi thuế cho những cá nhân thuộc đối tượng miễn giảm (nhà khoa hoc, nghiên cứu,...) thì vẫn còn sự phức tạp trong kê khai (thông tin này được nghe phản ánh lại từ bộ phận hỗ trợ thuế)",8,8,0,"Niềm tin vào sự công bằng trong việc áp dụng chính sách thuế mới, dù chưa hoàn toàn minh bạch.",Niềm tin cá nhân đối với chính sách của nhà nước,9,5,-4,"Thuế mới được điều chỉnh phù hợp với thu nhập của tôi, cảm thấy công bằng.","Mức giảm trừ gia cảnh nên được điều chỉnh theo khu vực sinh sống, phù hợp hơn với thực tế.",8,5,-3,"Tiết kiệm được tiền thuế, tin tưởng số tiền đóng sẽ được sử dụng hiệu quả.",Nhà nước cần công khai minh bạch dữ liệu thu thuế và đầu tư công tùy theo thẩm quyền quản lý để người dân được biết và giám sát theo quy định pháp luật. Thường thì chọn trung bình là mức trung tính trong những vấn đề còn băn khoăn,7,7,0,"Trải nghiệm cá nhân cho thấy giải thích về chính sách mới rõ ràng hơn, nhưng vẫn cần công khai hơn.",Cảm nhận cá nhân. Cảm thấy truyền thông về thuế TNCN trong thời gian qua có tốt hơn.,10,8,-2,"Chính sách mới có lợi cho tôi, ủng hộ việc tuân thủ.",Trách nhiệm công dân nên ủng hộ.
7,2,644,Nữ,40 - 49,Thành thị,Sau Đại học,Chính thức,38.943547522929016,2,6,6,0,"Tôi không hoàn toàn tin rằng hành vi gian lận hoặc trốn thuế sẽ dễ dàng bị phát hiện và xử lý nghiêm. Việc đo kiểm thu nhập cá nhân vẫn chưa hoàn toàn minh bạch. Tuy nhiên, mức thuế giảm có thể tăng niềm tin vào hệ thống.","Cần thêm thu nhập của tổ chức/cá nhân chịu thuế phải rõ ràng, minh bạch. Để phát hiện được hành vi gian lận, trốn thuế thì phải đi từ đầu vào là đo kiểm được thu nhập của tổ chức/cá nhân - nó giải thích cho niềm tin không cao vì lý do này.",5,7,2,"Nhà nước và cơ quan thuế có thể đã cải thiện khả năng phát hiện và xử lý thuế, nhưng tôi vẫn có một số băn khoăn về độ minh bạch.",Tôi chỉ nhận định chủ quan trên cơ sở nhà nước đã thu được thuế gia tăng trong thời gian gần đây,7,7,0,"Thủ tục khai báo thuế và quy trình làm việc với cơ quan thuế đã đơn giản hơn, nhưng vẫn còn một số phức tạp khi phải hỗ trợ ưu đãi thuế cho những cá nhân thuộc đối tượng miễn giảm.",Thủ tục hoàn thuế đơn giản hơn ,8,7,-1,"Bậc thuế mới đơn giản và dễ hiểu hơn, nhưng cần thêm thời gian để thích ứng.","Đối với cá nhân tôi thi tôi cảm thấy có đơn giản hơn, tuy nhiên với tổ chức khi phải hỗ trợ ưu đãi thuế cho những cá nhân thuộc đối tượng miễn giảm (nhà khoa hoc, nghiên cứu,...) thì vẫn còn sự phức tạp trong kê khai (thông tin này được nghe phản ánh lại từ bộ phận hỗ trợ thuế)",6,8,2,"Tôi tin Nhà nước sẽ thực thi chính sách một cách khách quan, nhưng mức độ công bằng của thuế mới vẫn còn cần xem xét.",Niềm tin cá nhân đối với chính sách của nhà nước,7,5,-2,"Mức thuế mới phù hợp với thu nhập của tôi, nhưng cần điều chỉnh thêm về mức giảm trừ gia cảnh theo khu vực.","Mức giảm trừ gia cảnh nên được điều chỉnh theo khu vực sinh sống, phù hợp hơn với thực tế.",6,5,-1,"Tôi tin rằng số tiền thuế đóng sẽ được sử dụng hiệu quả, nhưng cần minh bạch hơn về cách sử dụng.",Nhà nước cần công khai minh bạch dữ liệu thu thuế và đầu tư công tùy theo thẩm quyền quản lý để người dân được biết và giám sát theo quy định pháp luật. Thường thì chọn trung bình là mức trung tính trong những vấn đề còn băn khoăn,7,7,0,"Nhà nước đã giải thích rõ ràng về mục tiêu của việc sửa đổi thuế, nhưng có thể cần thêm thông tin về quy trình thực thi.",Cảm nhận cá nhân. Cảm thấy truyền thông về thuế TNCN trong thời gian qua có tốt hơn.,9,8,-1,"Chính sách mới tăng thu nhập thực tế và đơn giản hóa thuế, tôi sẽ ủng hộ.",Trách nhiệm công dân nên ủng hộ.
7,3,645,Nữ,40 - 49,Thành thị,Sau Đại học,Chính thức,38.943547522929016,2,6,6,0,"Tôi không hoàn toàn tin tưởng vào khả năng phát hiện trốn thuế hiện nay vì chưa rõ quy trình quản lý thu nhập của cá nhân/cơ sở. Tuy nhiên, mức thuế giảm có thể làm tăng sự tin tưởng vào sự công bằng của chính sách.","Cần thêm thu nhập của tổ chức/cá nhân chịu thuế phải rõ ràng, minh bạch. Để phát hiện được hành vi gian lận, trốn thuế thì phải đi từ đầu vào là đo kiểm được thu nhập của tổ chức/cá nhân - nó giải thích cho niềm tin không cao vì lý do này.",7,7,0,"Ngoài việc giảm thuế, việc đơn giản hóa biểu thuế và tăng giảm trừ gia cảnh cũng giúp tăng niềm tin vào khả năng quản lý thuế của nhà nước.",Tôi chỉ nhận định chủ quan trên cơ sở nhà nước đã thu được thuế gia tăng trong thời gian gần đây,9,7,-2,"Thủ tục khai thuế và tính thuế đã đơn giản hơn so với trước đây, giảm bớt gánh nặng cho cá nhân và doanh nghiệp.",Thủ tục hoàn thuế đơn giản hơn ,8,7,-1,"Bậc thuế mới rõ ràng hơn, dễ hiểu và dễ thực hiện hơn, giúp người dân dễ dàng tuân thủ.","Đối với cá nhân tôi thi tôi cảm thấy có đơn giản hơn, tuy nhiên với tổ chức khi phải hỗ trợ ưu đãi thuế cho những cá nhân thuộc đối tượng miễn giảm (nhà khoa hoc, nghiên cứu,...) thì vẫn còn sự phức tạp trong kê khai (thông tin này được nghe phản ánh lại từ bộ phận hỗ trợ thuế)",8,8,0,"Tôi tin rằng nhà nước sẽ thực thi chính sách công bằng với mọi người nộp thuế, đặc biệt khi mức thuế đã được điều chỉnh phù hợp.",Niềm tin cá nhân đối với chính sách của nhà nước,9,5,-4,"Mức thuế mới phù hợp với thu nhập của tôi và người phụ thuộc, giúp giảm gánh nặng tài chính.","Mức giảm trừ gia cảnh nên được điều chỉnh theo khu vực sinh sống, phù hợp hơn với thực tế.",8,5,-3,"Niềm tin vào việc sử dụng tiền thuế cho lợi ích công cộng đã tăng lên, đặc biệt khi mức thuế giảm.",Nhà nước cần công khai minh bạch dữ liệu thu thuế và đầu tư công tùy theo thẩm quyền quản lý để người dân được biết và giám sát theo quy định pháp luật. Thường thì chọn trung bình là mức trung tính trong những vấn đề còn băn khoăn,9,7,-2,"Nhà nước đã giải thích rõ ràng về mục tiêu và lý do của việc sửa đổi thuế, tạo sự công bằng và minh bạch.",Cảm nhận cá nhân. Cảm thấy truyền thông về thuế TNCN trong thời gian qua có tốt hơn.,9,8,-1,"Chính sách mới giúp giảm gánh nặng tài chính, tăng sự công bằng và minh bạch, tôi ủng hộ.",Trách nhiệm công dân nên ủng hộ.
7,4,646,Nữ,40 - 49,Thành thị,Sau Đại học,Chính thức,38.943547522929016,2,7,6,-1,"Dựa trên thực tế, tôi thấy mức thuế tôi phải đóng thấp hơn và có thêm mức giảm trừ gia cảnh, tuy nhiên vẫn cần thêm minh bạch về thu nhập của tổ chức/cá nhân để phát hiện gian lận.","Cần thêm thu nhập của tổ chức/cá nhân chịu thuế phải rõ ràng, minh bạch. Để phát hiện được hành vi gian lận, trốn thuế thì phải đi từ đầu vào là đo kiểm được thu nhập của tổ chức/cá nhân - nó giải thích cho niềm tin không cao vì lý do này.",7,7,0,"Công nghệ ngày càng phát triển, cơ quan thuế cũng có nhiều công cụ để phát hiện gian lận, nhưng vẫn cần cải thiện.",Tôi chỉ nhận định chủ quan trên cơ sở nhà nước đã thu được thuế gia tăng trong thời gian gần đây,8,7,-1,"Các quy trình làm việc và khai báo thuế đã đơn giản hơn, nhưng vẫn còn một số khó khăn với tổ chức.",Thủ tục hoàn thuế đơn giản hơn ,8,7,-1,"Bậc thuế mới đơn giản hơn, dễ hiểu, nhưng vẫn cần thêm hướng dẫn chi tiết.","Đối với cá nhân tôi thi tôi cảm thấy có đơn giản hơn, tuy nhiên với tổ chức khi phải hỗ trợ ưu đãi thuế cho những cá nhân thuộc đối tượng miễn giảm (nhà khoa hoc, nghiên cứu,...) thì vẫn còn sự phức tạp trong kê khai (thông tin này được nghe phản ánh lại từ bộ phận hỗ trợ thuế)",7,8,1,"Niềm tin vào chính sách mới tăng lên, nhưng vẫn cần công khai minh bạch hơn về việc sử dụng nguồn thuế.",Niềm tin cá nhân đối với chính sách của nhà nước,7,5,-2,"Mức thuế mới đối với thu nhập của tôi là hợp lý, nhưng cần điều chỉnh theo khu vực sinh sống.","Mức giảm trừ gia cảnh nên được điều chỉnh theo khu vực sinh sống, phù hợp hơn với thực tế.",7,5,-2,"Tôi tin số tiền thuế đóng sẽ được sử dụng hiệu quả cho dịch vụ công, nhưng cần minh bạch hơn.",Nhà nước cần công khai minh bạch dữ liệu thu thuế và đầu tư công tùy theo thẩm quyền quản lý để người dân được biết và giám sát theo quy định pháp luật. Thường thì chọn trung bình là mức trung tính trong những vấn đề còn băn khoăn,7,7,0,"Nhà nước đã giải thích rõ về mục tiêu cải cách, nhưng cần tăng cường minh bạch về việc sử dụng nguồn thuế.",Cảm nhận cá nhân. Cảm thấy truyền thông về thuế TNCN trong thời gian qua có tốt hơn.,9,8,-1,"Thu nhập của tôi tăng lên và thuế giảm, nên tôi ủng hộ và tuân thủ chính sách mới.",Trách nhiệm công dân nên ủng hộ.
7,5,647,Nữ,40 - 49,Thành thị,Sau Đại học,Chính thức,38.943547522929016,2,7,6,-1,"Cần thêm thông tin về thu nhập cá nhân để phát hiện gian lận, nhưng với mức thuế giảm và minh bạch hơn, tôi tin rằng việc phát hiện gian lận sẽ dễ dàng hơn.","Cần thêm thu nhập của tổ chức/cá nhân chịu thuế phải rõ ràng, minh bạch. Để phát hiện được hành vi gian lận, trốn thuế thì phải đi từ đầu vào là đo kiểm được thu nhập của tổ chức/cá nhân - nó giải thích cho niềm tin không cao vì lý do này.",6,7,1,"Nhà nước đã cải thiện khả năng phát hiện gian lận, nhưng vẫn cần thêm công nghệ và quy định quản lý rõ ràng.",Tôi chỉ nhận định chủ quan trên cơ sở nhà nước đã thu được thuế gia tăng trong thời gian gần đây,8,7,-1,"Quy trình khai thuế và thuế suất đơn giản hơn, dễ hiểu hơn, nhưng vẫn có sự phức tạp khi phải kê khai cho người phụ thuộc.",Thủ tục hoàn thuế đơn giản hơn ,8,7,-1,"Bậc thuế ít hơn và đơn giản hơn, dễ thực hiện hơn, nhưng vẫn cần thêm hướng dẫn để tránh sai sót.","Đối với cá nhân tôi thi tôi cảm thấy có đơn giản hơn, tuy nhiên với tổ chức khi phải hỗ trợ ưu đãi thuế cho những cá nhân thuộc đối tượng miễn giảm (nhà khoa hoc, nghiên cứu,...) thì vẫn còn sự phức tạp trong kê khai (thông tin này được nghe phản ánh lại từ bộ phận hỗ trợ thuế)",9,8,-1,"Công bằng trong việc giảm trừ gia cảnh, tôi đồng ý với mức thuế mới.",Niềm tin cá nhân đối với chính sách của nhà nước,9,5,-4,"Thuế mới phù hợp với thu nhập của tôi, tôi thấy công bằng.","Mức giảm trừ gia cảnh nên được điều chỉnh theo khu vực sinh sống, phù hợp hơn với thực tế.",9,5,-4,"Thuế mới được sử dụng để cải thiện dịch vụ công, tôi tin rằng tiền thuế của tôi đóng góp vào việc này.",Nhà nước cần công khai minh bạch dữ liệu thu thuế và đầu tư công tùy theo thẩm quyền quản lý để người dân được biết và giám sát theo quy định pháp luật. Thường thì chọn trung bình là mức trung tính trong những vấn đề còn băn khoăn,9,7,-2,"Nhà nước đã giải thích rõ về mục tiêu và lý do của chính sách mới, tôi tin tưởng vào sự minh bạch.",Cảm nhận cá nhân. Cảm thấy truyền thông về thuế TNCN trong thời gian qua có tốt hơn.,9,8,-1,"Sau khi xem xét, tôi đồng ý với chính sách mới và sẽ tuân thủ.",Trách nhiệm công dân nên ủng hộ.
8,1,743,Nữ,30 - 39,Thành thị,Sau Đại học,Chính thức,237.30849746292094,2,8,10,2,"Tăng cường kiểm soát giao dịch ngân hàng và cơ quan thuế có công cụ kiểm tra thuế, nhưng vẫn chưa tối ưu và có doanh nghiệp trốn thuế",Hoàn toàn đồng ý. Chính phủ tăng cường kiểm soát giao dịch ngân hàng để minh bạch dòng tiền cá nhân và chống rửa tiền. ,8,8,0,"Cơ quan thuế có khả năng và công nghệ để phát hiện trốn thuế, nhưng chưa tối ưu","Khi làm việc với cơ quan thuế thì biết rằng cơ quan thuế đang có những công cụ, phần mềm hỗ trợ kiểm tra thuế cũng như truy cập được nhiều nguồn dữ liệu khác nhau. Tuy nhiên, các phần mềm của chính phù hiện nay chưa được tối ưu, một số doanh nghiệp vẫn có cách trốn thuế. ",6,4,-2,"Quy trình làm việc với cơ quan thuế vẫn gặp lỗi và chưa friendly, nhưng đơn giản hơn","Hiện tại phần mềm khai thuế vẫn chưa được friendly và hay gặp lỗi, trải nghiệm không tốt. Phải thuê người làm giúp. Gặp vấn đề thì không biết hỏi ai.",7,7,0,"Bậc thuế đơn giản, dễ hiểu, nhưng chưa phản ánh thực tế về chi phí sống","5 bậc sẽ ít hơn 7 bậc tuy nhiên mức giảm trừ gia cảnh chưa hợp lý, chưa sát với thực tế. Chưa phản ánh những vấn đề như nuôi con, vay tiền mua nhà, vay ngân hàng.",5,5,0,"Chính phủ siết chặt thu thuế nhưng chưa có chính sách hỗ trợ, chưa đánh giá tác động","Chính phủ đang siết chặt thu thuế, trong khi đó chưa áp dụng các chính sách hỗ trợ người dân giảm trừ như mua nhà, con đi học. Chưa có đánh giá tác động cho các nhóm đối tượng khác nhau cũng như đánh giá tác động trong tương lai.",6,5,-1,Mức thuế mới công bằng nhưng chưa đánh giá rõ về mức giảm trừ,Tôi chưa tính được khi áp dụng thuế mới mức đóng cụ thể là bao nhiêu. Không thay đổi khi chính sách mới áp dụng.,5,5,0,Thuế được sử dụng cho dịch vụ công nhưng chưa minh bạch về mức sử dụng,"Chưa chắc, k có niềm tin lắm nhưng vẫn có niềm tin. Vẫn đánh giá thuế có sử dụng cho dịch vụ công. Chính phủ có lắng nghe phản hồi của người dân, có một chút thay đổi. Vì thế cho điểm số ở mức trung bình.",6,5,-1,"Chính phủ giải thích rõ mục tiêu nhưng chưa giải thích về mức trượt giá, lạm phát","Mục tiêu chính thì hiểu, rationale đưa ra ngưỡng thì chưa hiểu lắm, Chính phủ cũng chưa forseen được mức trượt giá, lạm phát + giảm trừ gia cảnh.",4,6,2,"Thuế mới giảm, nhưng chưa thay đổi đáng kể, không ủng hộ",Không ủng hộ cũng k được.
8,2,744,Nữ,30 - 39,Thành thị,Sau Đại học,Chính thức,237.30849746292094,2,8,10,2,"Chính phủ tăng cường kiểm soát giao dịch ngân hàng để minh bạch dòng tiền cá nhân và chống rửa tiền. Tuy nhiên, các phần mềm của chính phủ hiện tại chưa được tối ưu, một số doanh nghiệp vẫn có cách trốn thuế.",Hoàn toàn đồng ý. Chính phủ tăng cường kiểm soát giao dịch ngân hàng để minh bạch dòng tiền cá nhân và chống rửa tiền. ,8,8,0,"Cơ quan thuế có công cụ, phần mềm hỗ trợ kiểm tra thuế và truy cập nhiều nguồn dữ liệu. Tuy nhiên, mức độ tối ưu của các phần mềm này chưa cao, một số doanh nghiệp vẫn có cách trốn thuế.","Khi làm việc với cơ quan thuế thì biết rằng cơ quan thuế đang có những công cụ, phần mềm hỗ trợ kiểm tra thuế cũng như truy cập được nhiều nguồn dữ liệu khác nhau. Tuy nhiên, các phần mềm của chính phù hiện nay chưa được tối ưu, một số doanh nghiệp vẫn có cách trốn thuế. ",4,4,0,"Thủ tục khai thuế vẫn chưa được friendly, gặp lỗi và trải nghiệm không tốt. Điều này khiến tôi thường xuyên phải thuê người làm giúp.","Hiện tại phần mềm khai thuế vẫn chưa được friendly và hay gặp lỗi, trải nghiệm không tốt. Phải thuê người làm giúp. Gặp vấn đề thì không biết hỏi ai.",6,7,1,"Biểu thuế mới đơn giản hơn, nhưng mức giảm trừ gia cảnh chưa hợp lý, chưa sát với thực tế và chưa phản ánh đầy đủ các vấn đề như nuôi con, vay tiền mua nhà.","5 bậc sẽ ít hơn 7 bậc tuy nhiên mức giảm trừ gia cảnh chưa hợp lý, chưa sát với thực tế. Chưa phản ánh những vấn đề như nuôi con, vay tiền mua nhà, vay ngân hàng.",6,5,-1,"Chính phủ siết chặt thu thuế, nhưng chưa áp dụng các chính sách hỗ trợ người dân giảm trừ như mua nhà, con đi học. Tôi chưa tính được mức đóng cụ thể theo chính sách mới.","Chính phủ đang siết chặt thu thuế, trong khi đó chưa áp dụng các chính sách hỗ trợ người dân giảm trừ như mua nhà, con đi học. Chưa có đánh giá tác động cho các nhóm đối tượng khác nhau cũng như đánh giá tác động trong tương lai.",6,5,-1,"Mức thuế mới có thể hợp lý đối với thu nhập của tôi, nhưng chưa rõ ràng về mức giảm trừ gia cảnh và mức độ công bằng đối với các nhóm đối tượng khác nhau.",Tôi chưa tính được khi áp dụng thuế mới mức đóng cụ thể là bao nhiêu. Không thay đổi khi chính sách mới áp dụng.,6,5,-1,"Tôi tin số tiền thuế đóng sẽ được sử dụng hiệu quả cho dịch vụ công, nhưng chưa rõ ràng về các dự án cụ thể.","Chưa chắc, k có niềm tin lắm nhưng vẫn có niềm tin. Vẫn đánh giá thuế có sử dụng cho dịch vụ công. Chính phủ có lắng nghe phản hồi của người dân, có một chút thay đổi. Vì thế cho điểm số ở mức trung bình.",6,5,-1,"Chính phủ đã giải thích về mục tiêu của việc sửa đổi thuế, nhưng chưa giải thích rõ ràng về các thay đổi cụ thể và mức độ công bằng.","Mục tiêu chính thì hiểu, rationale đưa ra ngưỡng thì chưa hiểu lắm, Chính phủ cũng chưa forseen được mức trượt giá, lạm phát + giảm trừ gia cảnh.",6,6,0,"Thu nhập của tôi giảm và số thuế tôi phải đóng cũng giảm, nhưng tôi vẫn chưa chắc về mức độ công bằng và hiệu quả của chính sách mới.",Không ủng hộ cũng k được.
8,3,745,Nữ,30 - 39,Thành thị,Sau Đại học,Chính thức,237.30849746292094,2,8,10,2,"Chính phủ tăng cường kiểm soát giao dịch ngân hàng, nhưng các phần mềm chưa tối ưu dẫn đến vẫn có doanh nghiệp trốn thuế.",Hoàn toàn đồng ý. Chính phủ tăng cường kiểm soát giao dịch ngân hàng để minh bạch dòng tiền cá nhân và chống rửa tiền. ,8,8,0,"Cơ quan thuế có công cụ kiểm tra thuế và truy cập dữ liệu, nhưng doanh nghiệp vẫn có cách trốn thuế.","Khi làm việc với cơ quan thuế thì biết rằng cơ quan thuế đang có những công cụ, phần mềm hỗ trợ kiểm tra thuế cũng như truy cập được nhiều nguồn dữ liệu khác nhau. Tuy nhiên, các phần mềm của chính phù hiện nay chưa được tối ưu, một số doanh nghiệp vẫn có cách trốn thuế. ",5,4,-1,"Phần mềm khai thuế vẫn gặp lỗi, trải nghiệm không tốt và cần cải thiện.","Hiện tại phần mềm khai thuế vẫn chưa được friendly và hay gặp lỗi, trải nghiệm không tốt. Phải thuê người làm giúp. Gặp vấn đề thì không biết hỏi ai.",6,7,1,"Mức giảm trừ gia cảnh tăng, nhưng mức thuế vẫn chưa phản ánh hết thực tế như nuôi con, vay tiền mua nhà.","5 bậc sẽ ít hơn 7 bậc tuy nhiên mức giảm trừ gia cảnh chưa hợp lý, chưa sát với thực tế. Chưa phản ánh những vấn đề như nuôi con, vay tiền mua nhà, vay ngân hàng.",5,5,0,Chính phủ siết chặt thu thuế nhưng chưa có chính sách hỗ trợ giảm trừ phù hợp.,"Chính phủ đang siết chặt thu thuế, trong khi đó chưa áp dụng các chính sách hỗ trợ người dân giảm trừ như mua nhà, con đi học. Chưa có đánh giá tác động cho các nhóm đối tượng khác nhau cũng như đánh giá tác động trong tương lai.",5,5,0,Mức thuế mới tăng giảm trừ gia cảnh nhưng chưa rõ cụ thể mức đóng cụ thể.,Tôi chưa tính được khi áp dụng thuế mới mức đóng cụ thể là bao nhiêu. Không thay đổi khi chính sách mới áp dụng.,6,5,-1,"Thuế đóng sẽ được sử dụng cho dịch vụ công, nhưng chưa chắc chắn về hiệu quả sử dụng.","Chưa chắc, k có niềm tin lắm nhưng vẫn có niềm tin. Vẫn đánh giá thuế có sử dụng cho dịch vụ công. Chính phủ có lắng nghe phản hồi của người dân, có một chút thay đổi. Vì thế cho điểm số ở mức trung bình.",6,5,-1,"Chính phủ giải thích mục tiêu và rationale, nhưng chưa foresen rõ ràng về mức trượt giá, lạm phát.","Mục tiêu chính thì hiểu, rationale đưa ra ngưỡng thì chưa hiểu lắm, Chính phủ cũng chưa forseen được mức trượt giá, lạm phát + giảm trừ gia cảnh.",5,6,1,"Tăng giảm trừ gia cảnh nhưng chưa đầy đủ, chưa chắc chắn về mức ủng hộ.",Không ủng hộ cũng k được.
8,4,746,Nữ,30 - 39,Thành thị,Sau Đại học,Chính thức,237.30849746292094,2,8,10,2,"Đồng ý. Chính phủ đã tăng cường quản lý thuế và công nghệ, nhưng vẫn còn sự trốn thuế từ một số doanh nghiệp.",Hoàn toàn đồng ý. Chính phủ tăng cường kiểm soát giao dịch ngân hàng để minh bạch dòng tiền cá nhân và chống rửa tiền. ,8,8,0,"Đồng ý. Công cụ và phần mềm của cơ quan thuế đã được cải tiến, nhưng vẫn còn hạn chế đối với một số doanh nghiệp.","Khi làm việc với cơ quan thuế thì biết rằng cơ quan thuế đang có những công cụ, phần mềm hỗ trợ kiểm tra thuế cũng như truy cập được nhiều nguồn dữ liệu khác nhau. Tuy nhiên, các phần mềm của chính phù hiện nay chưa được tối ưu, một số doanh nghiệp vẫn có cách trốn thuế. ",5,4,-1,"Trung bình. Thủ tục khai thuế vẫn chưa hoàn toàn tiện lợi, nhưng có cải thiện so với trước đây.","Hiện tại phần mềm khai thuế vẫn chưa được friendly và hay gặp lỗi, trải nghiệm không tốt. Phải thuê người làm giúp. Gặp vấn đề thì không biết hỏi ai.",7,7,0,"Đồng ý. Biểu thuế mới đơn giản hơn, nhưng mức giảm trừ gia cảnh chưa phản ánh đầy đủ thực tế.","5 bậc sẽ ít hơn 7 bậc tuy nhiên mức giảm trừ gia cảnh chưa hợp lý, chưa sát với thực tế. Chưa phản ánh những vấn đề như nuôi con, vay tiền mua nhà, vay ngân hàng.",5,5,0,"Trung bình. Tôi tin rằng Nhà nước sẽ thực thi một cách công bằng, nhưng vẫn còn lo ngại về việc áp dụng.","Chính phủ đang siết chặt thu thuế, trong khi đó chưa áp dụng các chính sách hỗ trợ người dân giảm trừ như mua nhà, con đi học. Chưa có đánh giá tác động cho các nhóm đối tượng khác nhau cũng như đánh giá tác động trong tương lai.",5,5,0,"Trung bình. Mức thuế mới còn chưa phản ánh đầy đủ chi phí thực tế của tôi, nhưng vẫn chấp nhận được.",Tôi chưa tính được khi áp dụng thuế mới mức đóng cụ thể là bao nhiêu. Không thay đổi khi chính sách mới áp dụng.,5,5,0,"Trung bình. Tôi tin rằng số thuế đóng sẽ được sử dụng hiệu quả, nhưng chưa rõ ràng về chi tiết.","Chưa chắc, k có niềm tin lắm nhưng vẫn có niềm tin. Vẫn đánh giá thuế có sử dụng cho dịch vụ công. Chính phủ có lắng nghe phản hồi của người dân, có một chút thay đổi. Vì thế cho điểm số ở mức trung bình.",5,5,0,"Trung bình. Nhà nước đã giải thích, nhưng tôi vẫn cảm thấy có điều gì đó chưa rõ ràng về mục tiêu chính sách.","Mục tiêu chính thì hiểu, rationale đưa ra ngưỡng thì chưa hiểu lắm, Chính phủ cũng chưa forseen được mức trượt giá, lạm phát + giảm trừ gia cảnh.",5,6,1,"Trung bình. Tôi đồng ý với các thay đổi, nhưng vẫn lo ngại về sự công bằng và thực thi.",Không ủng hộ cũng k được.
8,5,747,Nữ,30 - 39,Thành thị,Sau Đại học,Chính thức,237.30849746292094,2,8,10,2,"Chính phủ tăng cường kiểm soát giao dịch ngân hàng để minh bạch dòng tiền cá nhân và chống rửa tiền, tuy nhiên, các phần mềm của chính phủ hiện nay chưa được tối ưu, một số doanh nghiệp vẫn có cách trốn thuế.",Hoàn toàn đồng ý. Chính phủ tăng cường kiểm soát giao dịch ngân hàng để minh bạch dòng tiền cá nhân và chống rửa tiền. ,7,8,1,"Nhà nước có nhiều công cụ và phần mềm hỗ trợ kiểm tra thuế, nhưng doanh nghiệp vẫn tìm cách trốn thuế, nên khả năng phát hiện và xử lý nghiêm còn hạn chế.","Khi làm việc với cơ quan thuế thì biết rằng cơ quan thuế đang có những công cụ, phần mềm hỗ trợ kiểm tra thuế cũng như truy cập được nhiều nguồn dữ liệu khác nhau. Tuy nhiên, các phần mềm của chính phù hiện nay chưa được tối ưu, một số doanh nghiệp vẫn có cách trốn thuế. ",6,4,-2,"So với trước đây, quy trình làm việc với cơ quan thuế đơn giản hơn, nhưng phần mềm khai thuế vẫn gặp lỗi, trải nghiệm không tốt và cần thuê người làm giúp.","Hiện tại phần mềm khai thuế vẫn chưa được friendly và hay gặp lỗi, trải nghiệm không tốt. Phải thuê người làm giúp. Gặp vấn đề thì không biết hỏi ai.",6,7,1,"Biểu thuế mới đơn giản hơn so với trước đây, nhưng mức giảm trừ gia cảnh chưa hợp lý, chưa sát với thực tế.","5 bậc sẽ ít hơn 7 bậc tuy nhiên mức giảm trừ gia cảnh chưa hợp lý, chưa sát với thực tế. Chưa phản ánh những vấn đề như nuôi con, vay tiền mua nhà, vay ngân hàng.",7,5,-2,"Nhà nước sẽ thực thi chính sách một cách khách quan, công tâm, nhưng mức thuế mới chưa phản ánh đầy đủ các vấn đề thực tế như nuôi con, vay tiền mua nhà.","Chính phủ đang siết chặt thu thuế, trong khi đó chưa áp dụng các chính sách hỗ trợ người dân giảm trừ như mua nhà, con đi học. Chưa có đánh giá tác động cho các nhóm đối tượng khác nhau cũng như đánh giá tác động trong tương lai.",7,5,-2,"Thuế mới là công bằng cho người có thu nhập như tôi, nhưng chưa phản ánh đầy đủ các vấn đề thực tế.",Tôi chưa tính được khi áp dụng thuế mới mức đóng cụ thể là bao nhiêu. Không thay đổi khi chính sách mới áp dụng.,7,5,-2,"Số tiền thuế đóng sẽ được sử dụng hiệu quả để cải thiện dịch vụ công, nhưng chưa có đánh giá cụ thể về tác động.","Chưa chắc, k có niềm tin lắm nhưng vẫn có niềm tin. Vẫn đánh giá thuế có sử dụng cho dịch vụ công. Chính phủ có lắng nghe phản hồi của người dân, có một chút thay đổi. Vì thế cho điểm số ở mức trung bình.",7,5,-2,"Nhà nước đã giải thích rõ ràng về mục tiêu của việc sửa đổi thuế, nhưng chưa forseen được mức trượt giá, lạm phát.","Mục tiêu chính thì hiểu, rationale đưa ra ngưỡng thì chưa hiểu lắm, Chính phủ cũng chưa forseen được mức trượt giá, lạm phát + giảm trừ gia cảnh.",8,6,-2,"Tác động tài chính tích cực, nhưng vẫn có nhiều vấn đề cần cải thiện.",Không ủng hộ cũng k được.
9,1,843,Nữ,30 - 39,Thành thị,Đại học,Chính thức,78.9915079996937,1,7,7,0,"Các quy định quản lý thuế hiện nay giúp phát hiện hành vi gian lận, nhưng không thể đảm bảo 100% vì các doanh nghiệp tự do và đã nghỉ hưu có thể không tuân thủ.","Nếu là người lao động trong nhóm chính thức thì thực sự dễ dàng quản lý và cũng khó để trốn thuế, tuy nhiên 2 nhóm còn lại ở khu vực tự do và đã nghỉ hưu thì điều này không thể chắc chắn. Niềm tin chỉ ở mức tương đối.",6,7,1,"Nhà nước có khả năng phát hiện và xử lý trốn thuế, nhưng vẫn cần sự hỗ trợ từ hệ thống thông tin và cơ sở dữ liệu.","Sẽ có thể phát hiện nhưng không thể toàn bộ và ngay lập tức, vì những doanh nghiệp không tuân thủ quy định thì nếu có cơ quan thuế sẽ phải tiến hành điều tra chứ không có hệ thống để nhận diện hành vi vi phạm ngay lập tức.",5,5,0,"Thuật toán tính thuế đơn giản hơn, nhưng vẫn có quy trình khai báo và làm việc với cơ quan thuế phức tạp.",Tôi không rõ vấn đề này vì có bộ phận kế toán/nhân sự của công ty xử lý giúp. Chưa có trải nghiệm gì với cơ quan thuế.,8,7,-1,"Bậc thuế mới đơn giản hóa quy trình tính thuế, người lao động như tôi thấy thuận lợi hơn.","Thực ra thì phương thức lũy tiến như nhau, nhưng giản lược số bậc thuế, và giảm tỷ lệ đóng thì tốt cho người lao động. Cá nhân đóng thuế ít hơn so với trước đây.",6,7,1,"Nhà nước thực thi chính sách công bằng, nhưng các doanh nghiệp SME và cá nhân trong khu vực tự do có thể không tuân thủ.","Nhà nước có chủ động điều chỉnh chính sách thuế mới, như vậy là rất tốt. tuy nhiên cần sự phối hợp của doanh nghiệp thì chính sách thuế mới thực sự hiệu quả. Các doanh nghiệp FDI thì có thể đảm bảo nhưng băn khoăn về các doanh nghiệp SME, doanh nghiệp trong nước hoặc các hộ kinh doanh. Ngoài ra, vấn đề khi thực thi có phụ thuộc vào các cấp cơ quan nhà nước ở dưới, nhỏ hơn có thể không thực hiện đúng với chính sách đề ra.",7,8,1,"Nhìn chung mức thuế mới giảm, phù hợp với thu nhập của tôi, nhưng giảm trừ gia cảnh vẫn còn thấp.","Thấp hơn thì sẽ tốt hơn, hiện giờ mức đóng vẫn cao nhưng, giảm trừ gia cảnh và cá nhân còn khá thấp so với mức sống của khu vực thành thị. đặc biệt nhóm người chưa sở hữu nhà riêng. Cá nhân cảm thấy hài lòng vì giảm được thuế so với trước đây.",5,6,1,"Thuế đóng vào các dịch vụ công, nhưng cải thiện về hạ tầng công tại TP.HCM chưa rõ rệt.","Tôi không thấy rằng giữa người đóng thuế cao và thấp có sự khác biệt trong việc hưởng các dịch vụ công tốt hơn, tất cả là như nhau. và qua các năm thì dịch vụ y tế hay đường xá đều không thay đổi dù tiền thuế đóng nhiều hơn, thông qua ở TPHCM hầu như không có nhiều cải thiện về đầu tư hạ tầng công, các trung tâm khám chữa bệnh công chất lượng hơn hay các trung tâm giải trí, bảo tàng nghệ thuật miễn phí cho người dân, hầu hết đều thu phí, và chất lượng không tốt. Mặc dù không hài lòng nhưng nhìn nhận thực tế vì có sự cải thiện, đặc biệt là có Metro ở Hồ Chí Minh.",6,5,-1,"Tôi chưa nhận được thông tin đầy đủ về mục tiêu và lý do của việc sửa đổi thuế, nhưng tin rằng mục tiêu chính là giảm gánh nặng cho người lao động.","Tôi thấy ko quá cần thiết, vì cơ bản là có cải thiện cho đối tượng thu nhập của tôi. tuy nhiên việc sử dụng thuế vào đâu thì cần làm rõ. Không theo dõi quá trình chính sách để hình thành nên không nắm rõ thông tin. Quan trọng là giảm thuế thì cũng không cần giải thích nhiều.",8,7,-1,"Dù chưa hoàn toàn hài lòng, nhưng giảm thuế cho người lao động chính thức là điều đáng ủng hộ.",Là công dân thì phải tuân thủ theo quy định tuyệt đối nhưng về mặt ủng hộ thì ở mức khá.
9,2,844,Nữ,30 - 39,Thành thị,Đại học,Chính thức,78.9915079996937,1,6,7,1,"Nếu là người lao động trong nhóm chính thức thì thực sự dễ dàng quản lý và cũng khó để trốn thuế, tuy nhiên 2 nhóm còn lại ở khu vực tự do và đã nghỉ hưu thì điều này không thể chắc chắn. Niềm tin chỉ ở mức tương đối.","Nếu là người lao động trong nhóm chính thức thì thực sự dễ dàng quản lý và cũng khó để trốn thuế, tuy nhiên 2 nhóm còn lại ở khu vực tự do và đã nghỉ hưu thì điều này không thể chắc chắn. Niềm tin chỉ ở mức tương đối.",5,7,2,"Sẽ có thể phát hiện nhưng không thể toàn bộ và ngay lập tức, vì những doanh nghiệp không tuân thủ quy định thì nếu có cơ quan thuế sẽ phải tiến hành điều tra chứ không có hệ thống để nhận diện hành vi vi phạm ngay lập tức.","Sẽ có thể phát hiện nhưng không thể toàn bộ và ngay lập tức, vì những doanh nghiệp không tuân thủ quy định thì nếu có cơ quan thuế sẽ phải tiến hành điều tra chứ không có hệ thống để nhận diện hành vi vi phạm ngay lập tức.",8,5,-3,"Thực ra thì phương thức lũy tiến như nhau, nhưng giản lược số bậc thuế, và giảm tỷ lệ đóng thì tốt cho người lao động. Cá nhân đóng thuế ít hơn so với trước đây.",Tôi không rõ vấn đề này vì có bộ phận kế toán/nhân sự của công ty xử lý giúp. Chưa có trải nghiệm gì với cơ quan thuế.,9,7,-2,"So với trước đây, tôi thấy cách tính thuế và các bậc thuế trong phương án mới đơn giản, dễ hiểu và dễ thực hiện hơn.","Thực ra thì phương thức lũy tiến như nhau, nhưng giản lược số bậc thuế, và giảm tỷ lệ đóng thì tốt cho người lao động. Cá nhân đóng thuế ít hơn so với trước đây.",7,7,0,"Nhà nước có chủ động điều chỉnh chính sách thuế mới, như vậy là rất tốt. tuy nhiên cần sự phối hợp của doanh nghiệp thì chính sách thuế mới thực sự hiệu quả. Các doanh nghiệp FDI thì có thể đảm bảo nhưng băn khoăn về các doanh nghiệp SME, doanh nghiệp trong nước hoặc các hộ kinh doanh.","Nhà nước có chủ động điều chỉnh chính sách thuế mới, như vậy là rất tốt. tuy nhiên cần sự phối hợp của doanh nghiệp thì chính sách thuế mới thực sự hiệu quả. Các doanh nghiệp FDI thì có thể đảm bảo nhưng băn khoăn về các doanh nghiệp SME, doanh nghiệp trong nước hoặc các hộ kinh doanh. Ngoài ra, vấn đề khi thực thi có phụ thuộc vào các cấp cơ quan nhà nước ở dưới, nhỏ hơn có thể không thực hiện đúng với chính sách đề ra.",7,8,1,"Thấp hơn thì sẽ tốt hơn, hiện giờ mức đóng vẫn cao nhưng, giảm trừ gia cảnh và cá nhân còn khá thấp so với mức sống của khu vực thành thị. đặc biệt nhóm người chưa sở hữu nhà riêng. Cá nhân cảm thấy hài lòng vì giảm được thuế so với trước đây.","Thấp hơn thì sẽ tốt hơn, hiện giờ mức đóng vẫn cao nhưng, giảm trừ gia cảnh và cá nhân còn khá thấp so với mức sống của khu vực thành thị. đặc biệt nhóm người chưa sở hữu nhà riêng. Cá nhân cảm thấy hài lòng vì giảm được thuế so với trước đây.",6,6,0,"Tôi không thấy rằng giữa người đóng thuế cao và thấp có sự khác biệt trong việc hưởng các dịch vụ công tốt hơn, tất cả là như nhau. và qua các năm thì dịch vụ y tế hay đường xá đều không thay đổi dù tiền thuế đóng nhiều hơn, thông qua ở TPHCM hầu như không có nhiều cải thiện về đầu tư hạ tầng công, các trung tâm khám chữa bệnh công chất lượng hơn hay các trung tâm giải trí, bảo tàng nghệ thuật miễn phí cho người dân, hầu hết đều thu phí, và chất lượng không tốt. Mặc dù không hài lòng nhưng nhìn nhận thực tế vì có sự cải thiện, đặc biệt là có Metro ở Hồ Chí Minh.","Tôi không thấy rằng giữa người đóng thuế cao và thấp có sự khác biệt trong việc hưởng các dịch vụ công tốt hơn, tất cả là như nhau. và qua các năm thì dịch vụ y tế hay đường xá đều không thay đổi dù tiền thuế đóng nhiều hơn, thông qua ở TPHCM hầu như không có nhiều cải thiện về đầu tư hạ tầng công, các trung tâm khám chữa bệnh công chất lượng hơn hay các trung tâm giải trí, bảo tàng nghệ thuật miễn phí cho người dân, hầu hết đều thu phí, và chất lượng không tốt. Mặc dù không hài lòng nhưng nhìn nhận thực tế vì có sự cải thiện, đặc biệt là có Metro ở Hồ Chí Minh.",5,5,0,"Tôi thấy ko quá cần thiết, vì cơ bản là có cải thiện cho đối tượng thu nhập của tôi. tuy nhiên việc sử dụng thuế vào đâu thì cần làm rõ. Không theo dõi quá trình chính sách để hình thành nên không nắm rõ thông tin. Quan trọng là giảm thuế thì cũng không cần giải thích nhiều.","Tôi thấy ko quá cần thiết, vì cơ bản là có cải thiện cho đối tượng thu nhập của tôi. tuy nhiên việc sử dụng thuế vào đâu thì cần làm rõ. Không theo dõi quá trình chính sách để hình thành nên không nắm rõ thông tin. Quan trọng là giảm thuế thì cũng không cần giải thích nhiều.",8,7,-1,Là công dân thì phải tuân thủ theo quy định tuyệt đối nhưng về mặt ủng hộ thì ở mức khá.,Là công dân thì phải tuân thủ theo quy định tuyệt đối nhưng về mặt ủng hộ thì ở mức khá.
9,3,845,Nữ,30 - 39,Thành thị,Đại học,Chính thức,78.9915079996937,1,7,7,0,"Nhìn chung, tôi tin rằng hành vi gian lận hoặc trốn thuế sẽ dễ dàng bị phát hiện nhưng không thể đảm bảo 100% do hệ thống quản lý thuế hiện tại còn nhiều hạn chế. Tuy nhiên, mức giảm trừ gia cảnh tăng lên có thể giúp giảm bớt gian lận.","Nếu là người lao động trong nhóm chính thức thì thực sự dễ dàng quản lý và cũng khó để trốn thuế, tuy nhiên 2 nhóm còn lại ở khu vực tự do và đã nghỉ hưu thì điều này không thể chắc chắn. Niềm tin chỉ ở mức tương đối.",6,7,1,"Tôi đồng ý với quan điểm rằng Nhà nước và cơ quan thuế cần có sự cải thiện trong việc quản lý và phát hiện hành vi trốn thuế, nhưng không tin rằng công nghệ và khả năng hiện tại của họ đủ để phát hiện toàn bộ gian lận ngay lập tức.","Sẽ có thể phát hiện nhưng không thể toàn bộ và ngay lập tức, vì những doanh nghiệp không tuân thủ quy định thì nếu có cơ quan thuế sẽ phải tiến hành điều tra chứ không có hệ thống để nhận diện hành vi vi phạm ngay lập tức.",8,5,-3,"So với trước đây, tôi thấy quy trình khai thuế và làm việc với cơ quan thuế đơn giản hơn. Tuy nhiên, việc thực hiện các quy trình vẫn phụ thuộc vào sự hỗ trợ của bộ phận nhân sự của công ty.",Tôi không rõ vấn đề này vì có bộ phận kế toán/nhân sự của công ty xử lý giúp. Chưa có trải nghiệm gì với cơ quan thuế.,9,7,-2,"Phương án mới đơn giản hóa biểu thuế và giảm số bậc, do đó dễ hiểu và thực hiện hơn so với trước đây.","Thực ra thì phương thức lũy tiến như nhau, nhưng giản lược số bậc thuế, và giảm tỷ lệ đóng thì tốt cho người lao động. Cá nhân đóng thuế ít hơn so với trước đây.",7,7,0,"Tôi tin rằng Nhà nước sẽ thực thi chính sách một cách công bằng và khách quan, nhưng vẫn có sự băn khoăn về việc các doanh nghiệp không tuân thủ quy định.","Nhà nước có chủ động điều chỉnh chính sách thuế mới, như vậy là rất tốt. tuy nhiên cần sự phối hợp của doanh nghiệp thì chính sách thuế mới thực sự hiệu quả. Các doanh nghiệp FDI thì có thể đảm bảo nhưng băn khoăn về các doanh nghiệp SME, doanh nghiệp trong nước hoặc các hộ kinh doanh. Ngoài ra, vấn đề khi thực thi có phụ thuộc vào các cấp cơ quan nhà nước ở dưới, nhỏ hơn có thể không thực hiện đúng với chính sách đề ra.",7,8,1,"Mức thuế mới được giảm xuống so với trước đây, nên tôi thấy là hợp lý cho thu nhập của tôi. Tuy nhiên, mức giảm trừ gia cảnh vẫn còn thấp đối với một số nhóm người.","Thấp hơn thì sẽ tốt hơn, hiện giờ mức đóng vẫn cao nhưng, giảm trừ gia cảnh và cá nhân còn khá thấp so với mức sống của khu vực thành thị. đặc biệt nhóm người chưa sở hữu nhà riêng. Cá nhân cảm thấy hài lòng vì giảm được thuế so với trước đây.",6,6,0,"Tôi tin rằng số tiền thuế tôi đóng sẽ được sử dụng hiệu quả để cải thiện các dịch vụ công, nhưng chất lượng dịch vụ công ở khu vực thành thị chưa có nhiều cải thiện đáng kể.","Tôi không thấy rằng giữa người đóng thuế cao và thấp có sự khác biệt trong việc hưởng các dịch vụ công tốt hơn, tất cả là như nhau. và qua các năm thì dịch vụ y tế hay đường xá đều không thay đổi dù tiền thuế đóng nhiều hơn, thông qua ở TPHCM hầu như không có nhiều cải thiện về đầu tư hạ tầng công, các trung tâm khám chữa bệnh công chất lượng hơn hay các trung tâm giải trí, bảo tàng nghệ thuật miễn phí cho người dân, hầu hết đều thu phí, và chất lượng không tốt. Mặc dù không hài lòng nhưng nhìn nhận thực tế vì có sự cải thiện, đặc biệt là có Metro ở Hồ Chí Minh.",7,5,-2,"Tôi đồng ý với việc Nhà nước đã giải thích rõ ràng về mục tiêu và lý do của việc sửa đổi thuế, nhưng vẫn có sự đa nghi về cách sử dụng nguồn thuế.","Tôi thấy ko quá cần thiết, vì cơ bản là có cải thiện cho đối tượng thu nhập của tôi. tuy nhiên việc sử dụng thuế vào đâu thì cần làm rõ. Không theo dõi quá trình chính sách để hình thành nên không nắm rõ thông tin. Quan trọng là giảm thuế thì cũng không cần giải thích nhiều.",8,7,-1,"Trong tổng thể, tôi ủng hộ chính sách mới, nhưng vẫn có sự lo lắng về cách sử dụng nguồn thuế. Mặc dù thu nhập của tôi tăng lên, tôi vẫn cảm thấy hài lòng với mức giảm thuế so với trước đây.",Là công dân thì phải tuân thủ theo quy định tuyệt đối nhưng về mặt ủng hộ thì ở mức khá.
9,4,846,Nữ,30 - 39,Thành thị,Đại học,Chính thức,78.9915079996937,1,6,7,1,"Trừu tượng hóa quá trình thực thi, nhưng với việc tăng giảm trừ gia cảnh và đơn giản hóa bậc thuế, hành vi gian lận khó phát hiện hơn.","Nếu là người lao động trong nhóm chính thức thì thực sự dễ dàng quản lý và cũng khó để trốn thuế, tuy nhiên 2 nhóm còn lại ở khu vực tự do và đã nghỉ hưu thì điều này không thể chắc chắn. Niềm tin chỉ ở mức tương đối.",6,7,1,"Công nghệ hiện đại có thể hỗ trợ phát hiện gian lận, nhưng không thể đảm bảo 100% do các doanh nghiệp không tuân thủ.","Sẽ có thể phát hiện nhưng không thể toàn bộ và ngay lập tức, vì những doanh nghiệp không tuân thủ quy định thì nếu có cơ quan thuế sẽ phải tiến hành điều tra chứ không có hệ thống để nhận diện hành vi vi phạm ngay lập tức.",8,5,-3,"Hầu hết thủ tục do bộ phận kế toán công ty xử lý, nhưng với việc đơn giản hóa, người nộp thuế sẽ dễ dàng hơn.",Tôi không rõ vấn đề này vì có bộ phận kế toán/nhân sự của công ty xử lý giúp. Chưa có trải nghiệm gì với cơ quan thuế.,9,7,-2,"Bậc thuế giảm từ 7 xuống 5, giảm tỷ lệ đóng thuế, thuận lợi cho người lao động.","Thực ra thì phương thức lũy tiến như nhau, nhưng giản lược số bậc thuế, và giảm tỷ lệ đóng thì tốt cho người lao động. Cá nhân đóng thuế ít hơn so với trước đây.",7,7,0,"Niềm tin vào sự công bằng của Nhà nước, nhưng doanh nghiệp SME và cá nhân trong nước có thể gặp vấn đề thực hiện chính sách.","Nhà nước có chủ động điều chỉnh chính sách thuế mới, như vậy là rất tốt. tuy nhiên cần sự phối hợp của doanh nghiệp thì chính sách thuế mới thực sự hiệu quả. Các doanh nghiệp FDI thì có thể đảm bảo nhưng băn khoăn về các doanh nghiệp SME, doanh nghiệp trong nước hoặc các hộ kinh doanh. Ngoài ra, vấn đề khi thực thi có phụ thuộc vào các cấp cơ quan nhà nước ở dưới, nhỏ hơn có thể không thực hiện đúng với chính sách đề ra.",8,8,0,"Thuế giảm, giảm trừ gia cảnh tăng, mức thuế cho thu nhập như tôi là công bằng.","Thấp hơn thì sẽ tốt hơn, hiện giờ mức đóng vẫn cao nhưng, giảm trừ gia cảnh và cá nhân còn khá thấp so với mức sống của khu vực thành thị. đặc biệt nhóm người chưa sở hữu nhà riêng. Cá nhân cảm thấy hài lòng vì giảm được thuế so với trước đây.",7,6,-1,"Sử dụng thuế hiệu quả vào dịch vụ công, nhưng đầu tư hạ tầng công ở khu vực thành thị chưa có nhiều cải tiến.","Tôi không thấy rằng giữa người đóng thuế cao và thấp có sự khác biệt trong việc hưởng các dịch vụ công tốt hơn, tất cả là như nhau. và qua các năm thì dịch vụ y tế hay đường xá đều không thay đổi dù tiền thuế đóng nhiều hơn, thông qua ở TPHCM hầu như không có nhiều cải thiện về đầu tư hạ tầng công, các trung tâm khám chữa bệnh công chất lượng hơn hay các trung tâm giải trí, bảo tàng nghệ thuật miễn phí cho người dân, hầu hết đều thu phí, và chất lượng không tốt. Mặc dù không hài lòng nhưng nhìn nhận thực tế vì có sự cải thiện, đặc biệt là có Metro ở Hồ Chí Minh.",6,5,-1,"Chưa rõ về việc sử dụng cụ thể số tiền thuế, nhưng cải cách thuế có mục tiêu rõ ràng.","Tôi thấy ko quá cần thiết, vì cơ bản là có cải thiện cho đối tượng thu nhập của tôi. tuy nhiên việc sử dụng thuế vào đâu thì cần làm rõ. Không theo dõi quá trình chính sách để hình thành nên không nắm rõ thông tin. Quan trọng là giảm thuế thì cũng không cần giải thích nhiều.",7,7,0,"Cải cách thuế có lợi cho thu nhập của tôi, nhưng cần thông tin rõ ràng hơn về việc sử dụng thuế.",Là công dân thì phải tuân thủ theo quy định tuyệt đối nhưng về mặt ủng hộ thì ở mức khá.
9,5,847,Nữ,30 - 39,Thành thị,Đại học,Chính thức,78.9915079996937,1,6,7,1,"Tin rằng việc quản lý thuế hiện nay khó phát hiện toàn bộ hành vi gian lận, nhưng sẽ có cơ quan thuế điều tra. Niềm tin chỉ ở mức tương đối.","Nếu là người lao động trong nhóm chính thức thì thực sự dễ dàng quản lý và cũng khó để trốn thuế, tuy nhiên 2 nhóm còn lại ở khu vực tự do và đã nghỉ hưu thì điều này không thể chắc chắn. Niềm tin chỉ ở mức tương đối.",5,7,2,"Khả năng phát hiện trốn thuế phụ thuộc vào doanh nghiệp và cơ quan thuế, không thể chắc chắn.","Sẽ có thể phát hiện nhưng không thể toàn bộ và ngay lập tức, vì những doanh nghiệp không tuân thủ quy định thì nếu có cơ quan thuế sẽ phải tiến hành điều tra chứ không có hệ thống để nhận diện hành vi vi phạm ngay lập tức.",7,5,-2,"Thủ tục đơn giản hơn, nhưng vẫn cần bộ phận kế toán/nhân sự xử lý, chưa có trải nghiệm cá nhân.",Tôi không rõ vấn đề này vì có bộ phận kế toán/nhân sự của công ty xử lý giúp. Chưa có trải nghiệm gì với cơ quan thuế.,8,7,-1,"Biểu thuế đơn giản hơn, dễ hiểu, giảm số bậc thuế từ 7 xuống 5.","Thực ra thì phương thức lũy tiến như nhau, nhưng giản lược số bậc thuế, và giảm tỷ lệ đóng thì tốt cho người lao động. Cá nhân đóng thuế ít hơn so với trước đây.",6,7,1,"Niềm tin vào sự công bằng của cơ quan thuế, nhưng băn khoăn về doanh nghiệp SME và người dân chưa sở hữu nhà.","Nhà nước có chủ động điều chỉnh chính sách thuế mới, như vậy là rất tốt. tuy nhiên cần sự phối hợp của doanh nghiệp thì chính sách thuế mới thực sự hiệu quả. Các doanh nghiệp FDI thì có thể đảm bảo nhưng băn khoăn về các doanh nghiệp SME, doanh nghiệp trong nước hoặc các hộ kinh doanh. Ngoài ra, vấn đề khi thực thi có phụ thuộc vào các cấp cơ quan nhà nước ở dưới, nhỏ hơn có thể không thực hiện đúng với chính sách đề ra.",7,8,1,"Mức thuế mới giảm so với trước, phù hợp với thu nhập hiện tại.","Thấp hơn thì sẽ tốt hơn, hiện giờ mức đóng vẫn cao nhưng, giảm trừ gia cảnh và cá nhân còn khá thấp so với mức sống của khu vực thành thị. đặc biệt nhóm người chưa sở hữu nhà riêng. Cá nhân cảm thấy hài lòng vì giảm được thuế so với trước đây.",6,6,0,"Công bằng, số tiền thuế giảm giúp cải thiện dịch vụ công, nhưng đầu tư công chưa rõ ràng.","Tôi không thấy rằng giữa người đóng thuế cao và thấp có sự khác biệt trong việc hưởng các dịch vụ công tốt hơn, tất cả là như nhau. và qua các năm thì dịch vụ y tế hay đường xá đều không thay đổi dù tiền thuế đóng nhiều hơn, thông qua ở TPHCM hầu như không có nhiều cải thiện về đầu tư hạ tầng công, các trung tâm khám chữa bệnh công chất lượng hơn hay các trung tâm giải trí, bảo tàng nghệ thuật miễn phí cho người dân, hầu hết đều thu phí, và chất lượng không tốt. Mặc dù không hài lòng nhưng nhìn nhận thực tế vì có sự cải thiện, đặc biệt là có Metro ở Hồ Chí Minh.",5,5,0,"Đã giải thích rõ mục tiêu sửa đổi thuế, nhưng không rõ sử dụng như thế nào.","Tôi thấy ko quá cần thiết, vì cơ bản là có cải thiện cho đối tượng thu nhập của tôi. tuy nhiên việc sử dụng thuế vào đâu thì cần làm rõ. Không theo dõi quá trình chính sách để hình thành nên không nắm rõ thông tin. Quan trọng là giảm thuế thì cũng không cần giải thích nhiều.",8,7,-1,"Cho rằng sau khi xem xét, chính sách mới có lợi, ủng hộ và tuân thủ.",Là công dân thì phải tuân thủ theo quy định tuyệt đối nhưng về mặt ủng hộ thì ở mức khá.
10,1,943,Nữ,30 - 39,Nông thôn,Sau Đại học,Phi chính thức,29.825719115898593,3,6,5,-1,"Tôi nghĩ rằng dù có các quy định quản lý thuế, người muốn trốn thuế vẫn có thể tìm cách lách luật. Thuế điện tử giúp phát hiện nhưng không hoàn toàn ngăn chặn.",Tôi tin rằng nếu đã có Luật thì ai muốn trốn sẽ có cách lách để k bị phát hiện,6,8,2,"Cơ quan thuế có thể kiểm soát tốt hơn nhờ công nghệ, nhưng không loại trừ khả năng trốn thuế.",Do họ có thể truy thu dựa vào dòng tiền ra vào tài khoản,8,10,2,"So với trước đây, thủ tục thuế đơn giản và dễ dàng hơn, đặc biệt là việc làm online.","Có thể làm online, nên tôi thấy tiện a",9,5,-4,"Bậc thuế đơn giản, dễ hiểu, không còn nhiều cấp bậc phức tạp.",Tôi thấy như nhau,7,9,2,"Tôi tin rằng thuế được thực thi công bằng, nhưng mức thuế mới cao hơn so với tôi nghĩ.",Tại cán bộ thuế ở tôi rất tốt ạ,7,2,-5,"Như tôi đã nói, mức thuế mới cao hơn so với tôi nghĩ, nhưng tôi vẫn thấy công bằng vì tôi không thu nhập cao.",Tôi thấy phần trăm đóng thuế còn cao so với tôi,7,7,0,"Tôi tin số tiền thuế đóng sẽ được sử dụng hiệu quả, nhưng không biết cụ thể.",Dạ do tôi dễ tin người ạ,8,8,0,"Nhà nước đã giải thích rõ ràng về chính sách mới, tôi tin vào mục tiêu cải thiện công bằng và đơn giản hóa.","Dạ, về cơ bản là đã khá chi tiết và rõ ràng ạ",9,10,1,Tôi ủng hộ vì mức thuế mới dễ quản lý hơn và tôi tin vào mục tiêu cải thiện công bằng.,"Dạ, là công dân thì phải tuân thủ, vì không có phương án khác ạ"
10,2,944,Nữ,30 - 39,Nông thôn,Sau Đại học,Phi chính thức,29.825719115898593,3,7,5,-2,"Tôi tin rằng nếu đã có Luật thì ai muốn trốn sẽ có cách lách để không bị phát hiện, nhưng Nhà nước, cơ quan thuế có thể truy thu dựa vào dòng tiền ra vào tài khoản",Tôi tin rằng nếu đã có Luật thì ai muốn trốn sẽ có cách lách để k bị phát hiện,4,8,4,Tôi thấy như nhau,Do họ có thể truy thu dựa vào dòng tiền ra vào tài khoản,9,10,1,"So với trước đây, các thủ tục khai báo thuế và quy trình làm việc với cơ quan thuế đơn giản, tiện lợi hơn","Có thể làm online, nên tôi thấy tiện a",10,5,-5,"Cách tính thuế và các bậc thuế trong phương án mới đơn giản, dễ hiểu và dễ thực hiện hơn",Tôi thấy như nhau,8,9,1,"Tôi tin rằng Nhà nước, cơ quan thuế sẽ thực thi chính sách mới một cách khách quan, công tâm và đối xử bình đẳng với mọi người nộp thuế",Tại cán bộ thuế ở tôi rất tốt ạ,8,2,-6,Tôi thấy mức thuế tôi phải đóng theo phương án mới là công bằng (người thu nhập như tôi đóng mức này là hợp lý),Tôi thấy phần trăm đóng thuế còn cao so với tôi,9,7,-2,"Tôi tin tưởng số tiền thuế tôi đóng sẽ được Nhà nước sử dụng hiệu quả để cải thiện dịch vụ công (y tế, đường xá...)",Dạ do tôi dễ tin người ạ,9,8,-1,"Tôi thấy Nhà nước đã giải thích rõ ràng, minh bạch về lý do và mục tiêu của việc sửa đổi thuế lần này","Dạ, về cơ bản là đã khá chi tiết và rõ ràng ạ",10,10,0,"Dạ, là công dân thì phải tuân thủ, vì không có phương án khác","Dạ, là công dân thì phải tuân thủ, vì không có phương án khác ạ"
10,3,945,Nữ,30 - 39,Nông thôn,Sau Đại học,Phi chính thức,29.825719115898593,3,8,5,-3,"Tôi tin rằng nếu đã có Luật thì ai muốn trốn sẽ có cách lách để không bị phát hiện nhưng theo tôi, Nhà nước cũng có thể truy thu dựa vào dòng tiền ra vào tài khoản nên tôi cho điểm cao.",Tôi tin rằng nếu đã có Luật thì ai muốn trốn sẽ có cách lách để k bị phát hiện,10,8,-2,"Nhà nước và cơ quan thuế có đủ khả năng và công nghệ để phát hiện, xử lý nghiêm các hành vi trốn thuế, tôi đồng ý với ý kiến này.",Do họ có thể truy thu dựa vào dòng tiền ra vào tài khoản,9,10,1,"Các thủ tục khai báo thuế và quy trình làm việc với cơ quan thuế đã đơn giản, tiện lợi hơn nhiều so với trước đây, tôi thấy rất thuận tiện.","Có thể làm online, nên tôi thấy tiện a",10,5,-5,"Số bậc thuế đã được rút gọn, cách tính thuế và các bậc thuế trong phương án mới đơn giản, dễ hiểu và dễ thực hiện hơn nhiều so với trước đây.",Tôi thấy như nhau,8,9,1,"Tôi tin rằng Nhà nước, cơ quan thuế sẽ thực thi chính sách một cách khách quan, công tâm và đối xử bình đẳng với mọi người nộp thuế.",Tại cán bộ thuế ở tôi rất tốt ạ,9,2,-7,"Theo tôi, mức thuế tôi phải đóng theo phương án mới là công bằng, người thu nhập như tôi đóng mức này là hợp lý.",Tôi thấy phần trăm đóng thuế còn cao so với tôi,9,7,-2,"Tôi tin tưởng số tiền thuế tôi đóng sẽ được Nhà nước sử dụng hiệu quả để cải thiện dịch vụ công, như y tế, đường xá.",Dạ do tôi dễ tin người ạ,10,8,-2,"Nhà nước đã giải thích rõ ràng, minh bạch về lý do và mục tiêu của việc sửa đổi thuế lần này, tôi thấy rất công bằng.","Dạ, về cơ bản là đã khá chi tiết và rõ ràng ạ",10,10,0,"Sau khi xem xét các quyền lợi và nghĩa vụ, tôi ủng hộ và tuân thủ chính sách mới hiện nay, vì nó giúp giảm gánh nặng thuế cho tôi.","Dạ, là công dân thì phải tuân thủ, vì không có phương án khác ạ"
10,4,946,Nữ,30 - 39,Nông thôn,Sau Đại học,Phi chính thức,29.825719115898593,3,6,5,-1,Tôi tin rằng nếu đã có Luật thì ai muốn trốn sẽ có cách lách để k bị phát hiện; Do họ có thể truy thu dựa vào dòng tiền ra vào tài khoản,Tôi tin rằng nếu đã có Luật thì ai muốn trốn sẽ có cách lách để k bị phát hiện,7,8,1,"Tôi tin rằng Nhà nước, cơ quan thuế có đủ khả năng và công nghệ để phát hiện, xử lý nghiêm các hành vi trốn thuế",Do họ có thể truy thu dựa vào dòng tiền ra vào tài khoản,8,10,2,"Có thể làm online, nên tôi thấy tiện a; So với trước đây, các thủ tục khai báo thuế đơn giản, tiện lợi hơn","Có thể làm online, nên tôi thấy tiện a",9,5,-4,"So với trước đây, tôi thấy cách tính thuế và các bậc thuế trong phương án mới đơn giản, dễ hiểu và dễ thực hiện hơn",Tôi thấy như nhau,7,9,2,"Tại cán bộ thuế ở tôi rất tốt ạ; Dạ, về cơ bản là đã khá chi tiết và rõ ràng ạ",Tại cán bộ thuế ở tôi rất tốt ạ,8,2,-6,"Dạ do tôi dễ tin người ạ; Dạ, mức thuế tôi phải đóng theo phương án mới là công bằng (người thu nhập như tôi đóng mức này là hợp lý)",Tôi thấy phần trăm đóng thuế còn cao so với tôi,7,7,0,"Dạ, số tiền thuế tôi đóng sẽ được Nhà nước sử dụng hiệu quả để cải thiện dịch vụ công ạ",Dạ do tôi dễ tin người ạ,8,8,0,"Dạ, tôi thấy Nhà nước đã giải thích rõ ràng, minh bạch về lý do và mục tiêu của việc sửa đổi thuế lần này","Dạ, về cơ bản là đã khá chi tiết và rõ ràng ạ",9,10,1,"Dạ, là công dân thì phải tuân thủ, vì không có phương án khác ạ","Dạ, là công dân thì phải tuân thủ, vì không có phương án khác ạ"
10,5,947,Nữ,30 - 39,Nông thôn,Sau Đại học,Phi chính thức,29.825719115898593,3,6,5,-1,"Tôi nghĩ rằng cơ quan thuế có thể phát hiện được hành vi trốn thuế thông qua việc kiểm tra tài khoản ngân hàng, nhưng thực tế việc trốn thuế vẫn diễn ra do mức phạt không cao so với số tiền trốn",Tôi tin rằng nếu đã có Luật thì ai muốn trốn sẽ có cách lách để k bị phát hiện,6,8,2,"Việc áp dụng công nghệ hiện đại như phần mềm khai thuế điện tử giúp tăng cường quản lý thuế, nhưng vẫn có thể xảy ra trốn thuế nếu người dân cố tình",Do họ có thể truy thu dựa vào dòng tiền ra vào tài khoản,9,10,1,"Công việc khai thuế và làm thủ tục với cơ quan thuế đã đơn giản hơn nhiều so với trước đây, việc làm online giúp tiết kiệm thời gian","Có thể làm online, nên tôi thấy tiện a",8,5,-3,"Số bậc thuế giảm đi và mức giảm trừ gia cảnh tăng lên giúp việc tính thuế trở nên dễ dàng hơn, dễ hiểu hơn",Tôi thấy như nhau,7,9,2,"Tôi tin rằng cơ quan thuế sẽ thực thi chính sách một cách công bằng, nhưng vẫn có sự không đồng đều trong việc áp dụng",Tại cán bộ thuế ở tôi rất tốt ạ,8,2,-6,"Mức thuế mới được cải thiện so với trước đây, giảm gánh nặng cho người dân như tôi",Tôi thấy phần trăm đóng thuế còn cao so với tôi,7,7,0,Tài nguyên thuế thu được sẽ được sử dụng hiệu quả để cải thiện dịch vụ công,Dạ do tôi dễ tin người ạ,8,8,0,"Cơ quan thuế đã giải thích rõ ràng về mục tiêu của việc sửa đổi luật thuế, tôi đồng ý với mục tiêu này","Dạ, về cơ bản là đã khá chi tiết và rõ ràng ạ",9,10,1,"Tôi ủng hộ và tuân thủ chính sách mới, vì nó giảm gánh nặng thuế cho người dân","Dạ, là công dân thì phải tuân thủ, vì không có phương án khác ạ"
11,1,1043,Nữ,40 - 49,Thành thị,Sau Đại học,Chính thức,236.5105169590117,2,7,4,-3,"Dù biết về tham nhũng và nhũng nhiễu, tôi vẫn tin rằng với mức thuế mới, cơ quan thuế sẽ dễ dàng phát hiện hơn các hành vi trốn thuế.","Vì tham nhũng, nhũng nhiễu",6,5,-1,"Nhìn chung, tôi cho rằng cơ quan thuế có đủ khả năng và công nghệ để kiểm soát, nhưng vẫn lo ngại về vấn đề tham nhũng.","Vì hệ thống và luật định còn mơ hồ, nhiều kẽ hỡ",8,6,-2,"Quy trình đơn giản hơn đã giúp tôi tiết kiệm thời gian, mặc dù vẫn còn một số thủ tục phức tạp.","Quy trình đơn giản hơn, nhưng hệ thống vẫn chưa kiện toàn, nhân sự chưa sắp xếp ổn",7,5,-2,"Biểu thuế mới rõ ràng hơn, nhưng tôi vẫn cảm thấy có thể cải thiện thêm về mặt đơn giản hóa.",Không khác lắm,6,4,-2,"Tôi tin rằng Nhà nước sẽ công bằng trong việc thực thi chính sách, nhưng lo ngại về tham nhũng có thể ảnh hưởng.","Với tôi, thuế vẫn đang nắm trên những người tầng lớp trung lưu, làm công ăn lương",7,2,-5,"Mức thuế mới phù hợp với thu nhập của tôi, nhưng tôi vẫn nghĩ rằng mức bắt đầu đóng thuế quá cao so với khu vực.",Mức bắt đầu đóng thuế ở mỗi mức quá cao so với mặt bằng chung trong khu vực,6,2,-4,"Thuế tôi đóng sẽ được sử dụng hiệu quả để cải thiện dịch vụ công, nhưng tôi lo ngại về hiệu quả thực tế.","Tham nhũng, không minh bạch,",7,6,-1,"Tôi đồng ý với việc giải thích về mục tiêu của chính sách mới, nhưng vẫn thấy thiếu dữ liệu để minh bạch.","Đã giải thích nhưng không thuyết phục, chủ yếu là thiếu data support cho việc ra quyết định",8,5,-3,"Tôi ủng hộ chính sách mới, mặc dù mức thuế hiện tại vẫn cao so với thu nhập thực tế.","Tôi tuân thủ, nhưng với tôi mức thuế hiện tại đang đóng quá cao, trong khi lạm phát đang phi mã"
11,2,1044,Nữ,40 - 49,Thành thị,Sau Đại học,Chính thức,236.5105169590117,2,6,4,-2,"Do hệ thống và luật định còn mơ hồ, nhiều kẽ hỡ, tôi chỉ ở mức trung bình tin tưởng vào khả năng phát hiện gian lận của cơ quan thuế.","Vì tham nhũng, nhũng nhiễu",6,5,-1,"Nhìn chung, tôi cho rằng cơ quan thuế có khả năng phát hiện và xử lý trốn thuế, nhưng do kẽ hở trong luật pháp, khả năng này vẫn còn hạn chế.","Vì hệ thống và luật định còn mơ hồ, nhiều kẽ hỡ",5,6,1,"Quy trình đơn giản hơn, nhưng hệ thống vẫn chưa kiện toàn, nhân sự chưa sắp xếp ổn, do đó tôi chỉ ở mức trung bình tin tưởng vào sự thuận tiện của quy trình.","Quy trình đơn giản hơn, nhưng hệ thống vẫn chưa kiện toàn, nhân sự chưa sắp xếp ổn",8,5,-3,"Bậc thuế đơn giản hơn, dễ hiểu và dễ thực hiện hơn, do đó tôi đánh giá cao về sự thuận tiện này.",Không khác lắm,5,4,-1,"Tôi tin rằng Nhà nước sẽ thực thi chính sách công bằng, nhưng do tham nhũng, không minh bạch, tôi vẫn giữ ở mức trung bình.","Với tôi, thuế vẫn đang nắm trên những người tầng lớp trung lưu, làm công ăn lương",5,2,-3,"Mức thuế mới tôi phải đóng là hợp lý, nhưng do mức bắt đầu đóng thuế ở mỗi mức quá cao so với mặt bằng chung, tôi chỉ ở mức trung bình tin tưởng về độ công bằng.",Mức bắt đầu đóng thuế ở mỗi mức quá cao so với mặt bằng chung trong khu vực,5,2,-3,"Tôi tin rằng số tiền thuế tôi đóng sẽ được sử dụng hiệu quả, nhưng do tham nhũng, không minh bạch, tôi chỉ ở mức trung bình tin tưởng.","Tham nhũng, không minh bạch,",5,6,1,"Nhà nước đã giải thích rõ ràng về mục tiêu của việc sửa đổi thuế, nhưng do tham nhũng, không minh bạch, tôi chỉ ở mức trung bình tin tưởng vào tính minh bạch.","Đã giải thích nhưng không thuyết phục, chủ yếu là thiếu data support cho việc ra quyết định",5,5,0,"Tiết kiệm được một số tiền mỗi tháng, nhưng do mức thuế hiện tại đang đóng quá cao, trong khi lạm phát đang phi mã, tôi chỉ ở mức trung bình ủng hộ.","Tôi tuân thủ, nhưng với tôi mức thuế hiện tại đang đóng quá cao, trong khi lạm phát đang phi mã"
11,3,1045,Nữ,40 - 49,Thành thị,Sau Đại học,Chính thức,236.5105169590117,2,2,4,2,"Vì tham nhũng, nhũng nhiễu và hệ thống luật pháp còn mơ hồ, nhiều kẽ hở, nên tôi không tin rằng hành vi gian lận hoặc trốn thuế sẽ dễ dàng bị phát hiện và xử lý nghiêm.","Vì tham nhũng, nhũng nhiễu",2,5,3,"Vì hệ thống và luật định vẫn còn nhiều kẽ hở, nên tôi không tin rằng Nhà nước, cơ quan thuế có đủ khả năng và công nghệ để phát hiện, xử lý nghiêm các hành vi trốn thuế.","Vì hệ thống và luật định còn mơ hồ, nhiều kẽ hỡ",7,6,-1,"Quy trình đơn giản hơn, nhưng hệ thống vẫn chưa kiện toàn, nhân sự chưa sắp xếp ổn, nên tôi thấy các thủ tục khai báo thuế và quy trình làm việc với cơ quan thuế đơn giản, tiện lợi hơn so với trước đây.","Quy trình đơn giản hơn, nhưng hệ thống vẫn chưa kiện toàn, nhân sự chưa sắp xếp ổn",8,5,-3,"Số bậc thuế giảm đi, phương án tính thuế rõ ràng hơn, nên tôi thấy cách tính thuế và các bậc thuế trong phương án mới đơn giản, dễ hiểu và dễ thực hiện hơn.",Không khác lắm,6,4,-2,"Tôi tin rằng Nhà nước, cơ quan thuế sẽ thực thi chính sách mới một cách khách quan, công tâm và đối xử bình đẳng với mọi người nộp thuế, nhưng mức thuế hiện tại đang đóng quá cao trong khi lạm phát đang phi mã.","Với tôi, thuế vẫn đang nắm trên những người tầng lớp trung lưu, làm công ăn lương",5,2,-3,"Mức thuế tôi phải đóng theo phương án mới là công bằng, nhưng mức bắt đầu đóng thuế ở mỗi mức quá cao so với mặt bằng chung trong khu vực, do đó tôi không hoàn toàn tin rằng đó là mức thuế hợp lý.",Mức bắt đầu đóng thuế ở mỗi mức quá cao so với mặt bằng chung trong khu vực,6,2,-4,"Tôi tin tưởng số tiền thuế tôi đóng sẽ được Nhà nước sử dụng hiệu quả để cải thiện dịch vụ công, nhưng mức thuế hiện tại đang đóng quá cao trong khi lạm phát đang phi mã, khiến tôi không hoàn toàn tin tưởng.","Tham nhũng, không minh bạch,",5,6,1,"Nhà nước đã giải thích rõ ràng, minh bạch về lý do và mục tiêu của việc sửa đổi thuế lần này, nhưng mức thuế hiện tại đang đóng quá cao trong khi lạm phát đang phi mã, khiến tôi không hoàn toàn tin tưởng.","Đã giải thích nhưng không thuyết phục, chủ yếu là thiếu data support cho việc ra quyết định",4,5,1,"Tôi tuân thủ, nhưng mức thuế hiện tại đang đóng quá cao trong khi lạm phát đang phi mã, nên tôi không hoàn toàn ủng hộ và tuân thủ chính sách mới hiện nay.","Tôi tuân thủ, nhưng với tôi mức thuế hiện tại đang đóng quá cao, trong khi lạm phát đang phi mã"
11,4,1046,Nữ,40 - 49,Thành thị,Sau Đại học,Chính thức,236.5105169590117,2,2,4,2,"Vì tham nhũng, nhũng nhiễu; Vì hệ thống và luật định còn mơ hồ, nhiều kẽ hỡ","Vì tham nhũng, nhũng nhiễu",2,5,3,"Vì tham nhũng, nhũng nhiễu; Vì hệ thống và luật định còn mơ hồ, nhiều kẽ hỡ","Vì hệ thống và luật định còn mơ hồ, nhiều kẽ hỡ",6,6,0,"Quy trình đơn giản hơn, nhưng hệ thống vẫn chưa kiện toàn, nhân sự chưa sắp xếp ổn","Quy trình đơn giản hơn, nhưng hệ thống vẫn chưa kiện toàn, nhân sự chưa sắp xếp ổn",6,5,-1,"Quy trình đơn giản hơn, nhưng hệ thống vẫn chưa kiện toàn, nhân sự chưa sắp xếp ổn",Không khác lắm,3,4,1,"Với tôi, thuế vẫn đang nắm trên những người tầng lớp trung lưu, làm công ăn lương; Mức bắt đầu đóng thuế ở mỗi mức quá cao so với mặt bằng chung trong khu vực; Tham nhũng, không minh bạch,","Với tôi, thuế vẫn đang nắm trên những người tầng lớp trung lưu, làm công ăn lương",3,2,-1,"Với tôi, thuế vẫn đang nắm trên những người tầng lớp trung lưu, làm công ăn lương; Mức bắt đầu đóng thuế ở mỗi mức quá cao so với mặt bằng chung trong khu vực; Tham nhũng, không minh bạch,",Mức bắt đầu đóng thuế ở mỗi mức quá cao so với mặt bằng chung trong khu vực,3,2,-1,"Với tôi, thuế vẫn đang nắm trên những người tầng lớp trung lưu, làm công ăn lương; Mức bắt đầu đóng thuế ở mỗi mức quá cao so với mặt bằng chung trong khu vực; Tham nhũng, không minh bạch,","Tham nhũng, không minh bạch,",4,6,2,"Đã giải thích nhưng không thuyết phục, chủ yếu là thiếu data support cho việc ra quyết định","Đã giải thích nhưng không thuyết phục, chủ yếu là thiếu data support cho việc ra quyết định",5,5,0,"Tôi tuân thủ, nhưng với tôi mức thuế hiện tại đang đóng quá cao, trong khi lạm phát đang phi mã","Tôi tuân thủ, nhưng với tôi mức thuế hiện tại đang đóng quá cao, trong khi lạm phát đang phi mã"
11,5,1047,Nữ,40 - 49,Thành thị,Sau Đại học,Chính thức,236.5105169590117,2,7,4,-3,"Do hệ thống và luật định vẫn còn nhiều kẽ hở, nên tôi không hoàn toàn tin rằng hành vi gian lận sẽ dễ bị phát hiện.","Vì tham nhũng, nhũng nhiễu",7,5,-2,"Như đã đề cập, tôi lo ngại về việc hệ thống chưa hoàn thiện nên tôi không hoàn toàn tin rằng Nhà nước sẽ xử lý nghiêm các hành vi trốn thuế.","Vì hệ thống và luật định còn mơ hồ, nhiều kẽ hỡ",6,6,0,"Thuật ngữ đơn giản hóa quy trình đã được áp dụng nhưng tôi nhận thấy rằng quy trình vẫn chưa hoàn thiện, nhân sự chưa được sắp xếp ổn.","Quy trình đơn giản hơn, nhưng hệ thống vẫn chưa kiện toàn, nhân sự chưa sắp xếp ổn",8,5,-3,"So với trước đây, việc tính thuế và các bậc thuế mới đơn giản hơn, nhưng tôi vẫn lo ngại về sự minh bạch.",Không khác lắm,7,4,-3,"Tôi tin rằng Nhà nước sẽ thực thi chính sách một cách công bằng, nhưng mức thuế hiện tại vẫn cao hơn so với các nước trong khu vực.","Với tôi, thuế vẫn đang nắm trên những người tầng lớp trung lưu, làm công ăn lương",7,2,-5,"Tôi thấy mức thuế mới là hợp lý cho thu nhập của tôi, nhưng tôi vẫn lo ngại về sự công bằng trong việc phân bổ nguồn thu.",Mức bắt đầu đóng thuế ở mỗi mức quá cao so với mặt bằng chung trong khu vực,7,2,-5,"Tôi tin rằng số tiền thuế tôi đóng sẽ được sử dụng hiệu quả, nhưng tôi vẫn lo ngại về việc sử dụng nguồn thu.","Tham nhũng, không minh bạch,",6,6,0,"Nhà nước đã giải thích về mục tiêu của việc sửa đổi thuế, nhưng tôi cho rằng giải thích chưa đầy đủ.","Đã giải thích nhưng không thuyết phục, chủ yếu là thiếu data support cho việc ra quyết định",7,5,-2,"Tổng thể, tôi ủng hộ chính sách mới nhưng vẫn có một số lo ngại về mức thuế và sự công bằng.","Tôi tuân thủ, nhưng với tôi mức thuế hiện tại đang đóng quá cao, trong khi lạm phát đang phi mã"
12,1,1143,Nam,30 - 39,Thành thị,Đại học,Chính thức,12.012825010758853,1,7,8,1,"Nếu Nhà nước số hóa dần, nộp thuế trên ETax thì khả năng gian lận sẽ giảm xuống, nhưng vẫn cần thêm thời gian để thực hiện.","Nếu Nhà nước số hóa dần, nộp thuế trên ETax thì và có barem cụ thể thì khả năng gian lận sẽ giảm xuống, tuy nhiên có thể đang trong quá trình làm nên vẫn cần thêm thời gian.",4,6,2,Tôi không tin tưởng Nhà nước trong nhiều vấn đề nên còn nghi ngờ về khả năng công nghệ của họ.,"Tôi có lòng tin chưa cao lắm với Nhà nước trong nhiều vấn đề, trong đó có vấn đề công nghệ.",9,9,0,"Cách khai thuế trên ETax đã tiện lợi hơn, thủ tục đơn giản, dễ thực hiện.","Cái này thì tôi thấy có cải thiện, do 2 năm khai thuế bằng ETax thì tiện hơn.",8,8,0,"Bậc thuế và cách tính thuế đơn giản hơn, dễ hiểu hơn so với trước đây.","Tôi thấy logic cơ bản thì ko khác gì, chỉ điều chỉnh mốc con số nên về tính đơn giản, dễ hiểu, dễ thực hiện thì vẫn không thay đổi, nhưng cách tính thì vẫn khá dễ hiểu.",6,7,1,"Nợ nước, cơ quan thuế sẽ thực thi công bằng, nhưng tôi vẫn chưa hoàn toàn tin tưởng.",Tôi ko có cơ sở nào nhưng lòng tin thì ở mức trung bình khá.,7,8,1,Thu nhập của tôi thuộc bậc thuế thấp nên mức thuế mới này là công bằng.,Tôi thấy điều chỉnh theo hướng cải thiện nên vẫn ok. ,8,4,-4,Tôi tin rằng số tiền thuế đóng sẽ được sử dụng hiệu quả để cải thiện dịch vụ công.,"Tôi không tin tưởng việc này, nhìn thấy dịch vụ và hàng hóa công ở mức trung bình đến tệ.",5,6,1,"Có thông tin minh bạch về mục tiêu sửa đổi thuế, nhưng tôi vẫn đa nghi về việc thực hiện.","Tôi thấy cũng có chia sẻ, truyền thông báo chí về việc này nên cũng tạm ok.",9,7,-2,"Chính sách mới giảm thuế cho tôi, nên tôi ủng hộ và tuân thủ.",Tôi ủng hộ vì nhìn chung mức thuế suất có điều chỉnh tốt hơn; vấn đề còn lại là Nhà nước dùng thuế hiệu quả đến đâu thôi.
12,2,1144,Nam,30 - 39,Thành thị,Đại học,Chính thức,12.012825010758853,1,6,8,2,"Mặc dù Nhà nước đang số hóa và tăng cường quản lý thuế, nhưng tôi vẫn giữ thái độ thận trọng về khả năng phát hiện và xử lý trốn thuế.","Nếu Nhà nước số hóa dần, nộp thuế trên ETax thì và có barem cụ thể thì khả năng gian lận sẽ giảm xuống, tuy nhiên có thể đang trong quá trình làm nên vẫn cần thêm thời gian.",6,6,0,"Tôi tin rằng Nhà nước sẽ có công nghệ và khả năng để phát hiện gian lận, nhưng cần thời gian để hoàn thiện.","Tôi có lòng tin chưa cao lắm với Nhà nước trong nhiều vấn đề, trong đó có vấn đề công nghệ.",7,9,2,"Thủ tục khai thuế qua ETax đã đơn giản hơn, nhưng vẫn cần thời gian để người dân thích nghi.","Cái này thì tôi thấy có cải thiện, do 2 năm khai thuế bằng ETax thì tiện hơn.",7,8,1,"Bậc thuế đơn giản hơn, nhưng tôi vẫn thấy cách tính khá dễ hiểu.","Tôi thấy logic cơ bản thì ko khác gì, chỉ điều chỉnh mốc con số nên về tính đơn giản, dễ hiểu, dễ thực hiện thì vẫn không thay đổi, nhưng cách tính thì vẫn khá dễ hiểu.",5,7,2,"Tôi tin rằng Nhà nước sẽ xử lý công bằng, nhưng không hoàn toàn tin tưởng do kinh nghiệm cá nhân.",Tôi ko có cơ sở nào nhưng lòng tin thì ở mức trung bình khá.,7,8,1,"Thu nhập của tôi tăng do mức giảm trừ gia cảnh cao hơn, nên tôi thấy mức thuế mới là công bằng.",Tôi thấy điều chỉnh theo hướng cải thiện nên vẫn ok. ,5,4,-1,"Thuế tôi đóng sẽ được sử dụng hiệu quả để cải thiện dịch vụ công, nhưng tôi không quá tin tưởng.","Tôi không tin tưởng việc này, nhìn thấy dịch vụ và hàng hóa công ở mức trung bình đến tệ.",5,6,1,"Nhà nước đã giải thích rõ ràng về mục tiêu của việc sửa đổi thuế, nhưng tôi không hoàn toàn tin tưởng.","Tôi thấy cũng có chia sẻ, truyền thông báo chí về việc này nên cũng tạm ok.",7,7,0,"Tôi ủng hộ vì mức thuế mới là công bằng, nhưng vẫn lo ngại về việc sử dụng hiệu quả số tiền thuế.",Tôi ủng hộ vì nhìn chung mức thuế suất có điều chỉnh tốt hơn; vấn đề còn lại là Nhà nước dùng thuế hiệu quả đến đâu thôi.
12,3,1145,Nam,30 - 39,Thành thị,Đại học,Chính thức,12.012825010758853,1,7,8,1,"Tôi tin rằng việc Nhà nước số hóa và cải tiến hệ thống ETax sẽ giúp giảm gian lận, nhưng cần thêm thời gian để hoàn thiện công nghệ và quy định.","Nếu Nhà nước số hóa dần, nộp thuế trên ETax thì và có barem cụ thể thì khả năng gian lận sẽ giảm xuống, tuy nhiên có thể đang trong quá trình làm nên vẫn cần thêm thời gian.",5,6,1,"Tôi chưa có niềm tin cao với Nhà nước trong việc thực thi công nghệ, nhưng các cải tiến này có thể giúp giảm gian lận.","Tôi có lòng tin chưa cao lắm với Nhà nước trong nhiều vấn đề, trong đó có vấn đề công nghệ.",9,9,0,"Thủ tục khai thuế qua ETax đã đơn giản và tiện lợi hơn, đặc biệt sau 2 năm thực hiện.","Cái này thì tôi thấy có cải thiện, do 2 năm khai thuế bằng ETax thì tiện hơn.",9,8,-1,"Các bậc thuế mới đơn giản hơn, dễ hiểu và thực hiện thuận tiện hơn so với trước đây.","Tôi thấy logic cơ bản thì ko khác gì, chỉ điều chỉnh mốc con số nên về tính đơn giản, dễ hiểu, dễ thực hiện thì vẫn không thay đổi, nhưng cách tính thì vẫn khá dễ hiểu.",6,7,1,"Tôi tin Nhà nước sẽ thực thi chính sách một cách công bằng, nhưng mức độ tin tưởng còn thấp do những thay đổi trong quá khứ.",Tôi ko có cơ sở nào nhưng lòng tin thì ở mức trung bình khá.,8,8,0,"Mức thuế mới cho phép giảm trừ gia cảnh cao hơn, tôi thấy hợp lý cho thu nhập hiện tại của mình.",Tôi thấy điều chỉnh theo hướng cải thiện nên vẫn ok. ,7,4,-3,"Thuế tôi đóng sẽ được sử dụng hiệu quả để cải thiện dịch vụ công, mặc dù tôi vẫn không hoàn toàn tin tưởng.","Tôi không tin tưởng việc này, nhìn thấy dịch vụ và hàng hóa công ở mức trung bình đến tệ.",6,6,0,"Nhà nước đã giải thích rõ ràng về mục tiêu của việc sửa đổi thuế, nhưng tôi vẫn có lòng tin hạn chế.","Tôi thấy cũng có chia sẻ, truyền thông báo chí về việc này nên cũng tạm ok.",8,7,-1,"Tôi ủng hộ chính sách mới vì mức thuế mới cho phép giảm trừ gia cảnh cao hơn, nhưng vẫn lo ngại về hiệu quả sử dụng thuế.",Tôi ủng hộ vì nhìn chung mức thuế suất có điều chỉnh tốt hơn; vấn đề còn lại là Nhà nước dùng thuế hiệu quả đến đâu thôi.
12,4,1146,Nam,30 - 39,Thành thị,Đại học,Chính thức,12.012825010758853,1,6,8,2,"Dù có cải tiến công nghệ, tôi vẫn tin rằng khả năng phát hiện gian lận còn phụ thuộc vào nhiều yếu tố khác và cần thêm thời gian để thực thi hiệu quả.","Nếu Nhà nước số hóa dần, nộp thuế trên ETax thì và có barem cụ thể thì khả năng gian lận sẽ giảm xuống, tuy nhiên có thể đang trong quá trình làm nên vẫn cần thêm thời gian.",6,6,0,"Tôi cho rằng Nhà nước và cơ quan thuế có đủ khả năng, nhưng cần thêm thời gian để áp dụng công nghệ số hóa.","Tôi có lòng tin chưa cao lắm với Nhà nước trong nhiều vấn đề, trong đó có vấn đề công nghệ.",8,9,1,"Khai thuế qua ETax đã đơn giản hơn, nhưng việc giảm bậc thuế và mức giảm trừ gia cảnh giúp thuận tiện hơn cho người dân.","Cái này thì tôi thấy có cải thiện, do 2 năm khai thuế bằng ETax thì tiện hơn.",7,8,1,"Các bậc thuế mới dễ hiểu, giảm số bậc giúp tính toán dễ dàng hơn, nhưng cơ bản vẫn chưa thay đổi nhiều.","Tôi thấy logic cơ bản thì ko khác gì, chỉ điều chỉnh mốc con số nên về tính đơn giản, dễ hiểu, dễ thực hiện thì vẫn không thay đổi, nhưng cách tính thì vẫn khá dễ hiểu.",5,7,2,"Tôi tin Nhà nước sẽ thực thi công bằng, nhưng mức độ tin tưởng vẫn ở mức trung bình do sự đa nghi về các dịch vụ công.",Tôi ko có cơ sở nào nhưng lòng tin thì ở mức trung bình khá.,7,8,1,"Mức thuế mới phù hợp với thu nhập của tôi, giảm trừ gia cảnh cao hơn giúp giảm gánh nặng, do đó tôi cảm thấy công bằng.",Tôi thấy điều chỉnh theo hướng cải thiện nên vẫn ok. ,6,4,-2,Thuế giảm và giảm trừ gia cảnh cao hơn giúp tôi tin rằng số tiền thuế đóng sẽ được sử dụng hiệu quả cho dịch vụ công.,"Tôi không tin tưởng việc này, nhìn thấy dịch vụ và hàng hóa công ở mức trung bình đến tệ.",5,6,1,"Nhìn chung tôi thấy giải thích về chính sách mới hợp lý, nhưng cần thêm minh bạch về cách sử dụng nguồn thu thuế.","Tôi thấy cũng có chia sẻ, truyền thông báo chí về việc này nên cũng tạm ok.",7,7,0,"Tổng thể, tôi ủng hộ và tuân thủ chính sách mới vì nó giảm gánh nặng thuế và đơn giản hóa quy trình, nhưng vẫn lo ngại về hiệu quả sử dụng nguồn thu.",Tôi ủng hộ vì nhìn chung mức thuế suất có điều chỉnh tốt hơn; vấn đề còn lại là Nhà nước dùng thuế hiệu quả đến đâu thôi.
12,5,1147,Nam,30 - 39,Thành thị,Đại học,Chính thức,12.012825010758853,1,7,8,1,"Tôi tin rằng việc thực thi thuế sẽ trở nên mạnh mẽ hơn với các quy định mới, nhưng vẫn cần thời gian để tất cả các quy trình kỹ thuật được hoàn thiện.","Nếu Nhà nước số hóa dần, nộp thuế trên ETax thì và có barem cụ thể thì khả năng gian lận sẽ giảm xuống, tuy nhiên có thể đang trong quá trình làm nên vẫn cần thêm thời gian.",6,6,0,"Nhà nước đã cải thiện trong việc quản lý thuế, nhưng tôi vẫn không hoàn toàn tin tưởng tuyệt đối.","Tôi có lòng tin chưa cao lắm với Nhà nước trong nhiều vấn đề, trong đó có vấn đề công nghệ.",8,9,1,"Việc sử dụng ETax đã làm cho quy trình trở nên đơn giản và nhanh chóng hơn, tuy nhiên vẫn có thể có những thắc mắc về thủ tục.","Cái này thì tôi thấy có cải thiện, do 2 năm khai thuế bằng ETax thì tiện hơn.",7,8,1,"Các bậc thuế mới đã đơn giản hóa quá trình tính thuế, nhưng vẫn giữ nguyên cách tính nên không thay đổi nhiều về mặt thực tế.","Tôi thấy logic cơ bản thì ko khác gì, chỉ điều chỉnh mốc con số nên về tính đơn giản, dễ hiểu, dễ thực hiện thì vẫn không thay đổi, nhưng cách tính thì vẫn khá dễ hiểu.",7,7,0,"Tôi tin rằng chính sách mới sẽ được thực thi công bằng, nhưng sự thực hiện cụ thể còn phụ thuộc vào sự giám sát.",Tôi ko có cơ sở nào nhưng lòng tin thì ở mức trung bình khá.,9,8,-1,"Mức thuế mới phù hợp với thu nhập của tôi, tăng mức giảm trừ gia cảnh giúp tôi tiết kiệm hơn.",Tôi thấy điều chỉnh theo hướng cải thiện nên vẫn ok. ,7,4,-3,"Tôi tin rằng thuế tôi đóng sẽ được sử dụng hiệu quả, nhưng cần thêm thông tin về cách sử dụng cụ thể.","Tôi không tin tưởng việc này, nhìn thấy dịch vụ và hàng hóa công ở mức trung bình đến tệ.",6,6,0,"Nhà nước đã cung cấp thông tin rõ ràng về mục tiêu của chính sách mới, nhưng tôi vẫn có chút nghi ngờ về việc thực hiện.","Tôi thấy cũng có chia sẻ, truyền thông báo chí về việc này nên cũng tạm ok.",9,7,-2,"Chính sách mới cải thiện đáng kể so với trước đây, tôi ủng hộ và sẽ tuân thủ.",Tôi ủng hộ vì nhìn chung mức thuế suất có điều chỉnh tốt hơn; vấn đề còn lại là Nhà nước dùng thuế hiệu quả đến đâu thôi.
13,1,1243,Nữ,40 - 49,Thành thị,Đại học,Chính thức,139.39343193515901,1,5,8,3,"Theo nhận định, thực thi thuế chủ yếu phụ thuộc vào cách triển khai và áp dụng quy định, hơn là các quy định cụ thể. Do đó, tôi tin rằng với những cải cách này, hành vi gian lận hoặc trốn thuế sẽ ít dễ bị phát hiện hơn so với trước đây.","Thực tế cơ quan thuế dễ dàng phát hiện hạng vi gian lận thuế không phải đến từ các qui định của Luật Thuế TNCN mà đến từ cách triển khai, tuyên truyền ở bước thực thi: áp dụng công nghệ, data cross - check,  thanh tra thuế, CQĐT .",5,9,4,"Công nghệ và các biện pháp như cross-check, thanh tra thuế, và CQĐT có thể giúp cải thiện, nhưng vẫn phụ thuộc vào thực thi.","Khuyến khích hành vi tiêu dùng cashless của cá nhân, siết chặt các giao dịch cash của hộ kinh doanh cá thể và DN",7,5,-2,"Mức thuế giảm và số bậc thuế ít hơn làm cho thủ tục đơn giản hơn, dễ hiểu hơn, nhưng trang web của cơ quan thuế vẫn cần cải thiện.","Trang web cau co quan thue vẫn chưa hỗ trợ chức năngtruy suất thông tin lịch sử về hồ sơ kê khai và nộp thúe cá nhân ( chỉ kiểm tra được các thông tin cơ bản, không thể hiênn chi tiết như Canada/ Mỹ)",7,8,1,"Biểu thuế đơn giản hơn, nhưng việc truy suất thông tin lịch sử về hồ sơ kê khai và nộp thuế trên trang web chưa được cải thiện.",Bậc tính thuế ít hơn --> tính toán đơn giản hơn.,4,5,1,"Công bằng của mức thuế phụ thuộc vào nhiều yếu tố như lĩnh vực và địa phương, nên tôi không hoàn toàn tin tưởng vào tính công bằng.","Không có cơ sở để tin việc này, vì hiện nay các loại dữ liệu để support cơ quan thuế kiểm tra việc tuân thủ thuế chưa đồng bộ giữa các địa phương và các ngành --> nên nếu công dân nào làm trong lĩnh vực buộc phải tuân thủ thì tuân thủ, sống ở địa phương nào mà cơ quan thuế làm gắt hơn thi sẽ
nộp thuế đầy đủ hơn..",4,5,1,"Mức thuế mới là hợp lý, nhưng do các yếu tố địa phương và lĩnh vực, nên tôi không hoàn toàn tin vào tính công bằng.","Mức thuế hợp lý nhưng nói công bằng thì không hẳn, nhưu đã nói trên, tuỳ vào linh  vực và địa bàn sinh sống thì mức độ nộp thuế khác nhau ( do cơ quan thực thi quyết định)",6,5,-1,"Tôi tin rằng số tiền thuế đóng sẽ được sử dụng hiệu quả, nhưng vẫn có sự đa dạng trong thực thi.","Luật ngân sách của VN không phản ánh được điều này, đại biểu QH VN không có nhiều cơ hội để phản biện ngân sách QG một cách phù hợp",6,6,0,"Luật và các quy định mới đã được giải thích, nhưng tôi vẫn nghi ngờ về tính minh bạch và hiệu quả thực thi.","Theo quy định của Luật Ban hành VB pháp luật, Bộ TC đã giải thích đầy đủ nhưng không thuyết phục.",7,9,2,"Tác động tài chính tích cực và số bậc thuế đơn giản hơn khiến tôi ủng hộ chính sách mới, nhưng vẫn có sự đa nghi về thực thi.",Tôi không có cơ hội để không tuân thủ
13,2,1244,Nữ,40 - 49,Thành thị,Đại học,Chính thức,139.39343193515901,1,6,8,2,"Dựa trên kinh nghiệm, tôi thấy việc phát hiện hành vi gian lận thuế phụ thuộc nhiều vào thực thi và công nghệ, không chỉ là quy định của Luật Thuế TNCN.","Thực tế cơ quan thuế dễ dàng phát hiện hạng vi gian lận thuế không phải đến từ các qui định của Luật Thuế TNCN mà đến từ cách triển khai, tuyên truyền ở bước thực thi: áp dụng công nghệ, data cross - check,  thanh tra thuế, CQĐT .",6,9,3,"Những cải tiến về công nghệ và hệ thống quản lý thuế có thể giúp phát hiện gian lận hiệu quả hơn, nhưng thực tế còn phụ thuộc vào việc triển khai.","Khuyến khích hành vi tiêu dùng cashless của cá nhân, siết chặt các giao dịch cash của hộ kinh doanh cá thể và DN",7,5,-2,"Các quy trình khai báo thuế trở nên đơn giản hơn, nhưng hệ thống quản lý thuế vẫn chưa hoàn thiện như Canada/ Mỹ.","Trang web cau co quan thue vẫn chưa hỗ trợ chức năngtruy suất thông tin lịch sử về hồ sơ kê khai và nộp thúe cá nhân ( chỉ kiểm tra được các thông tin cơ bản, không thể hiênn chi tiết như Canada/ Mỹ)",7,8,1,"Số bậc thuế giảm đi, tính toán đơn giản hơn, nhưng cần thêm thời gian để quen với các thay đổi.",Bậc tính thuế ít hơn --> tính toán đơn giản hơn.,6,5,-1,"Tôi tin rằng cơ quan thuế sẽ thực thi chính sách một cách khách quan, nhưng mức độ công bằng phụ thuộc vào nhiều yếu tố như ngành nghề và địa phương.","Không có cơ sở để tin việc này, vì hiện nay các loại dữ liệu để support cơ quan thuế kiểm tra việc tuân thủ thuế chưa đồng bộ giữa các địa phương và các ngành --> nên nếu công dân nào làm trong lĩnh vực buộc phải tuân thủ thì tuân thủ, sống ở địa phương nào mà cơ quan thuế làm gắt hơn thi sẽ
nộp thuế đầy đủ hơn..",6,5,-1,"Mức thuế mới là công bằng so với thu nhập hiện tại của tôi, nhưng việc áp dụng mức thuế này cho mọi người khác có thể không công bằng.","Mức thuế hợp lý nhưng nói công bằng thì không hẳn, nhưu đã nói trên, tuỳ vào linh  vực và địa bàn sinh sống thì mức độ nộp thuế khác nhau ( do cơ quan thực thi quyết định)",6,5,-1,"Thuế đóng góp vào việc cải thiện dịch vụ công, nhưng hiệu quả sử dụng chi phí còn phụ thuộc vào quản lý của chính phủ.","Luật ngân sách của VN không phản ánh được điều này, đại biểu QH VN không có nhiều cơ hội để phản biện ngân sách QG một cách phù hợp",6,6,0,"Nội dung giải thích về mục tiêu của chính sách mới là rõ ràng, nhưng tôi nghi ngờ việc giải thích đầy đủ về các quy định cụ thể.","Theo quy định của Luật Ban hành VB pháp luật, Bộ TC đã giải thích đầy đủ nhưng không thuyết phục.",8,9,1,"Dựa trên tác động tài chính tích cực, tôi sẽ ủng hộ và tuân thủ chính sách mới, nhưng vẫn giữ thái độ thận trọng.",Tôi không có cơ hội để không tuân thủ
13,3,1245,Nữ,40 - 49,Thành thị,Đại học,Chính thức,139.39343193515901,1,7,8,1,"Người thật cho rằng việc phát hiện gian lận thuế chủ yếu phụ thuộc vào thực thi và công nghệ, không chỉ là quy định của luật. Tuy vậy, với các cải cách như công nghệ hóa và việc áp dụng dữ liệu, khả năng phát hiện tăng lên.","Thực tế cơ quan thuế dễ dàng phát hiện hạng vi gian lận thuế không phải đến từ các qui định của Luật Thuế TNCN mà đến từ cách triển khai, tuyên truyền ở bước thực thi: áp dụng công nghệ, data cross - check,  thanh tra thuế, CQĐT .",7,9,2,"Người thật tin rằng cải cách công nghệ và dữ liệu sẽ giúp cải thiện khả năng phát hiện, nhưng cho rằng thực tế sẽ còn phụ thuộc vào cách thực thi.","Khuyến khích hành vi tiêu dùng cashless của cá nhân, siết chặt các giao dịch cash của hộ kinh doanh cá thể và DN",5,5,0,"Trang web của cơ quan thuế chưa hỗ trợ truy suất đầy đủ, nhưng việc rút gọn bậc thuế làm cho quá trình tính thuế đơn giản hơn.","Trang web cau co quan thue vẫn chưa hỗ trợ chức năngtruy suất thông tin lịch sử về hồ sơ kê khai và nộp thúe cá nhân ( chỉ kiểm tra được các thông tin cơ bản, không thể hiênn chi tiết như Canada/ Mỹ)",8,8,0,"Bậc thuế ít hơn và mức giảm trừ gia cảnh cao hơn đã làm cho tính toán thuế dễ dàng hơn, giảm độ phức tạp.",Bậc tính thuế ít hơn --> tính toán đơn giản hơn.,6,5,-1,"Người thật cho rằng Nhà nước sẽ thực thi chính sách công bằng, nhưng mức thuế cụ thể phụ thuộc vào nhiều yếu tố nên chưa chắc chắn.","Không có cơ sở để tin việc này, vì hiện nay các loại dữ liệu để support cơ quan thuế kiểm tra việc tuân thủ thuế chưa đồng bộ giữa các địa phương và các ngành --> nên nếu công dân nào làm trong lĩnh vực buộc phải tuân thủ thì tuân thủ, sống ở địa phương nào mà cơ quan thuế làm gắt hơn thi sẽ
nộp thuế đầy đủ hơn..",6,5,-1,"Người thật cho rằng mức thuế hiện tại là hợp lý, nhưng mức độ công bằng còn phụ thuộc vào nhiều yếu tố khác như ngành nghề và khu vực sinh sống.","Mức thuế hợp lý nhưng nói công bằng thì không hẳn, nhưu đã nói trên, tuỳ vào linh  vực và địa bàn sinh sống thì mức độ nộp thuế khác nhau ( do cơ quan thực thi quyết định)",6,5,-1,"Người thật tin rằng thuế đóng góp vào việc cải thiện dịch vụ công, nhưng mức độ hiệu quả phụ thuộc vào cách sử dụng ngân sách.","Luật ngân sách của VN không phản ánh được điều này, đại biểu QH VN không có nhiều cơ hội để phản biện ngân sách QG một cách phù hợp",5,6,1,"Người thật cho rằng Nhà nước đã giải thích rõ về mục tiêu cải cách, nhưng chưa thuyết phục hoàn toàn.","Theo quy định của Luật Ban hành VB pháp luật, Bộ TC đã giải thích đầy đủ nhưng không thuyết phục.",7,9,2,"Người thật thấy chính sách mới có lợi hơn về mặt tài chính, nhưng vẫn có sự nghi ngờ về cách thực thi và mức độ công bằng.",Tôi không có cơ hội để không tuân thủ
13,4,1246,Nữ,40 - 49,Thành thị,Đại học,Chính thức,139.39343193515901,1,9,8,-1,"Tôi đồng ý với nhận định này, bởi vì mức thuế mới đã đơn giản hóa, giảm số bậc thuế, do đó cơ quan thuế có thể dễ dàng kiểm soát và phát hiện hành vi trốn thuế.","Thực tế cơ quan thuế dễ dàng phát hiện hạng vi gian lận thuế không phải đến từ các qui định của Luật Thuế TNCN mà đến từ cách triển khai, tuyên truyền ở bước thực thi: áp dụng công nghệ, data cross - check,  thanh tra thuế, CQĐT .",9,9,0,"Tôi đồng ý, bởi vì cơ quan thuế đã cải tiến công nghệ và quy trình, nên việc phát hiện và xử lý các hành vi trốn thuế sẽ hiệu quả hơn.","Khuyến khích hành vi tiêu dùng cashless của cá nhân, siết chặt các giao dịch cash của hộ kinh doanh cá thể và DN",8,5,-3,"Tôi đồng ý, vì quy trình khai báo thuế đã đơn giản hơn và việc sử dụng công nghệ đã giúp quá trình làm việc với cơ quan thuế nhanh chóng và thuận tiện hơn.","Trang web cau co quan thue vẫn chưa hỗ trợ chức năngtruy suất thông tin lịch sử về hồ sơ kê khai và nộp thúe cá nhân ( chỉ kiểm tra được các thông tin cơ bản, không thể hiênn chi tiết như Canada/ Mỹ)",8,8,0,"Tôi đồng ý, vì số bậc thuế đã giảm, nên việc tính thuế và hiểu các bậc thuế trở nên dễ dàng hơn.",Bậc tính thuế ít hơn --> tính toán đơn giản hơn.,8,5,-3,"Tôi đồng ý, bởi vì mức thuế mới đã được đơn giản hóa và công bằng hơn, do đó tôi tin rằng cơ quan thuế sẽ thực thi chính sách một cách công bằng.","Không có cơ sở để tin việc này, vì hiện nay các loại dữ liệu để support cơ quan thuế kiểm tra việc tuân thủ thuế chưa đồng bộ giữa các địa phương và các ngành --> nên nếu công dân nào làm trong lĩnh vực buộc phải tuân thủ thì tuân thủ, sống ở địa phương nào mà cơ quan thuế làm gắt hơn thi sẽ
nộp thuế đầy đủ hơn..",8,5,-3,"Tôi đồng ý, vì mức thuế mới phù hợp với thu nhập của tôi và tôi thấy nó công bằng.","Mức thuế hợp lý nhưng nói công bằng thì không hẳn, nhưu đã nói trên, tuỳ vào linh  vực và địa bàn sinh sống thì mức độ nộp thuế khác nhau ( do cơ quan thực thi quyết định)",8,5,-3,"Tôi đồng ý, vì tôi tin rằng thuế tôi đóng sẽ được sử dụng hiệu quả để cải thiện dịch vụ công.","Luật ngân sách của VN không phản ánh được điều này, đại biểu QH VN không có nhiều cơ hội để phản biện ngân sách QG một cách phù hợp",8,6,-2,"Tôi đồng ý, bởi vì cơ quan thuế đã giải thích rõ ràng về mục tiêu và lý do của chính sách mới.","Theo quy định của Luật Ban hành VB pháp luật, Bộ TC đã giải thích đầy đủ nhưng không thuyết phục.",9,9,0,"Tôi ủng hộ chính sách mới, vì nó đã đơn giản hóa quy trình, giảm số bậc thuế và tôi tiết kiệm được tiền thuế, do đó tôi sẽ tuân thủ.",Tôi không có cơ hội để không tuân thủ
13,5,1247,Nữ,40 - 49,Thành thị,Đại học,Chính thức,139.39343193515901,1,2,8,6,"Tôi không đồng ý hoàn toàn với nhận định này. Thực tế, việc phát hiện hành vi gian lận thuế phụ thuộc nhiều vào cách thực thi, công nghệ và sự phối hợp giữa các cơ quan. Luật mới chỉ là một phần trong việc cải thiện.","Thực tế cơ quan thuế dễ dàng phát hiện hạng vi gian lận thuế không phải đến từ các qui định của Luật Thuế TNCN mà đến từ cách triển khai, tuyên truyền ở bước thực thi: áp dụng công nghệ, data cross - check,  thanh tra thuế, CQĐT .",6,9,3,"Tôi đồng ý với một phần của nhận định này. Việc áp dụng công nghệ và cải thiện công tác thanh tra, kiểm tra thuế có thể giúp phát hiện hành vi gian lận thuế một cách hiệu quả hơn.","Khuyến khích hành vi tiêu dùng cashless của cá nhân, siết chặt các giao dịch cash của hộ kinh doanh cá thể và DN",9,5,-4,Tôi đồng ý với nhận định này. Việc đơn giản hóa quy trình khai báo thuế và các bước làm việc với cơ quan thuế làm cho việc thực hiện trở nên dễ dàng hơn.,"Trang web cau co quan thue vẫn chưa hỗ trợ chức năngtruy suất thông tin lịch sử về hồ sơ kê khai và nộp thúe cá nhân ( chỉ kiểm tra được các thông tin cơ bản, không thể hiênn chi tiết như Canada/ Mỹ)",8,8,0,Tôi đồng ý với nhận định này. Việc rút gọn số bậc thuế từ 7 xuống 5 làm cho quá trình tính thuế trở nên đơn giản và dễ hiểu hơn.,Bậc tính thuế ít hơn --> tính toán đơn giản hơn.,3,5,2,"Tôi không đồng ý hoàn toàn với nhận định này. Mặc dù cơ quan thuế đã cố gắng cải thiện, nhưng sự thực thi vẫn phụ thuộc vào cách làm việc của các cơ quan và địa phương.","Không có cơ sở để tin việc này, vì hiện nay các loại dữ liệu để support cơ quan thuế kiểm tra việc tuân thủ thuế chưa đồng bộ giữa các địa phương và các ngành --> nên nếu công dân nào làm trong lĩnh vực buộc phải tuân thủ thì tuân thủ, sống ở địa phương nào mà cơ quan thuế làm gắt hơn thi sẽ
nộp thuế đầy đủ hơn..",8,5,-3,"Tôi đồng ý với nhận định này. Với mức thuế mới, tôi thấy rằng mức thuế mà tôi phải đóng là hợp lý và phù hợp với thu nhập của tôi.","Mức thuế hợp lý nhưng nói công bằng thì không hẳn, nhưu đã nói trên, tuỳ vào linh  vực và địa bàn sinh sống thì mức độ nộp thuế khác nhau ( do cơ quan thực thi quyết định)",7,5,-2,Tôi đồng ý với nhận định này. Tôi tin rằng số tiền thuế mà tôi đóng sẽ được sử dụng hiệu quả để cải thiện các dịch vụ công.,"Luật ngân sách của VN không phản ánh được điều này, đại biểu QH VN không có nhiều cơ hội để phản biện ngân sách QG một cách phù hợp",9,6,-3,Tôi đồng ý với nhận định này. Nhà nước đã giải thích rõ ràng về mục tiêu và lý do của việc sửa đổi thuế lần này.,"Theo quy định của Luật Ban hành VB pháp luật, Bộ TC đã giải thích đầy đủ nhưng không thuyết phục.",9,9,0,"Tôi ủng hộ chính sách mới. Mức thuế mới giảm và quy trình khai báo thuế trở nên đơn giản hơn, giúp tôi tuân thủ dễ dàng hơn.",Tôi không có cơ hội để không tuân thủ
14,1,1343,Nam,25 - 29,Thành thị,Đại học,Chính thức,14.396746754229515,1,6,9,3,"Hiện nay, mức giảm trừ gia cảnh cao hơn thu nhập nên tôi không phải đóng thuế. Tuy nhiên, quy định quản lý thuế hiện nay chưa có biện pháp chế tài hiệu quả để phát hiện giao dịch tiền mặt, nên khả năng phát hiện hành vi gian lận còn thấp.","Quy định hiện nay chưa có biện pháp chế tài cũng như kiểm soát được giao dịch dòng tiền của cá nhân có phải là thu nhập hay không.
Chưa có quy định cụ thể thu nhập từ tiền lương, tiền công phải bắt buộc chuyển khoản qua tài khoản ngân hàng công ty, dẫn đến thu nhập thực tế cao hơn so với mức công ty kê khai.",6,10,4,"Nếu Nhà nước và cơ quan thuế có đủ công cụ và công nghệ, khả năng phát hiện và xử lý trốn thuế sẽ cao hơn. Hiện tại, do thiếu các biện pháp kiểm soát, nên khả năng thực thi còn hạn chế.",Đồng ý vì Nhà nước và cơ quan thuể có đủ công cụ để thực thi.,7,4,-3,"Ứng dụng Etax mobile hiện chưa đầy đủ chức năng nên thủ tục khai báo thuế vẫn còn bất tiện. Tuy nhiên, quy trình làm việc với cơ quan thuế đã được đơn giản hóa và dễ dàng hơn so với trước đây.","Hiên nay, đang khuyến khích, triển khai cá nhân sử dụng app Etax mobile để thực hiện việc nộp thuế, hoàn thuế thu nhập cá nhân. Tuy nhiên, hiện tại app vẫn chưa đầy đủ chức năng (kê khai thuế, thay đổi thông tin cá nhân, hủy mã số thuế không đúng, đăng ký người phụ thuộc,...) để đảm bảo thực hiện các thủ tục, thao tác so với trang thuedientucanhan của Cục Thuế.
Do quy định phân cấp, phân quyền nên chưa được đồng bộ quy trình đối với cùng cấp thuế (Thuế cơ sở,...). Đơn vị thì làm việc trực tiếp, đơn vị làm việc qua zalo, mail, điện thoại, đơn vị chỉ làm việc trên hệ thống mà không có thông tin cán bộ quản lý thuế, gây khó khăn trong việc xử lý.",8,5,-3,"Bậc thuế đã được đơn giản hóa, dễ hiểu hơn và dễ thực hiện hơn so với trước đây. Tuy nhiên, phương án mới vẫn chưa thay đổi cơ bản cách tính thuế.","Chỉ thay đổi bậc thuế, đối với cách tính, cách thực hiện vẫn như cũ. ",9,10,1,"Nhà nước đã triển khai các chính sách bao trùm, giảm trừ gia cảnh cao, nên tôi cảm thấy chính sách mới là công bằng đối với người dân.",Đồng ý vì Nhà nước đang triển khai các chính sách bao trùm.,9,10,1,"Mức thuế mới mà tôi phải đóng là hợp lý so với thu nhập của tôi, nên tôi thấy nó công bằng.",Đồng ý. Tôi cảm thấy mình đóng thuế ít hơn so với trước đây.,8,10,2,"Thuế mà tôi đóng sẽ được sử dụng để cải thiện dịch vụ công, nên tôi tin rằng nó sẽ mang lại lợi ích cho tôi.","Đồng ý vì Nhà nước đang triển khai nhiều dự án, công trình mang lại lợi ích cho người dân.",9,10,1,"Nhà nước đã giải thích rõ ràng về lý do và mục tiêu của việc sửa đổi thuế, nên tôi tin rằng chính sách mới là minh bạch.",Đồng ý. Thông tin đã được truyền thông rộng rãi qua báo đài.,9,10,1,"Sau khi xem xét, tôi ủng hộ và tuân thủ chính sách mới vì mức thuế mà tôi phải đóng là công bằng, và nó mang lại lợi ích cho tôi.",Đồng ý. Vì đó là nghĩa vụ của công dân và tôi tin chính sách mới tốt hơn nên sẽ tuân theo.
14,2,1344,Nam,25 - 29,Thành thị,Đại học,Chính thức,14.396746754229515,1,8,9,1,"Dù chưa có biện pháp chế tài cụ thể, nhưng mức giảm trừ gia cảnh cao hơn so với thu nhập nên tôi không lo ngại về việc trốn thuế.","Quy định hiện nay chưa có biện pháp chế tài cũng như kiểm soát được giao dịch dòng tiền của cá nhân có phải là thu nhập hay không.
Chưa có quy định cụ thể thu nhập từ tiền lương, tiền công phải bắt buộc chuyển khoản qua tài khoản ngân hàng công ty, dẫn đến thu nhập thực tế cao hơn so với mức công ty kê khai.",7,10,3,"Nhà nước và cơ quan thuế có đủ công cụ để kiểm soát giao dịch, nhưng vẫn cần có biện pháp chế tài rõ ràng hơn.",Đồng ý vì Nhà nước và cơ quan thuể có đủ công cụ để thực thi.,6,4,-2,App Etax mobile đã cải thiện so với trước nhưng vẫn chưa đầy đủ chức năng và quy trình chưa đồng bộ.,"Hiên nay, đang khuyến khích, triển khai cá nhân sử dụng app Etax mobile để thực hiện việc nộp thuế, hoàn thuế thu nhập cá nhân. Tuy nhiên, hiện tại app vẫn chưa đầy đủ chức năng (kê khai thuế, thay đổi thông tin cá nhân, hủy mã số thuế không đúng, đăng ký người phụ thuộc,...) để đảm bảo thực hiện các thủ tục, thao tác so với trang thuedientucanhan của Cục Thuế.
Do quy định phân cấp, phân quyền nên chưa được đồng bộ quy trình đối với cùng cấp thuế (Thuế cơ sở,...). Đơn vị thì làm việc trực tiếp, đơn vị làm việc qua zalo, mail, điện thoại, đơn vị chỉ làm việc trên hệ thống mà không có thông tin cán bộ quản lý thuế, gây khó khăn trong việc xử lý.",7,5,-2,Biểu thuế đơn giản hơn nhưng vẫn cần thêm thời gian để quen với cách tính mới.,"Chỉ thay đổi bậc thuế, đối với cách tính, cách thực hiện vẫn như cũ. ",9,10,1,"Chính sách mới có mức giảm trừ gia cảnh cao, tôi tin rằng việc thực thi sẽ công bằng.",Đồng ý vì Nhà nước đang triển khai các chính sách bao trùm.,9,10,1,"Mức thuế mới thấp hơn so với trước, tôi thấy đó là mức hợp lý.",Đồng ý. Tôi cảm thấy mình đóng thuế ít hơn so với trước đây.,8,10,2,"Thuế đóng góp vào việc cải thiện dịch vụ công, tôi tin Nhà nước sẽ sử dụng hiệu quả.","Đồng ý vì Nhà nước đang triển khai nhiều dự án, công trình mang lại lợi ích cho người dân.",9,10,1,"Nhà nước đã giải thích rõ về mục tiêu của chính sách mới, tôi tin họ sẽ thực hiện công bằng.",Đồng ý. Thông tin đã được truyền thông rộng rãi qua báo đài.,10,10,0,Chính sách mới đơn giản hơn và tôi ủng hộ việc cải thiện hệ thống thuế.,Đồng ý. Vì đó là nghĩa vụ của công dân và tôi tin chính sách mới tốt hơn nên sẽ tuân theo.
14,3,1345,Nam,25 - 29,Thành thị,Đại học,Chính thức,14.396746754229515,1,3,9,6,"Quy định hiện nay chưa có biện pháp chế tài cũng như kiểm soát được giao dịch dòng tiền của cá nhân có phải là thu nhập hay không. Điều này khiến hành vi gian lận hoặc trốn thuế khó được phát hiện. Tuy nhiên, với mức giảm trừ gia cảnh cao hơn thu nhập, tôi không phải đóng thuế nên không gặp vấn đề gì.","Quy định hiện nay chưa có biện pháp chế tài cũng như kiểm soát được giao dịch dòng tiền của cá nhân có phải là thu nhập hay không.
Chưa có quy định cụ thể thu nhập từ tiền lương, tiền công phải bắt buộc chuyển khoản qua tài khoản ngân hàng công ty, dẫn đến thu nhập thực tế cao hơn so với mức công ty kê khai.",4,10,6,"Đồng ý vì Nhà nước và cơ quan thuế có đủ công cụ để thực thi. Tuy nhiên, thực tế hiện tại chưa có biện pháp kiểm soát giao dịch dòng tiền nên khó phát hiện hành vi gian lận.",Đồng ý vì Nhà nước và cơ quan thuể có đủ công cụ để thực thi.,5,4,-1,"Hiện nay, đang khuyến khích sử dụng app Etax mobile để thực hiện việc nộp thuế, hoàn thuế. Tuy nhiên, app vẫn chưa đầy đủ chức năng nên chưa thực sự tiện lợi. So với trước đây, thủ tục đơn giản hơn vì không còn cần kê khai nhiều thông tin.","Hiên nay, đang khuyến khích, triển khai cá nhân sử dụng app Etax mobile để thực hiện việc nộp thuế, hoàn thuế thu nhập cá nhân. Tuy nhiên, hiện tại app vẫn chưa đầy đủ chức năng (kê khai thuế, thay đổi thông tin cá nhân, hủy mã số thuế không đúng, đăng ký người phụ thuộc,...) để đảm bảo thực hiện các thủ tục, thao tác so với trang thuedientucanhan của Cục Thuế.
Do quy định phân cấp, phân quyền nên chưa được đồng bộ quy trình đối với cùng cấp thuế (Thuế cơ sở,...). Đơn vị thì làm việc trực tiếp, đơn vị làm việc qua zalo, mail, điện thoại, đơn vị chỉ làm việc trên hệ thống mà không có thông tin cán bộ quản lý thuế, gây khó khăn trong việc xử lý.",7,5,-2,"Cách tính thuế và các bậc thuế trong phương án mới đơn giản hơn so với trước đây. Mặc dù thủ tục chưa hoàn thiện, nhưng tôi thấy dễ dàng hơn khi chỉ cần kê khai thu nhập tính thuế.","Chỉ thay đổi bậc thuế, đối với cách tính, cách thực hiện vẫn như cũ. ",6,10,4,"Đồng ý vì Nhà nước đang triển khai các chính sách bao trùm. Tuy nhiên, quy định chưa đầy đủ chức năng trong app Etax mobile nên vẫn còn gặp khó khăn trong việc thực hiện.",Đồng ý vì Nhà nước đang triển khai các chính sách bao trùm.,6,10,4,"Đồng ý. Mức thuế tôi phải đóng theo phương án mới là hợp lý. Tuy nhiên, do app Etax mobile chưa đầy đủ chức năng nên chưa thực sự thuận tiện.",Đồng ý. Tôi cảm thấy mình đóng thuế ít hơn so với trước đây.,6,10,4,"Đồng ý. Thông tin về chính sách mới đã được truyền thông rộng rãi qua báo đài. Tuy nhiên, việc thực hiện các thủ tục vẫn gặp khó khăn với app Etax mobile chưa đầy đủ chức năng.","Đồng ý vì Nhà nước đang triển khai nhiều dự án, công trình mang lại lợi ích cho người dân.",6,10,4,"Đồng ý. Nhà nước đã giải thích rõ ràng, minh bạch về lý do và mục tiêu của việc sửa đổi thuế lần này. Tuy nhiên, do quy định chưa đầy đủ chức năng trong app Etax mobile nên vẫn còn gặp khó khăn.",Đồng ý. Thông tin đã được truyền thông rộng rãi qua báo đài.,6,10,4,"Đồng ý. Vì đó là nghĩa vụ của công dân và tôi tin chính sách mới tốt hơn nên sẽ tuân theo. Tuy nhiên, do quy định chưa đầy đủ chức năng trong app Etax mobile nên vẫn còn gặp khó khăn.",Đồng ý. Vì đó là nghĩa vụ của công dân và tôi tin chính sách mới tốt hơn nên sẽ tuân theo.
14,4,1346,Nam,25 - 29,Thành thị,Đại học,Chính thức,14.396746754229515,1,7,9,2,"Hiện nay, mặc dù chưa có biện pháp chế tài cụ thể, nhưng với mức giảm trừ gia cảnh cao hơn, cơ quan thuế có thể phát hiện hành vi trốn thuế dễ dàng hơn.","Quy định hiện nay chưa có biện pháp chế tài cũng như kiểm soát được giao dịch dòng tiền của cá nhân có phải là thu nhập hay không.
Chưa có quy định cụ thể thu nhập từ tiền lương, tiền công phải bắt buộc chuyển khoản qua tài khoản ngân hàng công ty, dẫn đến thu nhập thực tế cao hơn so với mức công ty kê khai.",6,10,4,"Nhà nước đã tăng cường công nghệ, nhưng vẫn chưa đồng bộ trong quy trình, dẫn đến khó khăn trong xử lý.",Đồng ý vì Nhà nước và cơ quan thuể có đủ công cụ để thực thi.,5,4,-1,"App Etax mobile đã cải thiện nhưng chưa đầy đủ chức năng, thủ tục vẫn còn phức tạp.","Hiên nay, đang khuyến khích, triển khai cá nhân sử dụng app Etax mobile để thực hiện việc nộp thuế, hoàn thuế thu nhập cá nhân. Tuy nhiên, hiện tại app vẫn chưa đầy đủ chức năng (kê khai thuế, thay đổi thông tin cá nhân, hủy mã số thuế không đúng, đăng ký người phụ thuộc,...) để đảm bảo thực hiện các thủ tục, thao tác so với trang thuedientucanhan của Cục Thuế.
Do quy định phân cấp, phân quyền nên chưa được đồng bộ quy trình đối với cùng cấp thuế (Thuế cơ sở,...). Đơn vị thì làm việc trực tiếp, đơn vị làm việc qua zalo, mail, điện thoại, đơn vị chỉ làm việc trên hệ thống mà không có thông tin cán bộ quản lý thuế, gây khó khăn trong việc xử lý.",8,5,-3,"Biểu thuế đơn giản hơn nhưng cách tính vẫn chưa thay đổi nhiều, dễ hiểu hơn so với trước đây.","Chỉ thay đổi bậc thuế, đối với cách tính, cách thực hiện vẫn như cũ. ",7,10,3,"Nhà nước đã công bố chính sách công bằng, nhưng vẫn còn nhiều bất cập trong thực thi.",Đồng ý vì Nhà nước đang triển khai các chính sách bao trùm.,9,10,1,"Thuế tôi phải đóng thấp hơn, cảm thấy hợp lý.",Đồng ý. Tôi cảm thấy mình đóng thuế ít hơn so với trước đây.,6,10,4,"Thuế đóng vào các dịch vụ công, nhưng chưa thấy kết quả rõ ràng.","Đồng ý vì Nhà nước đang triển khai nhiều dự án, công trình mang lại lợi ích cho người dân.",7,10,3,"Nhà nước đã giải thích rõ về mục tiêu, nhưng còn nhiều thông tin chưa minh bạch.",Đồng ý. Thông tin đã được truyền thông rộng rãi qua báo đài.,9,10,1,Nghĩa vụ của công dân và chính sách mới tốt hơn nên sẽ tuân thủ.,Đồng ý. Vì đó là nghĩa vụ của công dân và tôi tin chính sách mới tốt hơn nên sẽ tuân theo.
14,5,1347,Nam,25 - 29,Thành thị,Đại học,Chính thức,14.396746754229515,1,4,9,5,Quy định hiện nay chưa có biện pháp chế tài cũng như kiểm soát được giao dịch dòng tiền của cá nhân có phải là thu nhập hay không. Đây là một vấn đề phức tạp.,"Quy định hiện nay chưa có biện pháp chế tài cũng như kiểm soát được giao dịch dòng tiền của cá nhân có phải là thu nhập hay không.
Chưa có quy định cụ thể thu nhập từ tiền lương, tiền công phải bắt buộc chuyển khoản qua tài khoản ngân hàng công ty, dẫn đến thu nhập thực tế cao hơn so với mức công ty kê khai.",8,10,2,Đồng ý vì Nhà nước và cơ quan thuế có đủ công cụ để thực thi.,Đồng ý vì Nhà nước và cơ quan thuể có đủ công cụ để thực thi.,6,4,-2,"Hiện nay, đang khuyến khích, triển khai cá nhân sử dụng app Etax mobile để thực hiện việc nộp thuế, hoàn thuế thu nhập cá nhân. Tuy nhiên, app vẫn chưa đầy đủ chức năng để đảm bảo thực hiện các thủ tục.","Hiên nay, đang khuyến khích, triển khai cá nhân sử dụng app Etax mobile để thực hiện việc nộp thuế, hoàn thuế thu nhập cá nhân. Tuy nhiên, hiện tại app vẫn chưa đầy đủ chức năng (kê khai thuế, thay đổi thông tin cá nhân, hủy mã số thuế không đúng, đăng ký người phụ thuộc,...) để đảm bảo thực hiện các thủ tục, thao tác so với trang thuedientucanhan của Cục Thuế.
Do quy định phân cấp, phân quyền nên chưa được đồng bộ quy trình đối với cùng cấp thuế (Thuế cơ sở,...). Đơn vị thì làm việc trực tiếp, đơn vị làm việc qua zalo, mail, điện thoại, đơn vị chỉ làm việc trên hệ thống mà không có thông tin cán bộ quản lý thuế, gây khó khăn trong việc xử lý.",9,5,-4,"Cách tính thuế và các bậc thuế trong phương án mới đơn giản, dễ hiểu và dễ thực hiện hơn. Thuế giảm do mức giảm trừ gia cảnh cao hơn thu nhập.","Chỉ thay đổi bậc thuế, đối với cách tính, cách thực hiện vẫn như cũ. ",9,10,1,Nhà nước đang triển khai các chính sách bao trùm. Thuế giảm do mức giảm trừ gia cảnh cao hơn thu nhập.,Đồng ý vì Nhà nước đang triển khai các chính sách bao trùm.,9,10,1,Mức thuế tôi phải đóng theo phương án mới là công bằng. Thuế giảm do mức giảm trừ gia cảnh cao hơn thu nhập.,Đồng ý. Tôi cảm thấy mình đóng thuế ít hơn so với trước đây.,9,10,1,Thuế giảm do mức giảm trừ gia cảnh cao hơn thu nhập. Số tiền thuế đóng sẽ được sử dụng hiệu quả để cải thiện dịch vụ công.,"Đồng ý vì Nhà nước đang triển khai nhiều dự án, công trình mang lại lợi ích cho người dân.",9,10,1,"Nhà nước đã giải thích rõ ràng, minh bạch về lý do và mục tiêu của việc sửa đổi thuế lần này. Thuế giảm do mức giảm trừ gia cảnh cao hơn thu nhập.",Đồng ý. Thông tin đã được truyền thông rộng rãi qua báo đài.,10,10,0,Đồng ý. Vì đó là nghĩa vụ của công dân và tôi tin chính sách mới tốt hơn nên sẽ tuân theo. Thuế giảm do mức giảm trừ gia cảnh cao hơn thu nhập.,Đồng ý. Vì đó là nghĩa vụ của công dân và tôi tin chính sách mới tốt hơn nên sẽ tuân theo.
15,1,1443,Nữ,30 - 39,Thành thị,Đại học,Chính thức,43.14718797869412,1,8,9,1,"Theo nhận định của tôi, eTax đã liên thông dữ liệu tốt giữa các cơ quan để phát hiện gian lận. Tuy nhiên, vẫn còn một số trường hợp khó kiểm soát.","Với thuế TNCN từ tiền lương, tiền công thì trước khi QH sửa đổi để cải cách biểu thuế, tình trạng gian lận đã rất ít xảy ra. Nếu như có thì chỉ ở đối tượng thuộc diện tự QTT trực tiếp với CQT, còn nếu QTT với công ty thì khó gian lận",8,10,2,"Nhà nước đã đầu tư công nghệ và hệ thống eTax để phát hiện gian lận, nhưng vẫn cần tăng cường hơn nữa.","eTax đang liên thông dữ liệu giữa CQT, BHXH và tờ khai của DN khá tốt để đối chiếu cơ sở dữ liệu này",7,10,3,"Quy trình khai thuế và tính thuế đơn giản hơn, nhưng vẫn cần thêm thời gian quen với các thay đổi.","eTax đang liên thông dữ liệu giữa CQT, BHXH và tờ khai của DN khá tốt để đối chiếu cơ sở dữ liệu này",7,10,3,"Biểu thuế mới đơn giản hơn và dễ hiểu hơn so với trước đây, nhưng có thể vẫn còn phức tạp đối với người không am hiểu về thuế.","Tính thuế thì có công thức sẵn để tính, quan trọng là tính đúng hay sai",7,10,3,"Tôi tin rằng cơ quan thuế sẽ thực thi chính sách một cách công bằng, nhưng cần thêm thời gian để quen với các thay đổi.",Không nhận ra sự khác biệt giữa quan điểm thực thi của Luật sửa đổi này với trước đây,8,8,0,"Thuế mới công bằng hơn với mức giảm trừ gia cảnh cao hơn, phù hợp với thu nhập của tôi.",Phần cập nhật GTGC và NPT đã có bậc tiệm cận với mức sống của thành thị,8,9,1,"Thuế được sử dụng để đầu tư cho dịch vụ công, giúp cải thiện chất lượng cuộc sống.","Đất nước đang vươn mình và chống tham nhũng, lãng phí. Thì tiền thuế đổ vào đầu tư công để phát triển đất nước cũng hợp lý",7,9,2,"Nhà nước đã giải thích rõ về mục tiêu của việc sửa đổi thuế, nhưng cần thêm minh bạch hơn.",Tranh luận rất sôi nổi trên báo chí và các diễn đàn MXH cả năm nay,9,9,0,"Sau khi xem xét, tôi ủng hộ và sẽ tuân thủ chính sách mới, do nó giúp giảm gánh nặng thuế và đơn giản hóa quy trình.",Không nhìn ra có khía cạnh nào chưa tốt ở biểu thuế luỹ tiến hết
15,2,1444,Nữ,30 - 39,Thành thị,Đại học,Chính thức,43.14718797869412,1,7,9,2,"Theo quan điểm, việc liên thông dữ liệu giữa CQT, BHXH và tờ khai của DN đã khá tốt, tuy nhiên, vẫn còn khả năng gian lận ở một số đối tượng. Việc cải cách thuế hiện nay có thể giảm gian lận, nhưng không thể loại bỏ hoàn toàn.","Với thuế TNCN từ tiền lương, tiền công thì trước khi QH sửa đổi để cải cách biểu thuế, tình trạng gian lận đã rất ít xảy ra. Nếu như có thì chỉ ở đối tượng thuộc diện tự QTT trực tiếp với CQT, còn nếu QTT với công ty thì khó gian lận",8,10,2,"Công nghệ eTax đã cải thiện đáng kể, giúp việc quản lý và phát hiện gian lận trở nên dễ dàng hơn. Tuy nhiên, vẫn cần sự giám sát chặt chẽ từ các cơ quan quản lý.","eTax đang liên thông dữ liệu giữa CQT, BHXH và tờ khai của DN khá tốt để đối chiếu cơ sở dữ liệu này",9,10,1,"So với trước đây, các quy trình khai báo thuế đã đơn giản hơn và nhanh chóng hơn. Việc tính thuế cũng dễ dàng hơn với các công thức sẵn có.","eTax đang liên thông dữ liệu giữa CQT, BHXH và tờ khai của DN khá tốt để đối chiếu cơ sở dữ liệu này",9,10,1,"Biểu thuế mới có ít bậc hơn, dễ hiểu và dễ thực hiện hơn. Điều này giúp giảm bớt rắc rối cho người nộp thuế.","Tính thuế thì có công thức sẵn để tính, quan trọng là tính đúng hay sai",7,10,3,"Tôi tin rằng các cơ quan thuế sẽ thực thi chính sách một cách công bằng và khách quan, nhưng cần có thêm thời gian để quen với các thay đổi mới.",Không nhận ra sự khác biệt giữa quan điểm thực thi của Luật sửa đổi này với trước đây,8,8,0,Biểu thuế mới phù hợp với thu nhập của tôi và tôi thấy nó công bằng. Các bậc thuế mới đã tiệm cận hơn với mức sống thực tế của người dân thành thị.,Phần cập nhật GTGC và NPT đã có bậc tiệm cận với mức sống của thành thị,7,9,2,"Tôi tin rằng số tiền thuế tôi đóng sẽ được sử dụng hiệu quả để cải thiện dịch vụ công. Tuy nhiên, cần có thêm thông tin về cách sử dụng số tiền thuế để tăng niềm tin.","Đất nước đang vươn mình và chống tham nhũng, lãng phí. Thì tiền thuế đổ vào đầu tư công để phát triển đất nước cũng hợp lý",7,9,2,"Nhà nước đã giải thích rõ ràng về mục tiêu của việc sửa đổi thuế, tuy nhiên, cần có thêm các biện pháp thực thi cụ thể hơn để tăng niềm tin.",Tranh luận rất sôi nổi trên báo chí và các diễn đàn MXH cả năm nay,9,9,0,"Sau khi xem xét các thay đổi, tôi ủng hộ và tuân thủ chính sách mới. Các thay đổi này giúp giảm gian lận và đơn giản hóa quy trình, tạo ra một môi trường thuế công bằng hơn.",Không nhìn ra có khía cạnh nào chưa tốt ở biểu thuế luỹ tiến hết
15,3,1445,Nữ,30 - 39,Thành thị,Đại học,Chính thức,43.14718797869412,1,7,9,2,"Tôi cho rằng với eTax, việc liên thông dữ liệu giữa CQT, BHXH và tờ khai của DN đã giảm thiểu được gian lận, nhưng không loại trừ khả năng vẫn có hành vi trốn thuế từ những người thuộc diện tự khai trực tiếp với CQT.","Với thuế TNCN từ tiền lương, tiền công thì trước khi QH sửa đổi để cải cách biểu thuế, tình trạng gian lận đã rất ít xảy ra. Nếu như có thì chỉ ở đối tượng thuộc diện tự QTT trực tiếp với CQT, còn nếu QTT với công ty thì khó gian lận",7,10,3,"Nhà nước và cơ quan thuế đã cải thiện đáng kể khả năng phát hiện và xử lý trốn thuế với eTax, nhưng vẫn cần có sự giám sát chặt chẽ hơn từ phía người dân.","eTax đang liên thông dữ liệu giữa CQT, BHXH và tờ khai của DN khá tốt để đối chiếu cơ sở dữ liệu này",6,10,4,"So với trước đây, quy trình khai thuế trở nên đơn giản hơn, nhưng vẫn cần thời gian để người dân quen thuộc với hệ thống mới.","eTax đang liên thông dữ liệu giữa CQT, BHXH và tờ khai của DN khá tốt để đối chiếu cơ sở dữ liệu này",8,10,2,"Biểu thuế mới đơn giản hơn, dễ hiểu và dễ thực hiện hơn, tuy nhiên việc tính toán chính xác vẫn cần sự chú ý từ người nộp thuế.","Tính thuế thì có công thức sẵn để tính, quan trọng là tính đúng hay sai",7,10,3,"Tôi tin rằng Nhà nước sẽ thực thi chính sách một cách khách quan, công bằng, nhưng vẫn cần có sự minh bạch và kiểm soát từ phía người dân.",Không nhận ra sự khác biệt giữa quan điểm thực thi của Luật sửa đổi này với trước đây,8,8,0,"Đối với thu nhập của tôi, mức thuế mới là hợp lý, nhưng tôi vẫn hy vọng sẽ có thêm các chính sách hỗ trợ cho người dân có thu nhập thấp hơn.",Phần cập nhật GTGC và NPT đã có bậc tiệm cận với mức sống của thành thị,7,9,2,"Tôi tin rằng số tiền thuế tôi đóng sẽ được sử dụng hiệu quả để cải thiện dịch vụ công, nhưng cần có thêm minh bạch về việc sử dụng nguồn ngân sách.","Đất nước đang vươn mình và chống tham nhũng, lãng phí. Thì tiền thuế đổ vào đầu tư công để phát triển đất nước cũng hợp lý",7,9,2,"Nhà nước đã giải thích rõ ràng về mục tiêu của việc sửa đổi thuế, nhưng việc thực hiện vẫn cần thêm minh bạch và đối thoại.",Tranh luận rất sôi nổi trên báo chí và các diễn đàn MXH cả năm nay,8,9,1,"Tác động tài chính tích cực từ chính sách mới đã làm tăng niềm tin và sự ủng hộ của tôi, tuy nhiên, vẫn có nhiều khía cạnh cần cải thiện.",Không nhìn ra có khía cạnh nào chưa tốt ở biểu thuế luỹ tiến hết
15,4,1446,Nữ,30 - 39,Thành thị,Đại học,Chính thức,43.14718797869412,1,8,9,1,"Trước đây, tình trạng gian lận thuế đã ít xảy ra, đặc biệt ở đối tượng tự khai trực tiếp với CQT. Với eTax liên thông dữ liệu giữa CQT, BHXH và DN, việc phát hiện hành vi gian lận sẽ dễ dàng hơn.","Với thuế TNCN từ tiền lương, tiền công thì trước khi QH sửa đổi để cải cách biểu thuế, tình trạng gian lận đã rất ít xảy ra. Nếu như có thì chỉ ở đối tượng thuộc diện tự QTT trực tiếp với CQT, còn nếu QTT với công ty thì khó gian lận",8,10,2,"CQT và các cơ quan liên quan đã có sự liên thông dữ liệu tốt để đối chiếu, giúp phát hiện các hành vi trốn thuế.","eTax đang liên thông dữ liệu giữa CQT, BHXH và tờ khai của DN khá tốt để đối chiếu cơ sở dữ liệu này",9,10,1,"So với trước đây, quy trình khai báo thuế và tính thuế đơn giản hơn, dễ hiểu hơn, do số bậc thuế được rút gọn.","eTax đang liên thông dữ liệu giữa CQT, BHXH và tờ khai của DN khá tốt để đối chiếu cơ sở dữ liệu này",9,10,1,"Công thức tính thuế rõ ràng hơn, dễ thực hiện hơn. Việc giảm số bậc thuế từ 7 xuống 5 cũng giúp việc tính thuế trở nên đơn giản hơn.","Tính thuế thì có công thức sẵn để tính, quan trọng là tính đúng hay sai",9,10,1,"Tôi tin rằng cơ quan thuế sẽ thực thi chính sách một cách công bằng, bởi những cải cách này đã được thảo luận và công khai trên các phương tiện thông tin.",Không nhận ra sự khác biệt giữa quan điểm thực thi của Luật sửa đổi này với trước đây,10,8,-2,"Thuế tôi phải đóng thấp hơn so với trước đây, do mức giảm trừ gia cảnh được tăng mạnh. Điều này cho thấy mức thuế mới là công bằng đối với thu nhập của tôi.",Phần cập nhật GTGC và NPT đã có bậc tiệm cận với mức sống của thành thị,10,9,-1,"Tiền thuế tôi đóng sẽ được sử dụng vào các dịch vụ công, như y tế và đường xá, giúp cải thiện chất lượng cuộc sống cho cộng đồng.","Đất nước đang vươn mình và chống tham nhũng, lãng phí. Thì tiền thuế đổ vào đầu tư công để phát triển đất nước cũng hợp lý",10,9,-1,"Nhà nước đã giải thích rõ ràng về mục tiêu của việc cải cách thuế, cho thấy sự minh bạch và trách nhiệm trong việc quản lý thuế.",Tranh luận rất sôi nổi trên báo chí và các diễn đàn MXH cả năm nay,10,9,-1,"Trải qua các thay đổi, tôi thấy chính sách mới mang lại nhiều lợi ích cho tôi và người dân. Tôi ủng hộ và tuân thủ chính sách mới.",Không nhìn ra có khía cạnh nào chưa tốt ở biểu thuế luỹ tiến hết
15,5,1447,Nữ,30 - 39,Thành thị,Đại học,Chính thức,43.14718797869412,1,9,9,0,"Theo tôi, eTax đã liên thông dữ liệu tốt giữa CQT, BHXH và DN, điều này giúp phát hiện gian lận dễ dàng hơn. Tuy nhiên, vẫn có khả năng gian lận từ phía DN hoặc cá nhân tự khai, nhưng không phổ biến.","Với thuế TNCN từ tiền lương, tiền công thì trước khi QH sửa đổi để cải cách biểu thuế, tình trạng gian lận đã rất ít xảy ra. Nếu như có thì chỉ ở đối tượng thuộc diện tự QTT trực tiếp với CQT, còn nếu QTT với công ty thì khó gian lận",9,10,1,"Có công nghệ và dữ liệu liên thông, cơ quan thuế có khả năng phát hiện và xử lý gian lận hiệu quả.","eTax đang liên thông dữ liệu giữa CQT, BHXH và tờ khai của DN khá tốt để đối chiếu cơ sở dữ liệu này",10,10,0,"Trình tự khai thuế và tính thuế đơn giản hơn, dễ hiểu hơn so với trước.","eTax đang liên thông dữ liệu giữa CQT, BHXH và tờ khai của DN khá tốt để đối chiếu cơ sở dữ liệu này",10,10,0,"Bậc thuế ít hơn, công thức tính thuế rõ ràng hơn, dễ dàng áp dụng hơn.","Tính thuế thì có công thức sẵn để tính, quan trọng là tính đúng hay sai",9,10,1,"Nhà nước đã cải thiện công bằng bằng cách tăng giảm trừ gia cảnh, giảm số bậc thuế.",Không nhận ra sự khác biệt giữa quan điểm thực thi của Luật sửa đổi này với trước đây,9,8,-1,"Thuế tôi phải đóng giảm, mức thuế mới hợp lý với thu nhập của tôi.",Phần cập nhật GTGC và NPT đã có bậc tiệm cận với mức sống của thành thị,9,9,0,"Tiền thuế đóng góp vào đầu tư công, cải thiện dịch vụ công.","Đất nước đang vươn mình và chống tham nhũng, lãng phí. Thì tiền thuế đổ vào đầu tư công để phát triển đất nước cũng hợp lý",9,9,0,Nhà nước đã giải thích rõ mục tiêu và lý do sửa đổi thuế.,Tranh luận rất sôi nổi trên báo chí và các diễn đàn MXH cả năm nay,10,9,-1,"Phương án mới giảm gian lận, tăng công bằng và đơn giản hóa thủ tục, tôi ủng hộ.",Không nhìn ra có khía cạnh nào chưa tốt ở biểu thuế luỹ tiến hết
16,1,1543,Nam,30 - 39,Thành thị,Đại học,Chính thức,141.8463101148074,3,6,3,-3,"Dựa trên kinh nghiệm của tôi, quy định về quản lý thuế hiện nay vẫn chưa có cơ chế thực thi và giám sát chặt chẽ, đặc biệt với những trường hợp không rõ ràng. Tuy nhiên, với chính sách mới, mức giảm trừ gia cảnh tăng lên, tôi tin rằng điều này sẽ giảm thiểu tình trạng trốn thuế một phần nào đó.",Quy định về quản lý thuế TNCN chưa có cơ chế thực thi và giám sát chặt. Ví dụ người lao động được người sử dụng lao động cho ESOP được yêu cầu phải nộp thuế khi bán cổ phiếu nhưng hoàn toàn dựa trên tự nguyện khai báo của người lao động và cũng chưa có cách thức để giám sát cổ phiếu được mua vào bán ra là cổ phiếu ESOP,7,5,-2,"Tôi đồng ý với nhận định của mình rằng Nhà nước có thể phát hiện và xử lý trốn thuế, nhưng việc này thường là manual và case by case. Việc cải cách này có thể giúp tăng cường khả năng phát hiện trốn thuế, nhưng cần có sự cải tiến về công nghệ và quy trình quản lý.","Nhà nước có khả năng phát hiện và xử lý hành vi trốn thuế nhưng chỉ là manual, case by case; chưa có tính hệ thống và truy vết theo batch. Đã biết nhiều case nhà nước có thể trực tiếp truy thu thuế từ tài khoản ngân hàng của người trốn thuế mà người trốn thuế chỉ biết khi đã bị trừ tiền. Tuy nhiên, tôi tin rằng đây là những trường hợp lọt vào tầm ngắm của cơ quan do giàu có, nổi tiếng, tố cáo",9,9,0,"Ứng dụng eTax đã giúp việc khai báo và nộp thuế trở nên đơn giản và thuận tiện hơn, đặc biệt là với các quy trình làm việc với cơ quan thuế. Việc giảm số bậc thuế và đơn giản hóa cách tính thuế cũng giúp việc khai báo trở nên dễ dàng hơn.","Đồng ý, với ứng dụng eTax việc tra cứu thuế, nộp thuế thuận tiện bao gồm cả thuế kinh doanh, thuế bán tài sản, thuế trước bạ",8,1,-7,"Các thay đổi về biểu thuế và bậc thuế mới có thể giúp việc tính toán thuế trở nên dễ dàng và dễ hiểu hơn. Tuy nhiên, việc thay đổi các tham số không thay đổi cách tính thuế tổng thể, vẫn cần thêm thời gian để quen thuộc.","chỉ thay đổi các tham số và bậc, cách tính ko thay đổi",7,3,-4,"Tôi tin rằng Nhà nước sẽ thực thi chính sách mới một cách công bằng và đối xử bình đẳng với mọi người nộp thuế. Mức giảm trừ gia cảnh tăng lên phù hợp với thực tế đời sống, nhưng vẫn chưa phản ánh đầy đủ sự khác biệt về mức sống giữa các vùng miền.",thay đổi tham số ko làm thay đổi các ứng xử của cơ quan thuế,6,7,1,"Đối với thu nhập của tôi, mức thuế mới là hợp lý và công bằng. Tuy nhiên, tôi vẫn không tìm thấy nhiều thông tin về lý do và mục tiêu của việc cải cách thuế, điều này làm giảm sự tin tưởng của tôi một phần nào đó.","tôi thấy phương án giảm trừ gia cảnh mới phù hợp hơn với thực tế đời sống nhưng vẫn chưa phản ánh đúng, đặc biệt là mức sống rất khác nhau theo vùng miền",6,2,-4,"Tôi tin rằng số tiền thuế tôi đóng sẽ được sử dụng hiệu quả để cải thiện các dịch vụ công, nhưng tôi không có thông tin cụ thể về việc này. Mức thuế mới giảm, nên tôi cảm thấy hài lòng hơn.",tôi ko rõ tiền thuế được sử dụng như thế nào,6,6,0,"Nhà nước đã giải thích một cách tổng quát về mục tiêu của việc cải cách thuế, nhưng tôi mong muốn có thêm thông tin chi tiết về việc này. Việc cải cách thuế là cần thiết, nhưng cần có sự minh bạch hơn.",tôi không tìm thấy nhiều thông tin về lý do và mục tiêu sửa đổi,8,8,0,"Sau khi xem xét các quyền lợi và nghĩa vụ, tôi ủng hộ chính sách mới hiện nay, mặc dù vẫn có một số lo ngại về sự minh bạch và cách sử dụng nguồn thu thuế.",tôi đóng ít hơn nên tôi ủng hộ :)
16,2,1544,Nam,30 - 39,Thành thị,Đại học,Chính thức,141.8463101148074,3,5,3,-2,"Quy định hiện tại về thực thi thuế vẫn phụ thuộc nhiều vào tự giác của người nộp thuế, đặc biệt là trong các trường hợp phức tạp như ESOP. Việc phát hiện và xử lý trốn thuế vẫn chủ yếu là manual và case by case, chưa thật sự hệ thống hóa.",Quy định về quản lý thuế TNCN chưa có cơ chế thực thi và giám sát chặt. Ví dụ người lao động được người sử dụng lao động cho ESOP được yêu cầu phải nộp thuế khi bán cổ phiếu nhưng hoàn toàn dựa trên tự nguyện khai báo của người lao động và cũng chưa có cách thức để giám sát cổ phiếu được mua vào bán ra là cổ phiếu ESOP,5,5,0,Cơ sở hạ tầng và công nghệ của cơ quan thuế có thể hỗ trợ phát hiện trốn thuế nhưng thực tế vẫn phụ thuộc nhiều vào tự giác của người nộp thuế và khả năng của nhân viên thuế.,"Nhà nước có khả năng phát hiện và xử lý hành vi trốn thuế nhưng chỉ là manual, case by case; chưa có tính hệ thống và truy vết theo batch. Đã biết nhiều case nhà nước có thể trực tiếp truy thu thuế từ tài khoản ngân hàng của người trốn thuế mà người trốn thuế chỉ biết khi đã bị trừ tiền. Tuy nhiên, tôi tin rằng đây là những trường hợp lọt vào tầm ngắm của cơ quan do giàu có, nổi tiếng, tố cáo",7,9,2,"Ứng dụng eTax đã làm đơn giản hóa quy trình khai báo thuế, nhưng vẫn cần cải thiện về độ truy cập và trải nghiệm của người dùng.","Đồng ý, với ứng dụng eTax việc tra cứu thuế, nộp thuế thuận tiện bao gồm cả thuế kinh doanh, thuế bán tài sản, thuế trước bạ",8,1,-7,"Biểu thuế mới đơn giản hơn so với trước nhưng vẫn giữ nguyên cách tính, tạo cảm giác dễ hiểu và dễ thực hiện hơn.","chỉ thay đổi các tham số và bậc, cách tính ko thay đổi",7,3,-4,Tôi tin rằng chính phủ sẽ thực thi chính sách một cách công bằng nhưng cần minh bạch hơn về cách sử dụng tiền thuế.,thay đổi tham số ko làm thay đổi các ứng xử của cơ quan thuế,7,7,0,"Thuế mới giảm đi, tôi thấy mình đóng ít hơn nên cảm thấy công bằng hơn nhưng mức giảm chưa phản ánh đúng sự khác biệt về mức sống giữa các vùng miền.","tôi thấy phương án giảm trừ gia cảnh mới phù hợp hơn với thực tế đời sống nhưng vẫn chưa phản ánh đúng, đặc biệt là mức sống rất khác nhau theo vùng miền",6,2,-4,Tôi tin rằng số tiền thuế tôi đóng sẽ được sử dụng hiệu quả nhưng cần có thêm thông tin về việc này.,tôi ko rõ tiền thuế được sử dụng như thế nào,6,6,0,Chính phủ đã giải thích về mục tiêu sửa đổi thuế nhưng vẫn chưa minh bạch rõ về cách thực hiện.,tôi không tìm thấy nhiều thông tin về lý do và mục tiêu sửa đổi,8,8,0,"Tôi tiết kiệm được tiền thuế nên ủng hộ chính sách mới. Tuy nhiên, vẫn có một số điểm chưa hoàn hảo nên cần cải thiện.",tôi đóng ít hơn nên tôi ủng hộ :)
16,3,1545,Nam,30 - 39,Thành thị,Đại học,Chính thức,141.8463101148074,3,2,3,1,"Tôi không đồng ý. Mặc dù mức thuế đã giảm nhưng cơ chế thực thi và giám sát thuế vẫn còn nhiều lỗ hổng, không đủ mạnh để phát hiện và xử lý trốn thuế.",Quy định về quản lý thuế TNCN chưa có cơ chế thực thi và giám sát chặt. Ví dụ người lao động được người sử dụng lao động cho ESOP được yêu cầu phải nộp thuế khi bán cổ phiếu nhưng hoàn toàn dựa trên tự nguyện khai báo của người lao động và cũng chưa có cách thức để giám sát cổ phiếu được mua vào bán ra là cổ phiếu ESOP,2,5,3,Tôi không đồng ý. Cơ quan thuế cần nhiều công cụ và công nghệ hơn để phát hiện trốn thuế một cách hiệu quả.,"Nhà nước có khả năng phát hiện và xử lý hành vi trốn thuế nhưng chỉ là manual, case by case; chưa có tính hệ thống và truy vết theo batch. Đã biết nhiều case nhà nước có thể trực tiếp truy thu thuế từ tài khoản ngân hàng của người trốn thuế mà người trốn thuế chỉ biết khi đã bị trừ tiền. Tuy nhiên, tôi tin rằng đây là những trường hợp lọt vào tầm ngắm của cơ quan do giàu có, nổi tiếng, tố cáo",9,9,0,Tôi đồng ý. Các quy trình khai thuế và làm việc với cơ quan thuế đã đơn giản hơn so với trước đây.,"Đồng ý, với ứng dụng eTax việc tra cứu thuế, nộp thuế thuận tiện bao gồm cả thuế kinh doanh, thuế bán tài sản, thuế trước bạ",9,1,-8,Tôi đồng ý. Các bậc thuế và cách tính thuế trong phương án mới đơn giản và dễ hiểu hơn.,"chỉ thay đổi các tham số và bậc, cách tính ko thay đổi",8,3,-5,Tôi đồng ý. Tôi tin rằng cơ quan thuế sẽ thực thi chính sách một cách công bằng.,thay đổi tham số ko làm thay đổi các ứng xử của cơ quan thuế,8,7,-1,"Tôi đồng ý. Mức thuế mới công bằng hơn so với trước đây, giảm gánh nặng cho người dân.","tôi thấy phương án giảm trừ gia cảnh mới phù hợp hơn với thực tế đời sống nhưng vẫn chưa phản ánh đúng, đặc biệt là mức sống rất khác nhau theo vùng miền",8,2,-6,Tôi đồng ý. Số tiền thuế đóng sẽ được sử dụng hiệu quả để cải thiện dịch vụ công.,tôi ko rõ tiền thuế được sử dụng như thế nào,8,6,-2,Tôi đồng ý. Nhà nước đã giải thích rõ ràng về mục tiêu và lý do sửa đổi thuế.,tôi không tìm thấy nhiều thông tin về lý do và mục tiêu sửa đổi,10,8,-2,Tôi ủng hộ vì mức thuế mới giảm đáng kể và đơn giản hơn.,tôi đóng ít hơn nên tôi ủng hộ :)
16,4,1546,Nam,30 - 39,Thành thị,Đại học,Chính thức,141.8463101148074,3,4,3,-1,"Tôi không tin rằng hành vi gian lận hoặc trốn thuế sẽ dễ dàng bị phát hiện và xử lý nghiêm với quy định hiện nay. Việc phát hiện và xử lý chỉ dựa trên tự nguyện khai báo và manual, không có hệ thống truy vết theo batch.",Quy định về quản lý thuế TNCN chưa có cơ chế thực thi và giám sát chặt. Ví dụ người lao động được người sử dụng lao động cho ESOP được yêu cầu phải nộp thuế khi bán cổ phiếu nhưng hoàn toàn dựa trên tự nguyện khai báo của người lao động và cũng chưa có cách thức để giám sát cổ phiếu được mua vào bán ra là cổ phiếu ESOP,7,5,-2,"Tôi đồng ý rằng với ứng dụng eTax, việc tra cứu và nộp thuế trở nên thuận tiện hơn, nhưng việc phát hiện và xử lý trốn thuế vẫn phụ thuộc vào việc tự nguyện khai báo của người dân.","Nhà nước có khả năng phát hiện và xử lý hành vi trốn thuế nhưng chỉ là manual, case by case; chưa có tính hệ thống và truy vết theo batch. Đã biết nhiều case nhà nước có thể trực tiếp truy thu thuế từ tài khoản ngân hàng của người trốn thuế mà người trốn thuế chỉ biết khi đã bị trừ tiền. Tuy nhiên, tôi tin rằng đây là những trường hợp lọt vào tầm ngắm của cơ quan do giàu có, nổi tiếng, tố cáo",9,9,0,"So với trước đây, quy trình làm việc với cơ quan thuế đơn giản và thuận tiện hơn với ứng dụng eTax.","Đồng ý, với ứng dụng eTax việc tra cứu thuế, nộp thuế thuận tiện bao gồm cả thuế kinh doanh, thuế bán tài sản, thuế trước bạ",9,1,-8,"Cách tính thuế và các bậc thuế mới đơn giản, dễ hiểu và dễ thực hiện hơn so với trước đây.","chỉ thay đổi các tham số và bậc, cách tính ko thay đổi",7,3,-4,"Tôi tin rằng Nhà nước sẽ thực thi chính sách một cách khách quan và công bằng, nhưng vẫn có sự nghi ngờ về cách sử dụng số tiền thuế.",thay đổi tham số ko làm thay đổi các ứng xử của cơ quan thuế,8,7,-1,"Mức thuế mới giảm, tôi cảm thấy công bằng hơn, nhưng mức sống ở các vùng miền khác nhau vẫn chưa được phản ánh.","tôi thấy phương án giảm trừ gia cảnh mới phù hợp hơn với thực tế đời sống nhưng vẫn chưa phản ánh đúng, đặc biệt là mức sống rất khác nhau theo vùng miền",6,2,-4,"Tôi tin rằng số tiền thuế tôi đóng sẽ được sử dụng hiệu quả, nhưng không có thông tin cụ thể về cách sử dụng.",tôi ko rõ tiền thuế được sử dụng như thế nào,7,6,-1,"Nhà nước đã giải thích rõ ràng về mục tiêu của việc sửa đổi thuế, nhưng tôi vẫn nghi ngờ về việc thực thi.",tôi không tìm thấy nhiều thông tin về lý do và mục tiêu sửa đổi,8,8,0,"Tôi ủng hộ và tuân thủ chính sách mới do giảm thuế và đơn giản hóa quy trình, nhưng vẫn có sự nghi ngờ về hiệu quả sử dụng số tiền thuế.",tôi đóng ít hơn nên tôi ủng hộ :)
16,5,1547,Nam,30 - 39,Thành thị,Đại học,Chính thức,141.8463101148074,3,3,3,0,Tôi không tin rằng quy định hiện tại đủ mạnh để phát hiện trốn thuế một cách hiệu quả. Rất nhiều người giàu có và nổi tiếng chỉ bị phát hiện khi đã bị tố cáo.,Quy định về quản lý thuế TNCN chưa có cơ chế thực thi và giám sát chặt. Ví dụ người lao động được người sử dụng lao động cho ESOP được yêu cầu phải nộp thuế khi bán cổ phiếu nhưng hoàn toàn dựa trên tự nguyện khai báo của người lao động và cũng chưa có cách thức để giám sát cổ phiếu được mua vào bán ra là cổ phiếu ESOP,4,5,1,"Tôi tin rằng công nghệ có thể hỗ trợ trong việc phát hiện trốn thuế, nhưng thực tế vẫn chưa thể thực hiện một cách hệ thống và tự động.","Nhà nước có khả năng phát hiện và xử lý hành vi trốn thuế nhưng chỉ là manual, case by case; chưa có tính hệ thống và truy vết theo batch. Đã biết nhiều case nhà nước có thể trực tiếp truy thu thuế từ tài khoản ngân hàng của người trốn thuế mà người trốn thuế chỉ biết khi đã bị trừ tiền. Tuy nhiên, tôi tin rằng đây là những trường hợp lọt vào tầm ngắm của cơ quan do giàu có, nổi tiếng, tố cáo",7,9,2,"Các thủ tục khai thuế đã đơn giản hơn, nhưng việc sử dụng ứng dụng eTax vẫn đòi hỏi sự kỹ thuật và có thể gây khó khăn cho người không am hiểu công nghệ.","Đồng ý, với ứng dụng eTax việc tra cứu thuế, nộp thuế thuận tiện bao gồm cả thuế kinh doanh, thuế bán tài sản, thuế trước bạ",8,1,-7,"Cách tính thuế mới đơn giản hơn so với trước đây, dễ dàng hơn cho người dân, nhưng vẫn chưa thay đổi cơ bản cách tính thuế","chỉ thay đổi các tham số và bậc, cách tính ko thay đổi",2,3,1,"Tôi không tin rằng cơ quan thuế sẽ thực thi công bằng với mọi người, đặc biệt là với những người có địa vị và quyền lực.",thay đổi tham số ko làm thay đổi các ứng xử của cơ quan thuế,5,7,2,"Thuế mới giảm đáng kể, nhưng tôi không chắc liệu số tiền này có được sử dụng hiệu quả hay không. Đặc biệt, mức sống khác nhau ở các vùng miền chưa được phản ánh.","tôi thấy phương án giảm trừ gia cảnh mới phù hợp hơn với thực tế đời sống nhưng vẫn chưa phản ánh đúng, đặc biệt là mức sống rất khác nhau theo vùng miền",3,2,-1,Tôi không tin rằng số tiền thuế tôi đóng sẽ được sử dụng hiệu quả để cải thiện dịch vụ công. Thông tin về việc sử dụng số tiền này rất hạn chế.,tôi ko rõ tiền thuế được sử dụng như thế nào,4,6,2,Tôi không thấy giải thích rõ ràng về lý do và mục tiêu của việc sửa đổi thuế lần này. Thông tin còn hạn chế và không đầy đủ.,tôi không tìm thấy nhiều thông tin về lý do và mục tiêu sửa đổi,8,8,0,"Tôi ủng hộ chính sách mới vì giảm thuế cho tôi và gia đình, tuy nhiên, tôi vẫn có một số lo ngại về việc thực thi và sử dụng số tiền thuế.",tôi đóng ít hơn nên tôi ủng hộ :)
17,1,1643,Nữ,30 - 39,Thành thị,Sau Đại học,Chính thức,39.899655705022894,0,6,8,2,"Dù các quy định quản lý thuế hiện nay được sửa đổi chặt chẽ hơn, nhưng chưa đủ để phát hiện 100% hành vi gian lận tinh vi.","Các quy định quản lý thuế hiện nay được sửa đổi chặt chẽ hơn, nhưng có thể chưa đủ mức kiểm soát 100% đối với hành vi gian lận tinh vi.",6,8,2,"Nhà nước, cơ quan thuế đang tăng cường khả năng và công nghệ để phát hiện, xử lý nghiêm các hành vi trốn thuế, nhưng chưa đủ mức phát hiện 100% đối với hành vi gian lận tinh vi.","Nhà nước, cơ quan thuế đang tăng cường khả năng và công nghệ để phát hiện, xử lý nghiêm các hành vi trốn thuế, nhưng có thể chưa đủ mức phát hiện 100% đối với hành vi gian lận tinh vi.",5,5,0,"Các thủ tục chuyển từ trực tiếp sang trực tuyến nhanh chóng hơn, thủ tục kiểm soát được tăng cường nên không đơn giản hơn.",Các thủ tục chuyển từ trực tiếp sang trực tuyến thì nhanh chóng hơn. Nhưng vì các thủ tục kiểm soát được tăng cường nên có thể không đơn giản hơn.,8,10,2,"Biểu thuế đơn giản hơn, ít bậc hơn, dễ hiểu và dễ thực hiện hơn so với trước đây.",Đối với riêng cá nhân thì tôi thấy dễ thực hiện hơn vì biểu thuế ít bậc hơn.,7,8,1,"Nhà nước, cơ quan thuế sẽ thực thi một cách khách quan, công tâm và đối xử bình đẳng với mọi người nộp thuế, nhưng vẫn có thiên kiến cá nhân.","Chính sách thuế của Nhà nước luôn có mục tiêu khách quan, công tâm và đối xử bình đẳng với mọi người nộp thuế. Nhưng người thực thi là cá nhân, cũng giống như mọi công dân sẽ có thiên kiến riêng của mình.",7,8,1,"Công bằng ở mức độ tương đối, so với biểu thuế cũ thì biểu thuế mới được sửa đổi tốt hơn.",Tôi thấy công bằng ở mức độ tương đối. Nếu so sánh với biểu thuế cũ thì biểu thuế mới được sửa đổi tốt hơn rồi.,7,8,1,"Tài chính được tiết kiệm, số tiền thuế đóng sẽ được sử dụng hiệu quả để cải thiện dịch vụ công, nhưng chưa có KPI rõ ràng.","Tôi nhận thấy Nhà nước đã nỗ lực sử dụng nhiều nguồn ngân sách để đầu tư công, phát triển cơ sở hạ tầng và cải thiện đời sống người dân gần đây trong năm 2025. Tuy nhiên, việc đánh giá hiệu quả chưa có KPI rõ ràng để xem xét.",7,8,1,"Nhà nước đã giải thích rõ ràng về lý do và mục tiêu của việc sửa đổi thuế lần này, nhưng chưa hoàn toàn minh bạch.","Nhà nước đã truyền thông rõ ràng, minh bạch về lý do và mục tiêu của việc sửa đổi thuế lần này một cách tương đối. ",9,10,1,"Chính sách mới hướng sửa đổi tích cực, ủng hộ và tuân thủ chính sách mới.",Tôi thấy chính sách mới có hướng sửa đổi tích cực so với trước đây nên ủng hộ và tuân thủ chính sách mới.
17,2,1644,Nữ,30 - 39,Thành thị,Sau Đại học,Chính thức,39.899655705022894,0,7,8,1,"Các quy định quản lý thuế hiện nay được sửa đổi chặt chẽ hơn, nhưng chưa chắc chắn 100% phát hiện được các hành vi gian lận tinh vi.","Các quy định quản lý thuế hiện nay được sửa đổi chặt chẽ hơn, nhưng có thể chưa đủ mức kiểm soát 100% đối với hành vi gian lận tinh vi.",7,8,1,"Nhà nước, cơ quan thuế đang tăng cường khả năng và công nghệ để phát hiện, xử lý nghiêm các hành vi trốn thuế, nhưng chưa chắc chắn 100% phát hiện được các hành vi gian lận tinh vi.","Nhà nước, cơ quan thuế đang tăng cường khả năng và công nghệ để phát hiện, xử lý nghiêm các hành vi trốn thuế, nhưng có thể chưa đủ mức phát hiện 100% đối với hành vi gian lận tinh vi.",6,5,-1,Các thủ tục chuyển từ trực tiếp sang trực tuyến thì nhanh chóng hơn. Nhưng do các thủ tục kiểm soát được tăng cường nên không đơn giản hơn.,Các thủ tục chuyển từ trực tiếp sang trực tuyến thì nhanh chóng hơn. Nhưng vì các thủ tục kiểm soát được tăng cường nên có thể không đơn giản hơn.,9,10,1,"So với trước đây, cách tính thuế và các bậc thuế trong phương án mới đơn giản, dễ hiểu và dễ thực hiện hơn.",Đối với riêng cá nhân thì tôi thấy dễ thực hiện hơn vì biểu thuế ít bậc hơn.,8,8,0,"Chính sách thuế của Nhà nước luôn có mục tiêu khách quan, công tâm và đối xử bình đẳng với mọi người nộp thuế. Tuy nhiên, người thực thi là cá nhân, cũng giống như mọi công dân sẽ có thiên kiến riêng của mình.","Chính sách thuế của Nhà nước luôn có mục tiêu khách quan, công tâm và đối xử bình đẳng với mọi người nộp thuế. Nhưng người thực thi là cá nhân, cũng giống như mọi công dân sẽ có thiên kiến riêng của mình.",8,8,0,Tôi thấy công bằng ở mức độ tương đối. Nếu so sánh với biểu thuế cũ thì biểu thuế mới được sửa đổi tốt hơn rồi.,Tôi thấy công bằng ở mức độ tương đối. Nếu so sánh với biểu thuế cũ thì biểu thuế mới được sửa đổi tốt hơn rồi.,7,8,1,"Nhà nước đã nỗ lực sử dụng nhiều nguồn ngân sách để đầu tư công, phát triển cơ sở hạ tầng và cải thiện đời sống người dân gần đây trong năm 2025. Tuy nhiên, việc đánh giá hiệu quả chưa có KPI rõ ràng để xem xét.","Tôi nhận thấy Nhà nước đã nỗ lực sử dụng nhiều nguồn ngân sách để đầu tư công, phát triển cơ sở hạ tầng và cải thiện đời sống người dân gần đây trong năm 2025. Tuy nhiên, việc đánh giá hiệu quả chưa có KPI rõ ràng để xem xét.",8,8,0,"Nhà nước đã truyền thông rõ ràng, minh bạch về lý do và mục tiêu của việc sửa đổi thuế lần này một cách tương đối.","Nhà nước đã truyền thông rõ ràng, minh bạch về lý do và mục tiêu của việc sửa đổi thuế lần này một cách tương đối. ",9,10,1,Tôi thấy chính sách mới có hướng sửa đổi tích cực so với trước đây nên ủng hộ và tuân thủ chính sách mới.,Tôi thấy chính sách mới có hướng sửa đổi tích cực so với trước đây nên ủng hộ và tuân thủ chính sách mới.
17,3,1645,Nữ,30 - 39,Thành thị,Sau Đại học,Chính thức,39.899655705022894,0,7,8,1,"Dù các quy định quản lý thuế hiện nay được sửa đổi chặt chẽ hơn, nhưng không thể phát hiện 100% hành vi gian lận tinh vi.","Các quy định quản lý thuế hiện nay được sửa đổi chặt chẽ hơn, nhưng có thể chưa đủ mức kiểm soát 100% đối với hành vi gian lận tinh vi.",7,8,1,"Nhà nước và cơ quan thuế có khả năng và công nghệ tốt hơn để phát hiện trốn thuế, nhưng không thể phát hiện 100%.","Nhà nước, cơ quan thuế đang tăng cường khả năng và công nghệ để phát hiện, xử lý nghiêm các hành vi trốn thuế, nhưng có thể chưa đủ mức phát hiện 100% đối với hành vi gian lận tinh vi.",6,5,-1,"Thủ tục chuyển từ trực tiếp sang trực tuyến nhanh hơn, nhưng do các quy định tăng cường, nó không đơn giản hơn.",Các thủ tục chuyển từ trực tiếp sang trực tuyến thì nhanh chóng hơn. Nhưng vì các thủ tục kiểm soát được tăng cường nên có thể không đơn giản hơn.,8,10,2,"Biểu thuế mới đơn giản hơn so với trước, với số bậc thuế giảm đi, dễ thực hiện hơn.",Đối với riêng cá nhân thì tôi thấy dễ thực hiện hơn vì biểu thuế ít bậc hơn.,7,8,1,"Tôi tin Nhà nước sẽ thực thi chính sách một cách công bằng, nhưng mỗi người thực thi có thể có thiên kiến.","Chính sách thuế của Nhà nước luôn có mục tiêu khách quan, công tâm và đối xử bình đẳng với mọi người nộp thuế. Nhưng người thực thi là cá nhân, cũng giống như mọi công dân sẽ có thiên kiến riêng của mình.",8,8,0,"Mức thuế mới hợp lý cho thu nhập của tôi, tăng giảm trừ gia cảnh tạo cảm giác công bằng.",Tôi thấy công bằng ở mức độ tương đối. Nếu so sánh với biểu thuế cũ thì biểu thuế mới được sửa đổi tốt hơn rồi.,6,8,2,"Thuế tôi đóng sẽ được sử dụng hiệu quả cho công ích, nhưng hiệu quả cụ thể chưa có KPI rõ ràng.","Tôi nhận thấy Nhà nước đã nỗ lực sử dụng nhiều nguồn ngân sách để đầu tư công, phát triển cơ sở hạ tầng và cải thiện đời sống người dân gần đây trong năm 2025. Tuy nhiên, việc đánh giá hiệu quả chưa có KPI rõ ràng để xem xét.",7,8,1,"Nhà nước đã giải thích rõ mục tiêu và lý do của việc sửa đổi thuế, nhưng không quá chi tiết.","Nhà nước đã truyền thông rõ ràng, minh bạch về lý do và mục tiêu của việc sửa đổi thuế lần này một cách tương đối. ",9,10,1,"Chính sách mới có hướng sửa đổi tích cực, tôi ủng hộ và tuân thủ.",Tôi thấy chính sách mới có hướng sửa đổi tích cực so với trước đây nên ủng hộ và tuân thủ chính sách mới.
17,4,1646,Nữ,30 - 39,Thành thị,Sau Đại học,Chính thức,39.899655705022894,0,6,8,2,Mặc dù thuế mới có thể đơn giản hơn nhưng vẫn có thể bị trốn thuế tinh vi.,"Các quy định quản lý thuế hiện nay được sửa đổi chặt chẽ hơn, nhưng có thể chưa đủ mức kiểm soát 100% đối với hành vi gian lận tinh vi.",6,8,2,Nhiều công nghệ hiện đại đã được áp dụng nhưng không thể phát hiện 100% trốn thuế tinh vi.,"Nhà nước, cơ quan thuế đang tăng cường khả năng và công nghệ để phát hiện, xử lý nghiêm các hành vi trốn thuế, nhưng có thể chưa đủ mức phát hiện 100% đối với hành vi gian lận tinh vi.",7,5,-2,"Thủ tục chuyển từ trực tiếp sang trực tuyến giúp tiết kiệm thời gian, nhưng vẫn cần tuân thủ các quy định chặt chẽ hơn.",Các thủ tục chuyển từ trực tiếp sang trực tuyến thì nhanh chóng hơn. Nhưng vì các thủ tục kiểm soát được tăng cường nên có thể không đơn giản hơn.,8,10,2,"Bậc thuế giảm từ 7 xuống 5 giúp dễ dàng tính toán và thực hiện hơn, nhưng vẫn cần tuân thủ quy định mới.",Đối với riêng cá nhân thì tôi thấy dễ thực hiện hơn vì biểu thuế ít bậc hơn.,7,8,1,"Chính sách mới được thực thi công bằng, nhưng người thực thi vẫn có thiên kiến.","Chính sách thuế của Nhà nước luôn có mục tiêu khách quan, công tâm và đối xử bình đẳng với mọi người nộp thuế. Nhưng người thực thi là cá nhân, cũng giống như mọi công dân sẽ có thiên kiến riêng của mình.",6,8,2,"Thuế mới được cải thiện so với cũ, nhưng vẫn có thể thay đổi và không hoàn toàn công bằng.",Tôi thấy công bằng ở mức độ tương đối. Nếu so sánh với biểu thuế cũ thì biểu thuế mới được sửa đổi tốt hơn rồi.,6,8,2,"Thuế mới được sử dụng để cải thiện dịch vụ công, nhưng hiệu quả chưa rõ ràng.","Tôi nhận thấy Nhà nước đã nỗ lực sử dụng nhiều nguồn ngân sách để đầu tư công, phát triển cơ sở hạ tầng và cải thiện đời sống người dân gần đây trong năm 2025. Tuy nhiên, việc đánh giá hiệu quả chưa có KPI rõ ràng để xem xét.",7,8,1,"Nhà nước đã minh bạch về mục tiêu của việc sửa đổi thuế, nhưng vẫn cần cải thiện.","Nhà nước đã truyền thông rõ ràng, minh bạch về lý do và mục tiêu của việc sửa đổi thuế lần này một cách tương đối. ",9,10,1,Chính sách mới được ủng hộ vì giảm gánh nặng thuế và đơn giản hóa quy trình.,Tôi thấy chính sách mới có hướng sửa đổi tích cực so với trước đây nên ủng hộ và tuân thủ chính sách mới.
17,5,1647,Nữ,30 - 39,Thành thị,Sau Đại học,Chính thức,39.899655705022894,0,6,8,2,"Dù các quy định quản lý thuế hiện nay được sửa đổi chặt chẽ hơn, nhưng có thể chưa đủ mức kiểm soát 100% đối với hành vi gian lận tinh vi; Nhà nước, cơ quan thuế đang tăng cường khả năng và công nghệ để phát hiện, xử lý nghiêm các hành vi trốn thuế, nhưng có thể chưa đủ mức phát hiện 100% đối với hành vi gian lận tinh vi.","Các quy định quản lý thuế hiện nay được sửa đổi chặt chẽ hơn, nhưng có thể chưa đủ mức kiểm soát 100% đối với hành vi gian lận tinh vi.",6,8,2,"Nhà nước, cơ quan thuế đang tăng cường khả năng và công nghệ để phát hiện, xử lý nghiêm các hành vi trốn thuế, nhưng có thể chưa đủ mức phát hiện 100% đối với hành vi gian lận tinh vi.","Nhà nước, cơ quan thuế đang tăng cường khả năng và công nghệ để phát hiện, xử lý nghiêm các hành vi trốn thuế, nhưng có thể chưa đủ mức phát hiện 100% đối với hành vi gian lận tinh vi.",5,5,0,Các thủ tục chuyển từ trực tiếp sang trực tuyến thì nhanh chóng hơn. Nhưng vì các thủ tục kiểm soát được tăng cường nên không đơn giản hơn so với trước đây; đối với riêng cá nhân thì tôi thấy dễ thực hiện hơn vì biểu thuế ít bậc hơn.,Các thủ tục chuyển từ trực tiếp sang trực tuyến thì nhanh chóng hơn. Nhưng vì các thủ tục kiểm soát được tăng cường nên có thể không đơn giản hơn.,8,10,2,"So với trước đây, cách tính thuế và các bậc thuế trong phương án mới đơn giản, dễ hiểu và dễ thực hiện hơn; đối với cá nhân, tôi thấy dễ thực hiện hơn vì biểu thuế ít bậc hơn.",Đối với riêng cá nhân thì tôi thấy dễ thực hiện hơn vì biểu thuế ít bậc hơn.,8,8,0,"Chính sách thuế của Nhà nước luôn có mục tiêu khách quan, công tâm và đối xử bình đẳng với mọi người nộp thuế; Nhà nước đã nỗ lực sử dụng nhiều nguồn ngân sách để đầu tư công, phát triển cơ sở hạ tầng và cải thiện đời sống người dân gần đây trong năm 2025.","Chính sách thuế của Nhà nước luôn có mục tiêu khách quan, công tâm và đối xử bình đẳng với mọi người nộp thuế. Nhưng người thực thi là cá nhân, cũng giống như mọi công dân sẽ có thiên kiến riêng của mình.",8,8,0,"Tôi thấy mức thuế tôi phải đóng theo phương án mới là công bằng (người thu nhập như tôi đóng mức này là hợp lý); so với biểu thuế cũ, biểu thuế mới được sửa đổi tốt hơn.",Tôi thấy công bằng ở mức độ tương đối. Nếu so sánh với biểu thuế cũ thì biểu thuế mới được sửa đổi tốt hơn rồi.,8,8,0,"Tôi tin tưởng số tiền thuế tôi đóng sẽ được Nhà nước sử dụng hiệu quả để cải thiện dịch vụ công (y tế, đường xá...); tôi nhận thấy Nhà nước đã truyền thông rõ ràng, minh bạch về lý do và mục tiêu của việc sửa đổi thuế lần này một cách tương đối.","Tôi nhận thấy Nhà nước đã nỗ lực sử dụng nhiều nguồn ngân sách để đầu tư công, phát triển cơ sở hạ tầng và cải thiện đời sống người dân gần đây trong năm 2025. Tuy nhiên, việc đánh giá hiệu quả chưa có KPI rõ ràng để xem xét.",8,8,0,"Nhà nước đã truyền thông rõ ràng, minh bạch về lý do và mục tiêu của việc sửa đổi thuế lần này một cách tương đối; tôi thấy chính sách mới có hướng sửa đổi tích cực so với trước đây nên ủng hộ và tuân thủ chính sách mới.","Nhà nước đã truyền thông rõ ràng, minh bạch về lý do và mục tiêu của việc sửa đổi thuế lần này một cách tương đối. ",10,10,0,"Tôi thấy chính sách mới có hướng sửa đổi tích cực so với trước đây nên ủng hộ và tuân thủ chính sách mới; sau khi xem xét các quyền lợi và nghĩa vụ, tôi đồng ý với phương án mới.",Tôi thấy chính sách mới có hướng sửa đổi tích cực so với trước đây nên ủng hộ và tuân thủ chính sách mới.
18,1,1743,Nữ,30 - 39,Thành thị,Đại học,Chính thức,35.28159629809114,2,3,9,6,Người dân không tin rằng hệ thống quản lý thuế hiện tại đủ mạnh để phát hiện và xử lý trốn thuế do kinh nghiệm hạn chế về việc phát hiện và xử lý,"Đô thị là nơi tập trung kinh tế, tại đó giao dịch thanh toán phần lớn bằng điện tử, các dấu vết dễ dàng truy xuất, lưu lại dấu vết. Hoá đơn cũng bắt buộc xuất điện tử. Chế tài xử phạt tăng, điều tra xử lý vi phạm trên diện rộng đã tăng tính răn đe.",4,7,3,Người dân tin rằng việc sử dụng công nghệ để rà soát toàn bộ hoạt động kinh tế chưa phát triển đầy đủ nên chưa thể phát hiện trốn thuế hiệu quả,"Khi điều tra sẽ phát hiện, nhưng nguồn lực và công nghệ để rà soát toàn bộ hoạt động kinh tế ở giai đoạn hiện tại thì chưa",6,5,-1,Thủ tục mới đơn giản hơn nhưng người dân cần thời gian để làm quen và hiểu rõ các quy định mới,Ko biết do tôi chưa từng làm thủ tục,7,5,-2,Việc tính thuế và các bậc thuế mới dễ hiểu hơn nhưng vẫn cần thời gian để làm quen,"Câu hỏi chưa rõ. Dễ tính - dễ thực hiện với ai? Với người làm ctac khấu trừ thuế hay với cơ quan nhà nước?nếu với người lao động bình thường thì do tôi ko tự đọc quy định, ko tự tính nên ko biết có dễ hiểu ko, tôi sẽ hỏi chat GPT hoặc các web và nhập số liệu chờ kết quả. Tôi cũng ko phải người tính thuế ở cty nên ko biết so vs trước đây dễ hay khó hơn.",3,5,2,"Người dân tin rằng việc phát hiện và xử lý trốn thuế chưa công bằng, chưa công tâm do nguồn lực hạn chế","Nếu đối với những người cùng đối tượng chịu thuế tại cùng khu vực sống sẽ bình đẳng, nhưng giữa người làm công với người kinh doanh nhỏ lẻ thì ko biết vì tôi ko tìm hiểu quy định, giữa người sống ở thành thị với nông thôn ko biết có áp dụng hệ số và chênh lệch theo chi phí sinh hoạt hay ko, nếu ko thì ko bình đẳng",5,9,4,Thuế mới giảm nên người dân thấy công bằng hơn nhưng vẫn có lo ngại về cách thực thi,"Số thuế nhỏ , phù hợp để đóng góp 1 chút cho ngân sách nn",7,6,-1,Người dân tin rằng số thuế đóng sẽ được sử dụng hiệu quả để cải thiện dịch vụ công,"Chiến lược cải cách đang thực hiện trên diện rộng, tôi tin chính sách chung là đúng đắn nhưng ko biết năng lực thực thi của cả hệ thống có đáp ứng đc ko, lãnh đạo đất nước ko phải người đc đào tạo bài bản về kinh tế, ko tin lắm sẽ làm đc",4,6,2,Người dân chưa được giải thích rõ ràng về mục tiêu của việc sửa đổi thuế lần này,"Ko nghe, ko đọc giải thích nên ko biết",8,9,1,Thuế giảm nên người dân thấy hợp lý và ủng hộ chính sách mới,Tôi đóng ít hơn và phù hợp thì ủng hộ thôi
18,2,1744,Nữ,30 - 39,Thành thị,Đại học,Chính thức,35.28159629809114,2,7,9,2,"Tôi đồng ý với phần nào do tôi tin rằng doanh nghiệp và cơ quan thuế có hệ thống giám sát mạnh mẽ, nhưng chưa chắc chắn về khả năng phát hiện và xử lý trốn thuế rộng rãi cho cá nhân.","Đô thị là nơi tập trung kinh tế, tại đó giao dịch thanh toán phần lớn bằng điện tử, các dấu vết dễ dàng truy xuất, lưu lại dấu vết. Hoá đơn cũng bắt buộc xuất điện tử. Chế tài xử phạt tăng, điều tra xử lý vi phạm trên diện rộng đã tăng tính răn đe.",7,7,0,"Tôi đồng ý với phần nào do tôi tin rằng Nhà nước có công nghệ và nguồn lực để giám sát, nhưng chưa chắc chắn về khả năng thực thi rốt ráo.","Khi điều tra sẽ phát hiện, nhưng nguồn lực và công nghệ để rà soát toàn bộ hoạt động kinh tế ở giai đoạn hiện tại thì chưa",6,5,-1,"Tôi đồng ý do quy trình đơn giản hơn, nhưng chưa chắc chắn về sự thuận tiện thực tế khi thực hiện.",Ko biết do tôi chưa từng làm thủ tục,6,5,-1,"Tôi đồng ý do số bậc thuế giảm, dễ tính toán hơn, nhưng chưa chắc chắn về sự đơn giản thực tế.","Câu hỏi chưa rõ. Dễ tính - dễ thực hiện với ai? Với người làm ctac khấu trừ thuế hay với cơ quan nhà nước?nếu với người lao động bình thường thì do tôi ko tự đọc quy định, ko tự tính nên ko biết có dễ hiểu ko, tôi sẽ hỏi chat GPT hoặc các web và nhập số liệu chờ kết quả. Tôi cũng ko phải người tính thuế ở cty nên ko biết so vs trước đây dễ hay khó hơn.",7,5,-2,"Tôi đồng ý do tôi tin rằng mức thuế mới là hợp lý, nhưng chưa chắc chắn về việc thực thi công bằng.","Nếu đối với những người cùng đối tượng chịu thuế tại cùng khu vực sống sẽ bình đẳng, nhưng giữa người làm công với người kinh doanh nhỏ lẻ thì ko biết vì tôi ko tìm hiểu quy định, giữa người sống ở thành thị với nông thôn ko biết có áp dụng hệ số và chênh lệch theo chi phí sinh hoạt hay ko, nếu ko thì ko bình đẳng",7,9,2,"Tôi đồng ý do mức thuế mới phù hợp với thu nhập của tôi, nhưng chưa chắc chắn về sự công bằng trong việc áp dụng.","Số thuế nhỏ , phù hợp để đóng góp 1 chút cho ngân sách nn",7,6,-1,"Tôi đồng ý do tôi tin rằng thuế đóng góp vào việc cải thiện dịch vụ công, nhưng chưa chắc chắn về hiệu quả sử dụng.","Chiến lược cải cách đang thực hiện trên diện rộng, tôi tin chính sách chung là đúng đắn nhưng ko biết năng lực thực thi của cả hệ thống có đáp ứng đc ko, lãnh đạo đất nước ko phải người đc đào tạo bài bản về kinh tế, ko tin lắm sẽ làm đc",7,6,-1,"Tôi đồng ý do tôi tin rằng giải thích về mục tiêu cải cách thuế là minh bạch, nhưng chưa chắc chắn về sự thực hiện.","Ko nghe, ko đọc giải thích nên ko biết",7,9,2,"Tôi ủng hộ do mức thuế mới phù hợp, nhưng chưa chắc chắn về khả năng thực thi.",Tôi đóng ít hơn và phù hợp thì ủng hộ thôi
18,3,1745,Nữ,30 - 39,Thành thị,Đại học,Chính thức,35.28159629809114,2,6,9,3,"Tăng cường quản lý thuế và công nghệ truy xuất, nhưng nguồn lực và khả năng rà soát toàn bộ hoạt động kinh tế còn hạn chế.","Đô thị là nơi tập trung kinh tế, tại đó giao dịch thanh toán phần lớn bằng điện tử, các dấu vết dễ dàng truy xuất, lưu lại dấu vết. Hoá đơn cũng bắt buộc xuất điện tử. Chế tài xử phạt tăng, điều tra xử lý vi phạm trên diện rộng đã tăng tính răn đe.",5,7,2,"Năng lực của cơ quan thuế trong việc phát hiện và xử lý trốn thuế còn hạn chế, chưa đủ để đảm bảo răn đe hiệu quả.","Khi điều tra sẽ phát hiện, nhưng nguồn lực và công nghệ để rà soát toàn bộ hoạt động kinh tế ở giai đoạn hiện tại thì chưa",7,5,-2,"Đơn giản hóa quy trình khai thuế, nhưng vẫn còn phức tạp khi phải tính toán nhiều bậc thuế.",Ko biết do tôi chưa từng làm thủ tục,8,5,-3,"Các bậc thuế mới đơn giản hơn, dễ hiểu và thực hiện dễ dàng hơn so với trước đây.","Câu hỏi chưa rõ. Dễ tính - dễ thực hiện với ai? Với người làm ctac khấu trừ thuế hay với cơ quan nhà nước?nếu với người lao động bình thường thì do tôi ko tự đọc quy định, ko tự tính nên ko biết có dễ hiểu ko, tôi sẽ hỏi chat GPT hoặc các web và nhập số liệu chờ kết quả. Tôi cũng ko phải người tính thuế ở cty nên ko biết so vs trước đây dễ hay khó hơn.",6,5,-1,"Tôi tin rằng Nhà nước sẽ thực hiện chính sách một cách công bằng, nhưng chưa rõ năng lực thực thi.","Nếu đối với những người cùng đối tượng chịu thuế tại cùng khu vực sống sẽ bình đẳng, nhưng giữa người làm công với người kinh doanh nhỏ lẻ thì ko biết vì tôi ko tìm hiểu quy định, giữa người sống ở thành thị với nông thôn ko biết có áp dụng hệ số và chênh lệch theo chi phí sinh hoạt hay ko, nếu ko thì ko bình đẳng",9,9,0,"Thuế tôi phải đóng giảm đi, phù hợp với thu nhập của tôi, cảm thấy công bằng.","Số thuế nhỏ , phù hợp để đóng góp 1 chút cho ngân sách nn",7,6,-1,Tôi tin số tiền thuế đóng sẽ được sử dụng hiệu quả để cải thiện dịch vụ công.,"Chiến lược cải cách đang thực hiện trên diện rộng, tôi tin chính sách chung là đúng đắn nhưng ko biết năng lực thực thi của cả hệ thống có đáp ứng đc ko, lãnh đạo đất nước ko phải người đc đào tạo bài bản về kinh tế, ko tin lắm sẽ làm đc",5,6,1,"Chính sách mới chưa được giải thích rõ ràng, nhưng mục tiêu là cải thiện công bằng và hiệu quả.","Ko nghe, ko đọc giải thích nên ko biết",9,9,0,"Chính sách mới giảm gánh nặng thuế cho tôi, tôi sẽ ủng hộ và tuân thủ.",Tôi đóng ít hơn và phù hợp thì ủng hộ thôi
18,4,1746,Nữ,30 - 39,Thành thị,Đại học,Chính thức,35.28159629809114,2,7,9,2,"Khi thuế điện tử và rà soát toàn bộ hoạt động kinh tế tăng, hành vi gian lận dễ bị phát hiện. Tuy nhiên, nguồn lực và công nghệ để rà soát toàn diện chưa đủ.","Đô thị là nơi tập trung kinh tế, tại đó giao dịch thanh toán phần lớn bằng điện tử, các dấu vết dễ dàng truy xuất, lưu lại dấu vết. Hoá đơn cũng bắt buộc xuất điện tử. Chế tài xử phạt tăng, điều tra xử lý vi phạm trên diện rộng đã tăng tính răn đe.",6,7,1,"Thuế điện tử và công nghệ rà soát tăng, nhưng nguồn lực chưa đủ để thực hiện trên diện rộng. Điều tra vi phạm trốn thuế có thể tăng.","Khi điều tra sẽ phát hiện, nhưng nguồn lực và công nghệ để rà soát toàn bộ hoạt động kinh tế ở giai đoạn hiện tại thì chưa",8,5,-3,"Các quy định đơn giản hơn, dễ thực hiện hơn so với trước đây. Thủ tục khai báo thuế và làm việc với cơ quan thuế nhanh chóng hơn.",Ko biết do tôi chưa từng làm thủ tục,9,5,-4,"Biểu thuế đơn giản, dễ hiểu hơn. Các bậc thuế rõ ràng, dễ tính toán và thực hiện.","Câu hỏi chưa rõ. Dễ tính - dễ thực hiện với ai? Với người làm ctac khấu trừ thuế hay với cơ quan nhà nước?nếu với người lao động bình thường thì do tôi ko tự đọc quy định, ko tự tính nên ko biết có dễ hiểu ko, tôi sẽ hỏi chat GPT hoặc các web và nhập số liệu chờ kết quả. Tôi cũng ko phải người tính thuế ở cty nên ko biết so vs trước đây dễ hay khó hơn.",8,5,-3,"Thuế giảm, người dân đóng thuế ít hơn. Mức thuế mới được coi là công bằng. Cơ quan thuế có thể thực thi công bằng hơn.","Nếu đối với những người cùng đối tượng chịu thuế tại cùng khu vực sống sẽ bình đẳng, nhưng giữa người làm công với người kinh doanh nhỏ lẻ thì ko biết vì tôi ko tìm hiểu quy định, giữa người sống ở thành thị với nông thôn ko biết có áp dụng hệ số và chênh lệch theo chi phí sinh hoạt hay ko, nếu ko thì ko bình đẳng",7,9,2,"Thuế giảm, phù hợp với thu nhập hiện tại. Mức thuế mới được xem là công bằng. Tuy nhiên, chưa rõ thực thi như thế nào.","Số thuế nhỏ , phù hợp để đóng góp 1 chút cho ngân sách nn",6,6,0,"Thuế giảm, số tiền đóng vào ngân sách được coi là công bằng. Tuy nhiên, chưa rõ ngân sách sẽ được sử dụng như thế nào.","Chiến lược cải cách đang thực hiện trên diện rộng, tôi tin chính sách chung là đúng đắn nhưng ko biết năng lực thực thi của cả hệ thống có đáp ứng đc ko, lãnh đạo đất nước ko phải người đc đào tạo bài bản về kinh tế, ko tin lắm sẽ làm đc",5,6,1,"Chưa rõ chính sách mới giải thích rõ ràng về mục tiêu và lý do. Tuy nhiên, thuế giảm nên ủng hộ.","Ko nghe, ko đọc giải thích nên ko biết",9,9,0,"Thuế giảm, phù hợp với thu nhập hiện tại. Tôi ủng hộ chính sách mới vì giảm gánh nặng thuế.",Tôi đóng ít hơn và phù hợp thì ủng hộ thôi
18,5,1747,Nữ,30 - 39,Thành thị,Đại học,Chính thức,35.28159629809114,2,6,9,3,"Dù đô thị tập trung kinh tế và giao dịch chủ yếu bằng điện tử, nhưng nguồn lực và công nghệ để rà soát toàn bộ hoạt động kinh tế hiện tại chưa đủ. Điều này làm giảm tính tin cậy trong việc phát hiện gian lận.","Đô thị là nơi tập trung kinh tế, tại đó giao dịch thanh toán phần lớn bằng điện tử, các dấu vết dễ dàng truy xuất, lưu lại dấu vết. Hoá đơn cũng bắt buộc xuất điện tử. Chế tài xử phạt tăng, điều tra xử lý vi phạm trên diện rộng đã tăng tính răn đe.",6,7,1,"Nhu cầu về nguồn lực và công nghệ để thực thi luật thuế cần thời gian, nhưng hiện tại chưa đủ để đảm bảo việc phát hiện và xử lý nghiêm các hành vi trốn thuế.","Khi điều tra sẽ phát hiện, nhưng nguồn lực và công nghệ để rà soát toàn bộ hoạt động kinh tế ở giai đoạn hiện tại thì chưa",7,5,-2,"Cách tính thuế đơn giản hơn, nhưng tôi vẫn cần thời gian để làm quen với các quy định mới và các bước khai báo thuế.",Ko biết do tôi chưa từng làm thủ tục,7,5,-2,"Thuế suất và các bậc thuế rõ ràng hơn, nhưng tôi vẫn cần thời gian để hiểu và áp dụng.","Câu hỏi chưa rõ. Dễ tính - dễ thực hiện với ai? Với người làm ctac khấu trừ thuế hay với cơ quan nhà nước?nếu với người lao động bình thường thì do tôi ko tự đọc quy định, ko tự tính nên ko biết có dễ hiểu ko, tôi sẽ hỏi chat GPT hoặc các web và nhập số liệu chờ kết quả. Tôi cũng ko phải người tính thuế ở cty nên ko biết so vs trước đây dễ hay khó hơn.",5,5,0,"Tôi tin rằng chính sách mới sẽ được thực thi công bằng cho mọi người, nhưng không biết liệu thực tế có như vậy không.","Nếu đối với những người cùng đối tượng chịu thuế tại cùng khu vực sống sẽ bình đẳng, nhưng giữa người làm công với người kinh doanh nhỏ lẻ thì ko biết vì tôi ko tìm hiểu quy định, giữa người sống ở thành thị với nông thôn ko biết có áp dụng hệ số và chênh lệch theo chi phí sinh hoạt hay ko, nếu ko thì ko bình đẳng",4,9,5,"Mức thuế mới giảm, nhưng tôi vẫn không chắc liệu mức thuế này có công bằng đối với thu nhập của tôi hay không.","Số thuế nhỏ , phù hợp để đóng góp 1 chút cho ngân sách nn",4,6,2,"Tôi tin số tiền thuế đóng sẽ được sử dụng hiệu quả, nhưng tôi không chắc liệu Nhà nước có thực hiện đúng mục tiêu này hay không.","Chiến lược cải cách đang thực hiện trên diện rộng, tôi tin chính sách chung là đúng đắn nhưng ko biết năng lực thực thi của cả hệ thống có đáp ứng đc ko, lãnh đạo đất nước ko phải người đc đào tạo bài bản về kinh tế, ko tin lắm sẽ làm đc",3,6,3,Tôi chưa được giải thích rõ ràng về mục tiêu và lý do của việc sửa đổi thuế lần này.,"Ko nghe, ko đọc giải thích nên ko biết",6,9,3,"Tôi ủng hộ chính sách mới vì thuế giảm, nhưng vẫn có một số lo ngại về cách thực thi và công bằng.",Tôi đóng ít hơn và phù hợp thì ủng hộ thôi
19,1,1843,Nữ,40 - 49,Thành thị,Sau Đại học,Chính thức,211.87798247531518,2,5,4,-1,"Theo tôi, mặc dù mức thuế đã giảm, nhưng sự quản lý thuế vẫn còn lỏng lẻo, dẫn đến tình trạng trốn thuế vẫn diễn ra. Việc thực thi chưa triệt để.","Tôi không thấy nhà nước có giải pháp truy thu thuế hiệu quả, cụ thể là tình trạng trốn thuế/đóng thuế không đúng theo quy định vẫn diễn ra. Ngoài ra, như báo đài đưa tin, 1 số truong hợp người Việt không được thông quan khi đi nước ngoài chỉ vì chưa hoàn tất nợ thuế . Tuy nhiên số nợ đó họ không hề biết đến => chứng tỏ bộ máy quản lý đang còn rất lỏng lẻo.",5,6,1,"Tương tự ENF1, tôi không hoàn toàn tin rằng Nhà nước có đủ khả năng phát hiện và xử lý nghiêm các hành vi trốn thuế.","Điểm này tôi đồng ý, quan trọng Nhà nước có tiến hành làm 1 cách triệt để hay không. Vấn đề chủ yếu theo tôi xuất phát từ nguồn nhân lực quản ly bên Thuế (khả năng quản lý, tính chịu trách nhiệm, kế hoạch triển khai - bao gồm cả vấn đề truyền thông đến người nộp thuế)",7,5,-2,"Việc đơn giản hóa biểu thuế và quy trình làm việc với cơ quan thuế đã giảm bớt rườm rà, nhưng vẫn chưa hoàn toàn automation.","Có sự thay đổi nhưng vấn đề về thủ tục giấy tờ vẫn còn nhiêu khê, chưa có tính thống nhất. Chưa hoàn toàn automation mà vẫn phải làm đơn từ thông qua in writing. Ví dụ: hằng năm, công ty tôi vẫn yêu cầu từng nhân viên điền & ký giấy tờ xác nhận uỷ quyền khai báo, confirm chỉ có 1 nguồn thu nhập, rồi từ đó Hr mới có cơ sở làm thủ tục => tại sao đã có phần mềm etax mà không tận dụng? Ngoài ra, Nhà nước đang sử dụng quá nhiều app. Tại sao không tích hợp thông tin tax vào app vssid để tiện quản lý?",7,6,-1,"Các bậc thuế mới đơn giản hơn, dễ hiểu hơn, nhưng vẫn chưa tận dụng tối đa công nghệ để làm việc.",Đồng ý. Việc giảm thiểu bớt số bậc tính thuế giúp dễ nhớ & dễ tính toán. ,6,4,-2,"Tôi tin rằng Nhà nước sẽ thực thi chính sách một cách công tâm, nhưng việc truyền thông chưa hiệu quả nên người dân chưa hiểu rõ.","Cho đến khi các hành vi tiêu cực, bao gồm cách thức quản lý lỏng lẻo còn diễn ra thì sự công tâm, bình đẳng sẽ không thể tồn tại",6,5,-1,"Mức thuế mới phù hợp với thu nhập của tôi, nhưng không hoàn toàn công bằng vì vẫn có những bất công trong cách tính thuế.","Trên thực tế với mức lương như tôi đang hưởng, mức giảm trừ thuế theo quy định mới không giúp giảm được nhiều",6,4,-2,"Tôi tin rằng số tiền thuế đóng sẽ được sử dụng hiệu quả, nhưng chưa rõ ràng về mục tiêu sử dụng cụ thể.","Mức độ đồng ý của tôi khá thấp, vì tôi không thấy các thông tin này được công khai rộng rãi, nên tôi ko rõ phần thuế mình đóng được Nhà nước sử dụng như thế nào. Chưa kể việc ăn chặn tiền Thuế của 1 số cán bộ khiến tôi không thể đặt sự tin tưởng được. ",6,5,-1,"Nhà nước đã giải thích về mục tiêu của việc sửa đổi thuế, nhưng việc truyền thông chưa đầy đủ khiến tôi vẫn nghi ngờ.","Neutral. Tôi đồng ý trong các văn bản hiện hành (bao gồm báo đài) thông tin rất rõ ràng. Tuy nhiên, tính minh bạch, rõ ràng còn thể hiện qua mức độ truyền thông tin của Nhà nước đến với người lao động. Tôi đánh giá chưa thật sự hiệu quả. Tôi tin ở thời điểm hiện tại, vẫn có những người chưa hề hay biết về mục đích, tinh hiệu quả của sự thay đổi này. ",7,5,-2,"Tôi ủng hộ chính sách mới vì giảm trừ gia cảnh và biểu thuế đơn giản hơn, nhưng vẫn có những bất cập cần cải thiện.","Tôi vẫn sẽ tuân thủ nhưng tôi mong nhà nước cần đánh giá lại cách tính thuế với những người có mức lương như tôi. Tôi nhận thấy người làm công ăn lương khi tuân thủ các nghĩa vụ đóng các khoản theo quy định nhà nước, nhưng khi hưởng chỉ được hưởng ở 1 mức nhất định. Ví dụ bảo hiểm thất nghiệp maximum là 12 tháng dù đi làm 12 năm hay 15 năm. Vậy tại sao đối với thuế thu nhập, không áp dụng mức trần phù hợp với người làm công ăn lương, để những người như chúng tôi cảm thấy nhẹ nhàng hơn khi đóng thuế."
19,2,1844,Nữ,40 - 49,Thành thị,Sau Đại học,Chính thức,211.87798247531518,2,5,4,-1,"Tuy nhiên, tôi vẫn lo ngại về khả năng quản lý lỏng lẻo và thiếu minh bạch, điều này không thể hoàn toàn ngăn chặn tình trạng trốn thuế.","Tôi không thấy nhà nước có giải pháp truy thu thuế hiệu quả, cụ thể là tình trạng trốn thuế/đóng thuế không đúng theo quy định vẫn diễn ra. Ngoài ra, như báo đài đưa tin, 1 số truong hợp người Việt không được thông quan khi đi nước ngoài chỉ vì chưa hoàn tất nợ thuế . Tuy nhiên số nợ đó họ không hề biết đến => chứng tỏ bộ máy quản lý đang còn rất lỏng lẻo.",5,6,1,"Các ứng dụng và công nghệ hiện tại chưa hoàn toàn tối ưu, cần cải thiện nhiều hơn nữa.","Điểm này tôi đồng ý, quan trọng Nhà nước có tiến hành làm 1 cách triệt để hay không. Vấn đề chủ yếu theo tôi xuất phát từ nguồn nhân lực quản ly bên Thuế (khả năng quản lý, tính chịu trách nhiệm, kế hoạch triển khai - bao gồm cả vấn đề truyền thông đến người nộp thuế)",6,5,-1,"Có sự đơn giản hóa so với trước nhưng thủ tục vẫn còn nhiêu khê, chưa thực sự tự động hóa.","Có sự thay đổi nhưng vấn đề về thủ tục giấy tờ vẫn còn nhiêu khê, chưa có tính thống nhất. Chưa hoàn toàn automation mà vẫn phải làm đơn từ thông qua in writing. Ví dụ: hằng năm, công ty tôi vẫn yêu cầu từng nhân viên điền & ký giấy tờ xác nhận uỷ quyền khai báo, confirm chỉ có 1 nguồn thu nhập, rồi từ đó Hr mới có cơ sở làm thủ tục => tại sao đã có phần mềm etax mà không tận dụng? Ngoài ra, Nhà nước đang sử dụng quá nhiều app. Tại sao không tích hợp thông tin tax vào app vssid để tiện quản lý?",6,6,0,Biểu thuế mới đơn giản hơn nhưng tôi vẫn cảm thấy cần cải tiến nhiều hơn về quy trình và ứng dụng công nghệ.,Đồng ý. Việc giảm thiểu bớt số bậc tính thuế giúp dễ nhớ & dễ tính toán. ,5,4,-1,Tôi tin rằng các cơ quan thuế sẽ cố gắng thực thi công bằng nhưng vẫn lo ngại về việc minh bạch và truyền thông.,"Cho đến khi các hành vi tiêu cực, bao gồm cách thức quản lý lỏng lẻo còn diễn ra thì sự công tâm, bình đẳng sẽ không thể tồn tại",5,5,0,Mức thuế mới có thể hợp lý nhưng tôi vẫn chưa tin tưởng hoàn toàn vào việc sử dụng hiệu quả.,"Trên thực tế với mức lương như tôi đang hưởng, mức giảm trừ thuế theo quy định mới không giúp giảm được nhiều",5,4,-1,Tôi tin rằng số tiền thuế đóng sẽ được sử dụng hiệu quả nhưng chưa rõ ràng về cách sử dụng cụ thể.,"Mức độ đồng ý của tôi khá thấp, vì tôi không thấy các thông tin này được công khai rộng rãi, nên tôi ko rõ phần thuế mình đóng được Nhà nước sử dụng như thế nào. Chưa kể việc ăn chặn tiền Thuế của 1 số cán bộ khiến tôi không thể đặt sự tin tưởng được. ",5,5,0,"Những thông tin về sự thay đổi này chưa được truyền thông rộng rãi, khiến tôi cảm thấy không đầy đủ về minh bạch.","Neutral. Tôi đồng ý trong các văn bản hiện hành (bao gồm báo đài) thông tin rất rõ ràng. Tuy nhiên, tính minh bạch, rõ ràng còn thể hiện qua mức độ truyền thông tin của Nhà nước đến với người lao động. Tôi đánh giá chưa thật sự hiệu quả. Tôi tin ở thời điểm hiện tại, vẫn có những người chưa hề hay biết về mục đích, tinh hiệu quả của sự thay đổi này. ",6,5,-1,Tôi đồng ý cải cách này có lợi cho tôi nhưng cần cải thiện thêm về minh bạch và hiệu quả sử dụng nguồn thuế.,"Tôi vẫn sẽ tuân thủ nhưng tôi mong nhà nước cần đánh giá lại cách tính thuế với những người có mức lương như tôi. Tôi nhận thấy người làm công ăn lương khi tuân thủ các nghĩa vụ đóng các khoản theo quy định nhà nước, nhưng khi hưởng chỉ được hưởng ở 1 mức nhất định. Ví dụ bảo hiểm thất nghiệp maximum là 12 tháng dù đi làm 12 năm hay 15 năm. Vậy tại sao đối với thuế thu nhập, không áp dụng mức trần phù hợp với người làm công ăn lương, để những người như chúng tôi cảm thấy nhẹ nhàng hơn khi đóng thuế."
19,3,1845,Nữ,40 - 49,Thành thị,Sau Đại học,Chính thức,211.87798247531518,2,3,4,1,"Tôi không đồng ý. Mặc dù mức giảm trừ gia cảnh được tăng lên, nhưng tình trạng trốn thuế vẫn còn phổ biến, và quy định quản lý thuế vẫn còn lỏng lẻo.","Tôi không thấy nhà nước có giải pháp truy thu thuế hiệu quả, cụ thể là tình trạng trốn thuế/đóng thuế không đúng theo quy định vẫn diễn ra. Ngoài ra, như báo đài đưa tin, 1 số truong hợp người Việt không được thông quan khi đi nước ngoài chỉ vì chưa hoàn tất nợ thuế . Tuy nhiên số nợ đó họ không hề biết đến => chứng tỏ bộ máy quản lý đang còn rất lỏng lẻo.",7,6,-1,Tôi đồng ý. Sự đơn giản hóa quy định và tăng mức giảm trừ gia cảnh có thể giúp giảm bớt hành vi trốn thuế.,"Điểm này tôi đồng ý, quan trọng Nhà nước có tiến hành làm 1 cách triệt để hay không. Vấn đề chủ yếu theo tôi xuất phát từ nguồn nhân lực quản ly bên Thuế (khả năng quản lý, tính chịu trách nhiệm, kế hoạch triển khai - bao gồm cả vấn đề truyền thông đến người nộp thuế)",9,5,-4,Tôi đồng ý. Các quy định mới đơn giản hóa quy trình khai báo thuế và thủ tục làm việc với cơ quan thuế.,"Có sự thay đổi nhưng vấn đề về thủ tục giấy tờ vẫn còn nhiêu khê, chưa có tính thống nhất. Chưa hoàn toàn automation mà vẫn phải làm đơn từ thông qua in writing. Ví dụ: hằng năm, công ty tôi vẫn yêu cầu từng nhân viên điền & ký giấy tờ xác nhận uỷ quyền khai báo, confirm chỉ có 1 nguồn thu nhập, rồi từ đó Hr mới có cơ sở làm thủ tục => tại sao đã có phần mềm etax mà không tận dụng? Ngoài ra, Nhà nước đang sử dụng quá nhiều app. Tại sao không tích hợp thông tin tax vào app vssid để tiện quản lý?",9,6,-3,Tôi đồng ý. Sự đơn giản hóa biểu thuế từ 7 bậc xuống 5 bậc giúp việc tính toán thuế dễ dàng hơn.,Đồng ý. Việc giảm thiểu bớt số bậc tính thuế giúp dễ nhớ & dễ tính toán. ,4,4,0,Tôi không đồng ý. Sự công bằng trong việc thực thi thuế phụ thuộc vào cách Nhà nước quản lý và thực hiện chính sách mới.,"Cho đến khi các hành vi tiêu cực, bao gồm cách thức quản lý lỏng lẻo còn diễn ra thì sự công tâm, bình đẳng sẽ không thể tồn tại",7,5,-2,Tôi đồng ý. Mức thuế mới được tính toán dựa trên thu nhập của tôi là hợp lý.,"Trên thực tế với mức lương như tôi đang hưởng, mức giảm trừ thuế theo quy định mới không giúp giảm được nhiều",3,4,1,Tôi không đồng ý. Tôi không tin rằng số tiền thuế tôi đóng sẽ được sử dụng hiệu quả để cải thiện dịch vụ công.,"Mức độ đồng ý của tôi khá thấp, vì tôi không thấy các thông tin này được công khai rộng rãi, nên tôi ko rõ phần thuế mình đóng được Nhà nước sử dụng như thế nào. Chưa kể việc ăn chặn tiền Thuế của 1 số cán bộ khiến tôi không thể đặt sự tin tưởng được. ",8,5,-3,Tôi đồng ý. Tôi tin rằng Nhà nước đã giải thích rõ ràng về mục tiêu của việc sửa đổi thuế.,"Neutral. Tôi đồng ý trong các văn bản hiện hành (bao gồm báo đài) thông tin rất rõ ràng. Tuy nhiên, tính minh bạch, rõ ràng còn thể hiện qua mức độ truyền thông tin của Nhà nước đến với người lao động. Tôi đánh giá chưa thật sự hiệu quả. Tôi tin ở thời điểm hiện tại, vẫn có những người chưa hề hay biết về mục đích, tinh hiệu quả của sự thay đổi này. ",7,5,-2,"Tôi đồng ý. Mặc dù mức thuế mới giảm, nhưng tôi vẫn sẽ tuân thủ vì lợi ích chung của xã hội.","Tôi vẫn sẽ tuân thủ nhưng tôi mong nhà nước cần đánh giá lại cách tính thuế với những người có mức lương như tôi. Tôi nhận thấy người làm công ăn lương khi tuân thủ các nghĩa vụ đóng các khoản theo quy định nhà nước, nhưng khi hưởng chỉ được hưởng ở 1 mức nhất định. Ví dụ bảo hiểm thất nghiệp maximum là 12 tháng dù đi làm 12 năm hay 15 năm. Vậy tại sao đối với thuế thu nhập, không áp dụng mức trần phù hợp với người làm công ăn lương, để những người như chúng tôi cảm thấy nhẹ nhàng hơn khi đóng thuế."
19,4,1846,Nữ,40 - 49,Thành thị,Sau Đại học,Chính thức,211.87798247531518,2,3,4,1,"Tôi không đồng ý với ENF1. Mặc dù có những cải tiến, nhưng tình trạng trốn thuế và gian lận vẫn còn, và quy định quản lý thuế vẫn chưa chặt chẽ.","Tôi không thấy nhà nước có giải pháp truy thu thuế hiệu quả, cụ thể là tình trạng trốn thuế/đóng thuế không đúng theo quy định vẫn diễn ra. Ngoài ra, như báo đài đưa tin, 1 số truong hợp người Việt không được thông quan khi đi nước ngoài chỉ vì chưa hoàn tất nợ thuế . Tuy nhiên số nợ đó họ không hề biết đến => chứng tỏ bộ máy quản lý đang còn rất lỏng lẻo.",3,6,3,"Tôi không đồng ý với ENF2. Dù có công nghệ, nhưng thực tế việc quản lý thuế vẫn còn lỏng lẻo, và có nhiều trường hợp người dân không được thông quan do nợ thuế mà họ không biết.","Điểm này tôi đồng ý, quan trọng Nhà nước có tiến hành làm 1 cách triệt để hay không. Vấn đề chủ yếu theo tôi xuất phát từ nguồn nhân lực quản ly bên Thuế (khả năng quản lý, tính chịu trách nhiệm, kế hoạch triển khai - bao gồm cả vấn đề truyền thông đến người nộp thuế)",6,5,-1,FAC1 có phần cải thiện nhưng vẫn còn nhiều thủ tục phức tạp. Việc cần thiết là tích hợp các thông tin thuế vào app VSSID để tiện lợi hơn.,"Có sự thay đổi nhưng vấn đề về thủ tục giấy tờ vẫn còn nhiêu khê, chưa có tính thống nhất. Chưa hoàn toàn automation mà vẫn phải làm đơn từ thông qua in writing. Ví dụ: hằng năm, công ty tôi vẫn yêu cầu từng nhân viên điền & ký giấy tờ xác nhận uỷ quyền khai báo, confirm chỉ có 1 nguồn thu nhập, rồi từ đó Hr mới có cơ sở làm thủ tục => tại sao đã có phần mềm etax mà không tận dụng? Ngoài ra, Nhà nước đang sử dụng quá nhiều app. Tại sao không tích hợp thông tin tax vào app vssid để tiện quản lý?",7,6,-1,"Tôi đồng ý với FAC2. Số bậc thuế giảm giúp tính toán dễ dàng hơn, nhưng vẫn cần cải tiến về thủ tục.",Đồng ý. Việc giảm thiểu bớt số bậc tính thuế giúp dễ nhớ & dễ tính toán. ,4,4,0,"Trong lý thuyết tôi tin vào sự công bằng, nhưng thực tế tôi không tin rằng thuế của tôi được sử dụng hiệu quả. Việc thông tin minh bạch về mục đích sử dụng thuế còn hạn chế.","Cho đến khi các hành vi tiêu cực, bao gồm cách thức quản lý lỏng lẻo còn diễn ra thì sự công tâm, bình đẳng sẽ không thể tồn tại",5,5,0,"Mức thuế mới không thay đổi nhiều so với mức thu nhập của tôi, nên tôi không cảm thấy công bằng.","Trên thực tế với mức lương như tôi đang hưởng, mức giảm trừ thuế theo quy định mới không giúp giảm được nhiều",4,4,0,Tôi không tin rằng thuế của tôi được sử dụng hiệu quả. Việc công khai về mục đích sử dụng thuế cần được cải thiện.,"Mức độ đồng ý của tôi khá thấp, vì tôi không thấy các thông tin này được công khai rộng rãi, nên tôi ko rõ phần thuế mình đóng được Nhà nước sử dụng như thế nào. Chưa kể việc ăn chặn tiền Thuế của 1 số cán bộ khiến tôi không thể đặt sự tin tưởng được. ",7,5,-2,"Tôi đồng ý với TRU4. Các thông tin về cải cách thuế đã được giải thích rõ ràng, nhưng việc truyền thông đến người lao động vẫn chưa hiệu quả.","Neutral. Tôi đồng ý trong các văn bản hiện hành (bao gồm báo đài) thông tin rất rõ ràng. Tuy nhiên, tính minh bạch, rõ ràng còn thể hiện qua mức độ truyền thông tin của Nhà nước đến với người lao động. Tôi đánh giá chưa thật sự hiệu quả. Tôi tin ở thời điểm hiện tại, vẫn có những người chưa hề hay biết về mục đích, tinh hiệu quả của sự thay đổi này. ",7,5,-2,"Tôi sẽ tuân thủ, nhưng tôi vẫn mong nhà nước đánh giá lại cách tính thuế cho người làm công ăn lương.","Tôi vẫn sẽ tuân thủ nhưng tôi mong nhà nước cần đánh giá lại cách tính thuế với những người có mức lương như tôi. Tôi nhận thấy người làm công ăn lương khi tuân thủ các nghĩa vụ đóng các khoản theo quy định nhà nước, nhưng khi hưởng chỉ được hưởng ở 1 mức nhất định. Ví dụ bảo hiểm thất nghiệp maximum là 12 tháng dù đi làm 12 năm hay 15 năm. Vậy tại sao đối với thuế thu nhập, không áp dụng mức trần phù hợp với người làm công ăn lương, để những người như chúng tôi cảm thấy nhẹ nhàng hơn khi đóng thuế."
19,5,1847,Nữ,40 - 49,Thành thị,Sau Đại học,Chính thức,211.87798247531518,2,3,4,1,"Tôi không tin rằng hành vi gian lận trốn thuế sẽ bị phát hiện dễ dàng, do hệ thống quản lý thuế vẫn còn lỏng lẻo. Thuế theo thông quan vẫn chưa được cải thiện.","Tôi không thấy nhà nước có giải pháp truy thu thuế hiệu quả, cụ thể là tình trạng trốn thuế/đóng thuế không đúng theo quy định vẫn diễn ra. Ngoài ra, như báo đài đưa tin, 1 số truong hợp người Việt không được thông quan khi đi nước ngoài chỉ vì chưa hoàn tất nợ thuế . Tuy nhiên số nợ đó họ không hề biết đến => chứng tỏ bộ máy quản lý đang còn rất lỏng lẻo.",3,6,3,"Công nghệ quản lý thuế chưa được tận dụng tối đa, và vẫn còn nhiều lỗ hổng trong việc truy thu thuế.","Điểm này tôi đồng ý, quan trọng Nhà nước có tiến hành làm 1 cách triệt để hay không. Vấn đề chủ yếu theo tôi xuất phát từ nguồn nhân lực quản ly bên Thuế (khả năng quản lý, tính chịu trách nhiệm, kế hoạch triển khai - bao gồm cả vấn đề truyền thông đến người nộp thuế)",6,5,-1,"So với trước đây, quy trình khai thuế đơn giản hơn nhưng vẫn còn nhiều giấy tờ thủ tục không cần thiết.","Có sự thay đổi nhưng vấn đề về thủ tục giấy tờ vẫn còn nhiêu khê, chưa có tính thống nhất. Chưa hoàn toàn automation mà vẫn phải làm đơn từ thông qua in writing. Ví dụ: hằng năm, công ty tôi vẫn yêu cầu từng nhân viên điền & ký giấy tờ xác nhận uỷ quyền khai báo, confirm chỉ có 1 nguồn thu nhập, rồi từ đó Hr mới có cơ sở làm thủ tục => tại sao đã có phần mềm etax mà không tận dụng? Ngoài ra, Nhà nước đang sử dụng quá nhiều app. Tại sao không tích hợp thông tin tax vào app vssid để tiện quản lý?",6,6,0,"Biểu thuế mới đơn giản hơn nhưng vẫn còn nhiều bậc, chưa thực sự dễ dàng cho người dân tính toán.",Đồng ý. Việc giảm thiểu bớt số bậc tính thuế giúp dễ nhớ & dễ tính toán. ,4,4,0,"Tôi không tin rằng chính phủ sẽ thực thi chính sách một cách công bằng, do vẫn còn nhiều trường hợp không minh bạch.","Cho đến khi các hành vi tiêu cực, bao gồm cách thức quản lý lỏng lẻo còn diễn ra thì sự công tâm, bình đẳng sẽ không thể tồn tại",4,5,1,"Thuế mới tăng giảm trừ gia cảnh, nhưng mức thuế tôi phải đóng vẫn cao, không cảm thấy công bằng.","Trên thực tế với mức lương như tôi đang hưởng, mức giảm trừ thuế theo quy định mới không giúp giảm được nhiều",4,4,0,"Tôi không tin rằng số tiền thuế tôi đóng sẽ được sử dụng hiệu quả, do thông tin minh bạch chưa đủ.","Mức độ đồng ý của tôi khá thấp, vì tôi không thấy các thông tin này được công khai rộng rãi, nên tôi ko rõ phần thuế mình đóng được Nhà nước sử dụng như thế nào. Chưa kể việc ăn chặn tiền Thuế của 1 số cán bộ khiến tôi không thể đặt sự tin tưởng được. ",4,5,1,"Chính phủ chưa giải thích rõ ràng về mục tiêu và lý do của việc sửa đổi thuế, người dân không dễ dàng tiếp cận thông tin.","Neutral. Tôi đồng ý trong các văn bản hiện hành (bao gồm báo đài) thông tin rất rõ ràng. Tuy nhiên, tính minh bạch, rõ ràng còn thể hiện qua mức độ truyền thông tin của Nhà nước đến với người lao động. Tôi đánh giá chưa thật sự hiệu quả. Tôi tin ở thời điểm hiện tại, vẫn có những người chưa hề hay biết về mục đích, tinh hiệu quả của sự thay đổi này. ",6,5,-1,"Thuế mới giảm cho tôi nhưng vẫn còn nhiều vấn đề, do vậy tôi không hoàn toàn ủng hộ nhưng sẽ cố gắng tuân thủ.","Tôi vẫn sẽ tuân thủ nhưng tôi mong nhà nước cần đánh giá lại cách tính thuế với những người có mức lương như tôi. Tôi nhận thấy người làm công ăn lương khi tuân thủ các nghĩa vụ đóng các khoản theo quy định nhà nước, nhưng khi hưởng chỉ được hưởng ở 1 mức nhất định. Ví dụ bảo hiểm thất nghiệp maximum là 12 tháng dù đi làm 12 năm hay 15 năm. Vậy tại sao đối với thuế thu nhập, không áp dụng mức trần phù hợp với người làm công ăn lương, để những người như chúng tôi cảm thấy nhẹ nhàng hơn khi đóng thuế."
20,1,1943,Nam,30 - 39,Thành thị,Sau Đại học,Chính thức,62.6794996964757,1,6,7,1,"Dù luật pháp ngày càng chặt chẽ, nhưng quy định hiện tại vẫn còn nhiều khuyết điểm khiến việc phát hiện trốn thuế không hoàn toàn dễ dàng.","Thời gian gần đây Nhà nước bắt đầu có sự gay gắt hơn trong việc truy thu thuế, đặc biệt hộ kinh doanh (bao gồm offline & online), đồng thời đưa ra nhiều quy định để kiểm soát chặt vấn đề này từ năm 2026. ",6,6,0,"Công nghệ hỗ trợ hiệu quả, nhưng việc quản lý thuế vẫn chưa hoàn toàn online, gây khó khăn trong việc phát hiện trốn thuế.","Nhìn chung, trong 2-3 năm trở lại đây, Nhà nước đã đầu tư khá nhiều vào công nghệ nhằm hỗ trợ cho các thủ tục hành chính trở nên tiện lợi hơn, ví dụ như etax nên tôi đồng ý với nhận định này. Tuy nhiên, Nhà nước cần tận dụng tối đa tính năng của ứng dụng trong việc quản lý thuế, tránh việc nửa online nửa offline như hiện tại.",7,6,-1,"So với trước đây, quy trình đã đơn giản hơn, nhưng vẫn còn một số bước phức tạp cần cải tiến.",So với trước đây thì đúng là thủ tục có phần đơn giản hơn nhưng chỉ ở mức tạm chấp nhận. ,8,8,0,"Bậc thuế đơn giản, nhưng việc tính thuế vẫn cần thêm thời gian để làm quen.",Việc giảm thiểu số bậc thuế giúp cho việc tính toán trở nên đơn giản và nhanh chóng,7,6,-1,"Tôi tin rằng Nhà nước sẽ thực thi chính sách công bằng, nhưng việc minh bạch về sử dụng nguồn thuế còn hạn chế.","Các thay đổi gần đây dù ít hay nhiều đều mang lại tín hiệu tích cực, đặc biệt việc thay đổi mức giảm trừ gia cảnh & người phụ thuộc giúp giảm thiểu gánh nặng tài chính cho người lao động có thu nhập thấp nên tôi đồng ý với câu này. ",7,6,-1,"Mức thuế mới phù hợp với thu nhập của tôi, nhưng không giảm quá nhiều so với trước.",Dù giảm không quá nhiều nhưng tôi vẫn cảm thấy hài lòng với sự thay đổi này.,7,5,-2,"Thuế được sử dụng cho các dịch vụ công, nhưng tôi mong muốn thông tin minh bạch hơn về việc sử dụng nguồn thuế.","Ở phần này tôi cần Nhà nước đưa ra thông tin minh bạch hơn vì hiện tôi không biết nhà nước đang thu bao nhiêu, chi bao nhiêu, tỷ trọng chi như thế nào.",7,6,-1,"Nhà nước đã giải thích rõ về mục tiêu của việc sửa đổi thuế, nhưng tôi muốn có thêm thông tin cụ thể về chi tiêu.",Phần này tôi có đọc qua các thông tin trên báo đài nên thấy mọi thứ đều rõ ràng. ,7,7,0,"Chính sách mới giúp giảm gánh nặng thuế, nhưng tôi vẫn có những lo lắng về việc quản lý thuế.",Việc thay đổi thuế TNCN đâu đó giúp cho chính tôi và cả nhân viên bên dưới cảm thấy nhẹ gánh trong việc đóng thuế. Mặc dù mọi việc đều có 2 mặt nhưng tổng quan chung đây vẫn là 1 chính sách tốt từ phía Nhà nước đối với người lao động.
20,2,1944,Nam,30 - 39,Thành thị,Sau Đại học,Chính thức,62.6794996964757,1,7,7,0,"Dù Nhà nước đã có những cải tiến, nhưng theo tôi, việc phát hiện trốn thuế vẫn còn khó khăn, nhất là đối với các doanh nghiệp kinh doanh online.","Thời gian gần đây Nhà nước bắt đầu có sự gay gắt hơn trong việc truy thu thuế, đặc biệt hộ kinh doanh (bao gồm offline & online), đồng thời đưa ra nhiều quy định để kiểm soát chặt vấn đề này từ năm 2026. ",6,6,0,"Tôi đồng ý rằng nhà nước đã đầu tư công nghệ, nhưng việc quản lý thuế vẫn còn nửa online nửa offline, chưa thật sự hiệu quả.","Nhìn chung, trong 2-3 năm trở lại đây, Nhà nước đã đầu tư khá nhiều vào công nghệ nhằm hỗ trợ cho các thủ tục hành chính trở nên tiện lợi hơn, ví dụ như etax nên tôi đồng ý với nhận định này. Tuy nhiên, Nhà nước cần tận dụng tối đa tính năng của ứng dụng trong việc quản lý thuế, tránh việc nửa online nửa offline như hiện tại.",7,6,-1,"So với trước đây, các quy trình khai thuế đã đơn giản hơn, nhưng vẫn còn phức tạp đối với những người không am hiểu về thuế.",So với trước đây thì đúng là thủ tục có phần đơn giản hơn nhưng chỉ ở mức tạm chấp nhận. ,9,8,-1,"Các bậc thuế mới rõ ràng hơn, dễ hiểu hơn, giảm bớt gánh nặng tính toán cho tôi.",Việc giảm thiểu số bậc thuế giúp cho việc tính toán trở nên đơn giản và nhanh chóng,8,6,-2,"Tôi tin rằng nhà nước sẽ thực hiện chính sách công bằng, nhưng vẫn có lo ngại về việc quản lý thuế.","Các thay đổi gần đây dù ít hay nhiều đều mang lại tín hiệu tích cực, đặc biệt việc thay đổi mức giảm trừ gia cảnh & người phụ thuộc giúp giảm thiểu gánh nặng tài chính cho người lao động có thu nhập thấp nên tôi đồng ý với câu này. ",7,6,-1,"Mức thuế mới phù hợp với thu nhập của tôi, nhưng tôi nghĩ mức giảm trừ gia cảnh có thể còn cao hơn nữa.",Dù giảm không quá nhiều nhưng tôi vẫn cảm thấy hài lòng với sự thay đổi này.,8,5,-3,"Tôi tin rằng thuế đóng góp vào việc cải thiện dịch vụ công, nhưng cần có thông tin minh bạch hơn về sử dụng nguồn thu.","Ở phần này tôi cần Nhà nước đưa ra thông tin minh bạch hơn vì hiện tôi không biết nhà nước đang thu bao nhiêu, chi bao nhiêu, tỷ trọng chi như thế nào.",7,6,-1,"Nhà nước đã giải thích rõ về mục đích của việc sửa đổi, nhưng tôi muốn có thông tin chi tiết hơn về chi tiêu.",Phần này tôi có đọc qua các thông tin trên báo đài nên thấy mọi thứ đều rõ ràng. ,9,7,-2,"Chính sách mới giúp tôi tiết kiệm được tiền, tôi ủng hộ và sẽ tuân thủ.",Việc thay đổi thuế TNCN đâu đó giúp cho chính tôi và cả nhân viên bên dưới cảm thấy nhẹ gánh trong việc đóng thuế. Mặc dù mọi việc đều có 2 mặt nhưng tổng quan chung đây vẫn là 1 chính sách tốt từ phía Nhà nước đối với người lao động.
20,3,1945,Nam,30 - 39,Thành thị,Sau Đại học,Chính thức,62.6794996964757,1,7,7,0,"Dựa trên các quy định mới và sự đầu tư vào công nghệ như etax, tôi thấy khả năng phát hiện và xử lý gian lận thuế sẽ tốt hơn, nhưng vẫn có thể gặp khó khăn.","Thời gian gần đây Nhà nước bắt đầu có sự gay gắt hơn trong việc truy thu thuế, đặc biệt hộ kinh doanh (bao gồm offline & online), đồng thời đưa ra nhiều quy định để kiểm soát chặt vấn đề này từ năm 2026. ",7,6,-1,"Nhà nước đã đầu tư công nghệ như etax, giúp cải thiện khả năng quản lý thuế, tuy nhiên, vẫn cần cải thiện khả năng quản lý nửa online nửa offline.","Nhìn chung, trong 2-3 năm trở lại đây, Nhà nước đã đầu tư khá nhiều vào công nghệ nhằm hỗ trợ cho các thủ tục hành chính trở nên tiện lợi hơn, ví dụ như etax nên tôi đồng ý với nhận định này. Tuy nhiên, Nhà nước cần tận dụng tối đa tính năng của ứng dụng trong việc quản lý thuế, tránh việc nửa online nửa offline như hiện tại.",9,6,-3,"So với trước đây, thủ tục đã đơn giản hơn và nhanh chóng hơn, đặc biệt là với sự hỗ trợ của etax.",So với trước đây thì đúng là thủ tục có phần đơn giản hơn nhưng chỉ ở mức tạm chấp nhận. ,9,8,-1,"Biểu thuế mới có ít bậc hơn, dễ hiểu và thực hiện hơn, giúp việc tính thuế trở nên đơn giản hơn.",Việc giảm thiểu số bậc thuế giúp cho việc tính toán trở nên đơn giản và nhanh chóng,8,6,-2,"Nhà nước đã cải thiện tính công bằng thông qua việc tăng giảm trừ gia cảnh và người phụ thuộc, nên tôi tin rằng việc thực thi sẽ công bằng.","Các thay đổi gần đây dù ít hay nhiều đều mang lại tín hiệu tích cực, đặc biệt việc thay đổi mức giảm trừ gia cảnh & người phụ thuộc giúp giảm thiểu gánh nặng tài chính cho người lao động có thu nhập thấp nên tôi đồng ý với câu này. ",8,6,-2,"Mức thuế mới là hợp lý đối với thu nhập của tôi, giúp giảm gánh nặng tài chính.",Dù giảm không quá nhiều nhưng tôi vẫn cảm thấy hài lòng với sự thay đổi này.,7,5,-2,"Tôi tin rằng số tiền thuế đóng sẽ được sử dụng hiệu quả để cải thiện dịch vụ công, nhưng cần có thông tin minh bạch hơn.","Ở phần này tôi cần Nhà nước đưa ra thông tin minh bạch hơn vì hiện tôi không biết nhà nước đang thu bao nhiêu, chi bao nhiêu, tỷ trọng chi như thế nào.",8,6,-2,Tôi đã đọc thông tin từ báo đài và thấy rằng Nhà nước đã giải thích rõ ràng về mục tiêu và lý do của việc cải cách thuế.,Phần này tôi có đọc qua các thông tin trên báo đài nên thấy mọi thứ đều rõ ràng. ,9,7,-2,"Chính sách mới giúp giảm gánh nặng tài chính cho tôi, tôi ủng hộ và sẽ tuân thủ.",Việc thay đổi thuế TNCN đâu đó giúp cho chính tôi và cả nhân viên bên dưới cảm thấy nhẹ gánh trong việc đóng thuế. Mặc dù mọi việc đều có 2 mặt nhưng tổng quan chung đây vẫn là 1 chính sách tốt từ phía Nhà nước đối với người lao động.
20,4,1946,Nam,30 - 39,Thành thị,Sau Đại học,Chính thức,62.6794996964757,1,8,7,-1,"Nhà nước đã tăng cường công nghệ quản lý thuế, như ứng dụng etax, nên tôi tin rằng hành vi gian lận sẽ dễ bị phát hiện. Tuy nhiên, vẫn còn khả năng trốn thuế và việc xử lý nghiêm còn phụ thuộc vào hiệu quả thực thi.","Thời gian gần đây Nhà nước bắt đầu có sự gay gắt hơn trong việc truy thu thuế, đặc biệt hộ kinh doanh (bao gồm offline & online), đồng thời đưa ra nhiều quy định để kiểm soát chặt vấn đề này từ năm 2026. ",7,6,-1,"Nhìn chung, Nhà nước có đủ khả năng và công nghệ để phát hiện trốn thuế, nhưng cần cải thiện hiệu quả thực thi.","Nhìn chung, trong 2-3 năm trở lại đây, Nhà nước đã đầu tư khá nhiều vào công nghệ nhằm hỗ trợ cho các thủ tục hành chính trở nên tiện lợi hơn, ví dụ như etax nên tôi đồng ý với nhận định này. Tuy nhiên, Nhà nước cần tận dụng tối đa tính năng của ứng dụng trong việc quản lý thuế, tránh việc nửa online nửa offline như hiện tại.",6,6,0,"Thủ tục khai thuế và làm việc với cơ quan thuế đã đơn giản hơn, nhưng vẫn còn cần cải thiện.",So với trước đây thì đúng là thủ tục có phần đơn giản hơn nhưng chỉ ở mức tạm chấp nhận. ,5,8,3,"Biểu thuế mới đơn giản hơn, nhưng việc giảm trừ gia cảnh và người phụ thuộc vẫn phức tạp.",Việc giảm thiểu số bậc thuế giúp cho việc tính toán trở nên đơn giản và nhanh chóng,7,6,-1,"Tôi tin Nhà nước sẽ thực thi công bằng, nhưng cần minh bạch hơn về việc sử dụng thuế.","Các thay đổi gần đây dù ít hay nhiều đều mang lại tín hiệu tích cực, đặc biệt việc thay đổi mức giảm trừ gia cảnh & người phụ thuộc giúp giảm thiểu gánh nặng tài chính cho người lao động có thu nhập thấp nên tôi đồng ý với câu này. ",6,6,0,"Mức thuế mới hợp lý, nhưng giảm trừ gia cảnh và người phụ thuộc không nhiều nên vẫn còn gánh nặng.",Dù giảm không quá nhiều nhưng tôi vẫn cảm thấy hài lòng với sự thay đổi này.,6,5,-1,"Tôi tin số tiền thuế đóng sẽ được sử dụng hiệu quả, nhưng cần minh bạch hơn về mục tiêu sử dụng.","Ở phần này tôi cần Nhà nước đưa ra thông tin minh bạch hơn vì hiện tôi không biết nhà nước đang thu bao nhiêu, chi bao nhiêu, tỷ trọng chi như thế nào.",6,6,0,"Nhà nước đã giải thích rõ về mục tiêu cải cách, nhưng cần minh bạch hơn về chi tiêu.",Phần này tôi có đọc qua các thông tin trên báo đài nên thấy mọi thứ đều rõ ràng. ,9,7,-2,"Chính sách mới giúp giảm gánh nặng thuế, tôi ủng hộ và tuân thủ.",Việc thay đổi thuế TNCN đâu đó giúp cho chính tôi và cả nhân viên bên dưới cảm thấy nhẹ gánh trong việc đóng thuế. Mặc dù mọi việc đều có 2 mặt nhưng tổng quan chung đây vẫn là 1 chính sách tốt từ phía Nhà nước đối với người lao động.
20,5,1947,Nam,30 - 39,Thành thị,Sau Đại học,Chính thức,62.6794996964757,1,7,7,0,"Dựa trên thông tin từ người thật, tôi đồng ý với nhận định rằng Nhà nước có nhiều quy định để kiểm soát vấn đề trốn thuế, đặc biệt là với hộ kinh doanh. Tuy nhiên, tôi vẫn lo ngại về sự nửa online nửa offline của ứng dụng etax, nên điểm số không cao.","Thời gian gần đây Nhà nước bắt đầu có sự gay gắt hơn trong việc truy thu thuế, đặc biệt hộ kinh doanh (bao gồm offline & online), đồng thời đưa ra nhiều quy định để kiểm soát chặt vấn đề này từ năm 2026. ",6,6,0,"Nhìn chung, tôi đồng ý với nhận định này vì Nhà nước đã đầu tư công nghệ để hỗ trợ thủ tục hành chính, nhưng vẫn cần cải thiện hơn.","Nhìn chung, trong 2-3 năm trở lại đây, Nhà nước đã đầu tư khá nhiều vào công nghệ nhằm hỗ trợ cho các thủ tục hành chính trở nên tiện lợi hơn, ví dụ như etax nên tôi đồng ý với nhận định này. Tuy nhiên, Nhà nước cần tận dụng tối đa tính năng của ứng dụng trong việc quản lý thuế, tránh việc nửa online nửa offline như hiện tại.",5,6,1,"Thủ tục khai thuế đã đơn giản hơn, nhưng chỉ là tạm chấp nhận. Tôi đồng ý với nhận định này.",So với trước đây thì đúng là thủ tục có phần đơn giản hơn nhưng chỉ ở mức tạm chấp nhận. ,8,8,0,"Biểu thuế từ 7 bậc xuống 5 bậc giúp việc tính toán thuế dễ dàng và nhanh chóng hơn, nên tôi đồng ý với nhận định này.",Việc giảm thiểu số bậc thuế giúp cho việc tính toán trở nên đơn giản và nhanh chóng,7,6,-1,"Tôi tin rằng Nhà nước sẽ thực thi chính sách một cách công bằng, nhưng vẫn mong muốn thông tin minh bạch hơn về việc sử dụng nguồn thu thuế.","Các thay đổi gần đây dù ít hay nhiều đều mang lại tín hiệu tích cực, đặc biệt việc thay đổi mức giảm trừ gia cảnh & người phụ thuộc giúp giảm thiểu gánh nặng tài chính cho người lao động có thu nhập thấp nên tôi đồng ý với câu này. ",7,6,-1,"Theo tôi, mức thuế mới là hợp lý, tuy giảm không nhiều nhưng tôi vẫn cảm thấy hài lòng.",Dù giảm không quá nhiều nhưng tôi vẫn cảm thấy hài lòng với sự thay đổi này.,6,5,-1,"Tôi tin rằng tiền thuế đóng góp vào việc cải thiện dịch vụ công, nhưng cần có minh bạch hơn về sử dụng nguồn thu.","Ở phần này tôi cần Nhà nước đưa ra thông tin minh bạch hơn vì hiện tôi không biết nhà nước đang thu bao nhiêu, chi bao nhiêu, tỷ trọng chi như thế nào.",8,6,-2,"Thông tin từ báo đài cho thấy tôi hiểu rõ về mục tiêu và lý do của việc sửa đổi thuế, nên tôi đồng ý với nhận định này.",Phần này tôi có đọc qua các thông tin trên báo đài nên thấy mọi thứ đều rõ ràng. ,9,7,-2,"Dựa trên việc giảm thuế và sự đơn giản hóa, tôi ủng hộ và tuân thủ chính sách mới, vì nó mang lại lợi ích cho người lao động.",Việc thay đổi thuế TNCN đâu đó giúp cho chính tôi và cả nhân viên bên dưới cảm thấy nhẹ gánh trong việc đóng thuế. Mặc dù mọi việc đều có 2 mặt nhưng tổng quan chung đây vẫn là 1 chính sách tốt từ phía Nhà nước đối với người lao động.
21,1,2043,Nam,25 - 29,Thành thị,Sau Đại học,Chính thức,38.80345970716145,0,7,8,1,"Tôi đồng ý với phần nào của nhận định này, vì cơ quan thuế có nhiều dữ liệu để truy xuất và quản lý. Tuy nhiên, tôi vẫn lo ngại về khả năng thực thi và tính công bằng của việc phát hiện hành vi trốn thuế.",cơ quan thuế có nhiều dữ liệu để truy xuất và quản lý hơn,7,6,-1,"Tôi đồng ý với phần nào của nhận định này, vì công nghệ có thể đủ, nhưng tôi không chắc về khả năng thực thi của cơ quan thuế.","công nghệ có thể đủ, còn về khả năng tôi không chắc",9,7,-2,"Tôi đồng ý với nhận định này, vì các quy trình khai báo thuế và làm việc với cơ quan thuế đơn giản, tiện lợi hơn so với trước đây.",Không rõ do tôi chưa thực hiện bao giờ. ,9,8,-1,"Tôi đồng ý với nhận định này, vì cách tính thuế và các bậc thuế trong phương án mới đơn giản, dễ hiểu và dễ thực hiện hơn.",Đồng ý. Các bậc giảm đơn giản hơn trước.,4,7,3,Tôi không tin hoàn toàn vào sự khách quan và công bằng của cơ quan thuế trong việc thực thi chính sách mới.,"Dựa vào dữ liệu quá khứ, tôi cảm thấy chưa đủ thuyết phục Nhà nước, cơ quan thuế thực thi khách quan, công bằng.",8,6,-2,"Tôi đồng ý với nhận định này, vì mức thuế mới là công bằng đối với thu nhập của tôi.",Quyền lợi đi kèm chưa phù hợp so với mức thuế phải đóng.,3,6,3,Tôi không tin rằng số tiền thuế tôi đóng sẽ được sử dụng hiệu quả để cải thiện dịch vụ công.,Không thấy rõ số tiền thuế này được sử dụng hiệu quả thế nào.,8,8,0,"Tôi đồng ý với nhận định này, vì Nhà nước đã giải thích rõ ràng về lý do và mục tiêu của việc sửa đổi thuế lần này.",Đồng ý. Tôi thấy nhà nước có truyền thông rõ ràng trên báo chí.,9,8,-1,"Tôi ủng hộ và tuân thủ chính sách mới, vì tôi cảm thấy nó công bằng và đơn giản hơn so với trước đây.",Đồng ý theo góc độ tuân thủ của công dân.
21,2,2044,Nam,25 - 29,Thành thị,Sau Đại học,Chính thức,38.80345970716145,0,7,8,1,"Dựa trên thông tin, tôi tin rằng cơ quan thuế có nhiều dữ liệu để truy xuất và quản lý hơn, nhưng khả năng tôi không chắc chắn.",cơ quan thuế có nhiều dữ liệu để truy xuất và quản lý hơn,7,6,-1,"Công nghệ có thể đủ, nhưng khả năng tôi không chắc chắn.","công nghệ có thể đủ, còn về khả năng tôi không chắc",5,7,2,"Thủ tục đơn giản hơn, nhưng tôi chưa thực hiện bao giờ nên chưa chắc chắn.",Không rõ do tôi chưa thực hiện bao giờ. ,8,8,0,"Đơn giản hóa biểu thuế, các bậc giảm đơn giản hơn trước.",Đồng ý. Các bậc giảm đơn giản hơn trước.,4,7,3,"Dựa vào dữ liệu quá khứ, tôi cảm thấy chưa đủ thuyết phục Nhà nước, cơ quan thuế thực thi khách quan, công bằng.","Dựa vào dữ liệu quá khứ, tôi cảm thấy chưa đủ thuyết phục Nhà nước, cơ quan thuế thực thi khách quan, công bằng.",3,6,3,Quyền lợi đi kèm chưa phù hợp so với mức thuế phải đóng.,Quyền lợi đi kèm chưa phù hợp so với mức thuế phải đóng.,4,6,2,Không thấy rõ số tiền thuế này được sử dụng hiệu quả thế nào.,Không thấy rõ số tiền thuế này được sử dụng hiệu quả thế nào.,7,8,1,Tôi thấy nhà nước có truyền thông rõ ràng trên báo chí.,Đồng ý. Tôi thấy nhà nước có truyền thông rõ ràng trên báo chí.,8,8,0,Đồng ý theo góc độ tuân thủ của công dân.,Đồng ý theo góc độ tuân thủ của công dân.
21,3,2045,Nam,25 - 29,Thành thị,Sau Đại học,Chính thức,38.80345970716145,0,8,8,0,"Tôi đồng ý, vì cơ quan thuế có nhiều dữ liệu để truy xuất và quản lý, nhưng khả năng tôi thực hiện không đảm bảo.",cơ quan thuế có nhiều dữ liệu để truy xuất và quản lý hơn,8,6,-2,"Tôi đồng ý, công nghệ có thể đủ, nhưng khả năng của tôi chưa chắc chắn.","công nghệ có thể đủ, còn về khả năng tôi không chắc",9,7,-2,"Thuật toán tính thuế đơn giản hơn, thủ tục khai báo cũng dễ dàng hơn, thuận tiện hơn so với trước đây.",Không rõ do tôi chưa thực hiện bao giờ. ,9,8,-1,"Bậc thuế đã giảm từ 7 xuống 5, dễ hiểu và dễ thực hiện hơn, giảm sự phức tạp.",Đồng ý. Các bậc giảm đơn giản hơn trước.,5,7,2,"Tôi không hoàn toàn tin, vì dựa vào dữ liệu quá khứ, tôi không chắc chắn về sự công bằng và khách quan của cơ quan thuế.","Dựa vào dữ liệu quá khứ, tôi cảm thấy chưa đủ thuyết phục Nhà nước, cơ quan thuế thực thi khách quan, công bằng.",7,6,-1,"Thuế mới giảm, giảm trừ gia cảnh tăng, tôi thấy mức thuế này là công bằng, phù hợp với thu nhập của tôi.",Quyền lợi đi kèm chưa phù hợp so với mức thuế phải đóng.,6,6,0,"Tôi không hoàn toàn tin, nhưng dựa trên thông tin truyền thông, tôi tin rằng số tiền thuế đóng sẽ được sử dụng hiệu quả.",Không thấy rõ số tiền thuế này được sử dụng hiệu quả thế nào.,8,8,0,"Tôi đồng ý, vì thông tin về mục tiêu và lý do của việc sửa đổi thuế đã được giải thích rõ ràng.",Đồng ý. Tôi thấy nhà nước có truyền thông rõ ràng trên báo chí.,8,8,0,"Dựa trên lợi ích tài chính và sự đơn giản hóa, tôi đồng ý ủng hộ và tuân thủ chính sách mới.",Đồng ý theo góc độ tuân thủ của công dân.
21,4,2046,Nam,25 - 29,Thành thị,Sau Đại học,Chính thức,38.80345970716145,0,7,8,1,"Tôi đồng ý với phần đầu, cơ quan thuế có nhiều dữ liệu để truy xuất và quản lý, nhưng tôi không chắc về khả năng của bản thân trong việc tuân thủ.",cơ quan thuế có nhiều dữ liệu để truy xuất và quản lý hơn,6,6,0,"Công nghệ có thể đủ, nhưng tôi vẫn lo ngại về khả năng thực thi khách quan của cơ quan thuế.","công nghệ có thể đủ, còn về khả năng tôi không chắc",5,7,2,"Phương án mới đơn giản hơn, nhưng tôi vẫn chưa thực hiện bao giờ nên chưa chắc chắn.",Không rõ do tôi chưa thực hiện bao giờ. ,8,8,0,"Các bậc thuế mới đơn giản hơn, dễ hiểu và dễ thực hiện hơn so với trước đây.",Đồng ý. Các bậc giảm đơn giản hơn trước.,5,7,2,"Tôi không hoàn toàn tin tưởng vào sự khách quan, công bằng của cơ quan thuế, nhưng họ đã cải thiện về mặt đơn giản hóa.","Dựa vào dữ liệu quá khứ, tôi cảm thấy chưa đủ thuyết phục Nhà nước, cơ quan thuế thực thi khách quan, công bằng.",6,6,0,"Mức thuế mới là hợp lý so với thu nhập của tôi, nhưng tôi vẫn cảm thấy chưa đủ thuyết phục về tính công bằng.",Quyền lợi đi kèm chưa phù hợp so với mức thuế phải đóng.,6,6,0,"Tôi tin rằng số tiền thuế đóng sẽ được sử dụng hiệu quả, nhưng cần có thêm thông tin về cách sử dụng.",Không thấy rõ số tiền thuế này được sử dụng hiệu quả thế nào.,5,8,3,"Nhà nước đã giải thích rõ ràng về mục tiêu của việc sửa đổi thuế, nhưng tôi vẫn đa nghi về thực hiện.",Đồng ý. Tôi thấy nhà nước có truyền thông rõ ràng trên báo chí.,7,8,1,"Tôi đồng ý theo góc độ tuân thủ của công dân, mặc dù vẫn có nhiều lo ngại về thực thi và công bằng.",Đồng ý theo góc độ tuân thủ của công dân.
21,5,2047,Nam,25 - 29,Thành thị,Sau Đại học,Chính thức,38.80345970716145,0,8,8,0,"Tôi tin rằng với các quy định quản lý thuế hiện nay, hành vi gian lận hoặc trốn thuế sẽ dễ dàng bị phát hiện và xử lý nghiêm. Tuy nhiên, tôi vẫn có một số lo ngại về khả năng thực thi của cơ quan thuế.",cơ quan thuế có nhiều dữ liệu để truy xuất và quản lý hơn,8,6,-2,"Tôi tin rằng Nhà nước, cơ quan thuế có đủ khả năng và công nghệ để phát hiện, xử lý nghiêm các hành vi trốn thuế. Tuy nhiên, tôi vẫn thấy rằng khả năng quản lý dữ liệu của họ cần được cải thiện.","công nghệ có thể đủ, còn về khả năng tôi không chắc",9,7,-2,"Các thủ tục khai báo thuế và quy trình làm việc với cơ quan thuế đơn giản, tiện lợi, nhanh chóng hơn so với trước đây. Điều này giúp tôi tiết kiệm thời gian và công sức.",Không rõ do tôi chưa thực hiện bao giờ. ,9,8,-1,"So với trước đây, cách tính thuế và các bậc thuế trong phương án mới đơn giản, dễ hiểu và dễ thực hiện hơn. Điều này giúp tôi dễ dàng tuân thủ chính sách mới.",Đồng ý. Các bậc giảm đơn giản hơn trước.,7,7,0,"Tôi tin rằng Nhà nước, cơ quan thuế sẽ thực thi chính sách mới một cách khách quan, công tâm và đối xử bình đẳng với mọi người nộp thuế. Tuy nhiên, tôi vẫn cảm thấy rằng việc truyền thông rõ ràng về việc thực thi chính sách mới còn cần cải thiện.","Dựa vào dữ liệu quá khứ, tôi cảm thấy chưa đủ thuyết phục Nhà nước, cơ quan thuế thực thi khách quan, công bằng.",8,6,-2,Tôi thấy mức thuế tôi phải đóng theo phương án mới là công bằng (người thu nhập như tôi đóng mức này là hợp lý). Tôi tin rằng tăng mức giảm trừ gia cảnh sẽ giúp giảm gánh nặng tài chính cho người dân.,Quyền lợi đi kèm chưa phù hợp so với mức thuế phải đóng.,7,6,-1,"Tôi tin tưởng số tiền thuế tôi đóng sẽ được Nhà nước sử dụng hiệu quả để cải thiện dịch vụ công (y tế, đường xá...). Tuy nhiên, tôi vẫn mong muốn có thêm thông tin về cách sử dụng nguồn thu thuế để tăng niềm tin.",Không thấy rõ số tiền thuế này được sử dụng hiệu quả thế nào.,8,8,0,"Tôi thấy Nhà nước đã giải thích rõ ràng, minh bạch về lý do và mục tiêu của việc sửa đổi thuế lần này. Điều này giúp tôi hiểu rõ hơn về chính sách mới và tăng niềm tin vào việc thực hiện chính sách.",Đồng ý. Tôi thấy nhà nước có truyền thông rõ ràng trên báo chí.,9,8,-1,"Sau khi xem xét các quyền lợi và nghĩa vụ, tôi ủng hộ và tuân thủ chính sách mới hiện nay. Tôi tin rằng việc đơn giản hóa biểu thuế và tăng mức giảm trừ gia cảnh sẽ giúp cải thiện trải nghiệm nộp thuế của người dân.",Đồng ý theo góc độ tuân thủ của công dân.
22,1,2143,Nữ,30 - 39,Thành thị,Đại học,Chính thức,90.18120940685527,1,3,7,4,Tôi chưa thấy cách quản lý thuế của các nguồn thu nhập không chính thức hoặc từ nước ngoài không qua hợp đồng lao động,Tôi chưa thấy cách quản lý thuế của các nguồn thu nhập không chính thức hoặc từ nước ngoài không qua hợp đồng lao động,3,7,4,Khi có vấn đề liên hệ với cơ quan thuế vẫn còn rất khó khăn,Tương tự câu trước.,8,6,-2,"So với trước đây, tôi thấy cách tính thuế và các bậc thuế trong phương án mới đơn giản, dễ hiểu và dễ thực hiện hơn",Khi có vấn đề liên hệ với cơ quan thuế vẫn còn rất khó khăn.,5,6,1,Đơn giản hơn về từ 7 còn 5 bậc. Nguyên tắc tính cũng tương tự trước nên không thể kết luận là dễ hiểu hơn và dễ thực hiện hơn,Đơn giản hơn về từ 7 còn 5 bậc. Nguyên tắc tính cũng tương tự trước nên không thể kết luận là dễ hiểu hơn và dễ thực hiện hơn.,7,5,-2,"Tôi tin rằng Nhà nước, cơ quan thuế sẽ thực thi chính sách mới một cách khách quan, công tâm và đối xử bình đẳng với mọi người nộp thuế",Để kết luận được điều này cần nhiều dữ liệu hơn.,8,6,-2,Tôi thấy mức thuế tôi phải đóng theo phương án mới là công bằng (người thu nhập như tôi đóng mức này là hợp lý),Cần thêm dữ liệu và cần biết là đang so sánh với điều gì để kết luận là công bằng hay không. Hiện tại chỉ có thể kết luận là mức đóng ít hơn thì thích hơn.,7,3,-4,"Tôi tin tưởng số tiền thuế tôi đóng sẽ được Nhà nước sử dụng hiệu quả để cải thiện dịch vụ công (y tế, đường xá...).",Tôi chưa thấy sự minh bạch trong việc sử dụng tiền thuế của dân.,6,5,-1,"Tôi thấy Nhà nước đã giải thích rõ ràng, minh bạch về lý do và mục tiêu của việc sửa đổi thuế lần này",Tôi chưa chủ động tìm hiểu nhà nước đã giải thích những gì về đợt sửa đổi thuế lần này. Nếu là minh bạch thì theo tôi kênh truyền thông của nhà nước nên mạnh hơn và tiếp cận người nghe rộng rãi hơn.,7,8,1,"Ngoài việc tuân thủ, dường như không còn lựa chọn nào khác","Ngoài việc tuân thủ, dường như không còn lựa chọn nào khác."
22,2,2144,Nữ,30 - 39,Thành thị,Đại học,Chính thức,90.18120940685527,1,3,7,4,Tôi chưa thấy cách quản lý thuế của các nguồn thu nhập không chính thức hoặc từ nước ngoài không qua hợp đồng lao động,Tôi chưa thấy cách quản lý thuế của các nguồn thu nhập không chính thức hoặc từ nước ngoài không qua hợp đồng lao động,3,7,4,Khi có vấn đề liên hệ với cơ quan thuế vẫn còn rất khó khăn,Tương tự câu trước.,8,6,-2,"So với trước đây, tôi thấy cách tính thuế và các bậc thuế trong phương án mới đơn giản, dễ hiểu và dễ thực hiện hơn",Khi có vấn đề liên hệ với cơ quan thuế vẫn còn rất khó khăn.,7,6,-1,Đơn giản hơn về từ 7 còn 5 bậc. Nguyên tắc tính cũng tương tự trước nên không thể kết luận là dễ hiểu hơn và dễ thực hiện hơn,Đơn giản hơn về từ 7 còn 5 bậc. Nguyên tắc tính cũng tương tự trước nên không thể kết luận là dễ hiểu hơn và dễ thực hiện hơn.,9,5,-4,"Tôi tin rằng Nhà nước, cơ quan thuế sẽ thực thi chính sách mới một cách khách quan, công tâm và đối xử bình đẳng với mọi người nộp thuế",Để kết luận được điều này cần nhiều dữ liệu hơn.,9,6,-3,Tôi thấy mức thuế tôi phải đóng theo phương án mới là công bằng (người thu nhập như tôi đóng mức này là hợp lý),Cần thêm dữ liệu và cần biết là đang so sánh với điều gì để kết luận là công bằng hay không. Hiện tại chỉ có thể kết luận là mức đóng ít hơn thì thích hơn.,9,3,-6,"Tôi tin tưởng số tiền thuế tôi đóng sẽ được Nhà nước sử dụng hiệu quả để cải thiện dịch vụ công (y tế, đường xá...).",Tôi chưa thấy sự minh bạch trong việc sử dụng tiền thuế của dân.,9,5,-4,"Tôi thấy Nhà nước đã giải thích rõ ràng, minh bạch về lý do và mục tiêu của việc sửa đổi thuế lần này",Tôi chưa chủ động tìm hiểu nhà nước đã giải thích những gì về đợt sửa đổi thuế lần này. Nếu là minh bạch thì theo tôi kênh truyền thông của nhà nước nên mạnh hơn và tiếp cận người nghe rộng rãi hơn.,9,8,-1,"Ngoài việc tuân thủ, dường như không còn lựa chọn nào khác","Ngoài việc tuân thủ, dường như không còn lựa chọn nào khác."
22,3,2145,Nữ,30 - 39,Thành thị,Đại học,Chính thức,90.18120940685527,1,3,7,4,"Cần nhiều thông tin về quản lý thuế đối với các nguồn thu nhập không chính thức, chưa thấy minh bạch.",Tôi chưa thấy cách quản lý thuế của các nguồn thu nhập không chính thức hoặc từ nước ngoài không qua hợp đồng lao động,3,7,4,"Tương tự câu trước, khả năng phát hiện trốn thuế chưa rõ ràng.",Tương tự câu trước.,7,6,-1,"So với trước, số bậc thuế giảm đi, đơn giản hơn, nhưng vẫn còn phức tạp.",Khi có vấn đề liên hệ với cơ quan thuế vẫn còn rất khó khăn.,6,6,0,"Nguyên tắc tính thuế vẫn tương tự, không thể kết luận là dễ hiểu hơn và dễ thực hiện hơn.",Đơn giản hơn về từ 7 còn 5 bậc. Nguyên tắc tính cũng tương tự trước nên không thể kết luận là dễ hiểu hơn và dễ thực hiện hơn.,4,5,1,Cần thêm dữ liệu và rõ ràng hơn về cách thực thi chính sách mới.,Để kết luận được điều này cần nhiều dữ liệu hơn.,7,6,-1,"Mức thuế mới giảm, tiết kiệm được tiền, nên thấy công bằng hơn, nhưng không đủ minh bạch.",Cần thêm dữ liệu và cần biết là đang so sánh với điều gì để kết luận là công bằng hay không. Hiện tại chỉ có thể kết luận là mức đóng ít hơn thì thích hơn.,3,3,0,Chưa thấy sự minh bạch trong việc sử dụng tiền thuế của dân.,Tôi chưa thấy sự minh bạch trong việc sử dụng tiền thuế của dân.,4,5,1,"Chưa chủ động tìm hiểu về giải thích của Nhà nước, nên không tin tưởng.",Tôi chưa chủ động tìm hiểu nhà nước đã giải thích những gì về đợt sửa đổi thuế lần này. Nếu là minh bạch thì theo tôi kênh truyền thông của nhà nước nên mạnh hơn và tiếp cận người nghe rộng rãi hơn.,8,8,0,"Thu nhập và giảm trừ gia cảnh tăng, tiết kiệm được tiền, nên ủng hộ và tuân thủ chính sách mới.","Ngoài việc tuân thủ, dường như không còn lựa chọn nào khác."
22,4,2146,Nữ,30 - 39,Thành thị,Đại học,Chính thức,90.18120940685527,1,3,7,4,"Hiện tại, tôi chưa thấy cách quản lý thuế của các nguồn thu nhập không chính thức hoặc từ nước ngoài không qua hợp đồng lao động; Tương tự câu trước.",Tôi chưa thấy cách quản lý thuế của các nguồn thu nhập không chính thức hoặc từ nước ngoài không qua hợp đồng lao động,7,7,0,"Tôi tin rằng Nhà nước, cơ quan thuế có đủ khả năng và công nghệ để phát hiện, xử lý nghiêm các hành vi trốn thuế, nhưng điều này phụ thuộc vào thực tế quản lý.",Tương tự câu trước.,9,6,-3,"So với trước đây, tôi thấy cách tính thuế và các bậc thuế trong phương án mới đơn giản, dễ hiểu và dễ thực hiện hơn, đặc biệt khi số bậc thuế được rút gọn từ 7 xuống còn 5.",Khi có vấn đề liên hệ với cơ quan thuế vẫn còn rất khó khăn.,9,6,-3,"So với trước đây, tôi thấy cách tính thuế và các bậc thuế trong phương án mới đơn giản, dễ hiểu và dễ thực hiện hơn.",Đơn giản hơn về từ 7 còn 5 bậc. Nguyên tắc tính cũng tương tự trước nên không thể kết luận là dễ hiểu hơn và dễ thực hiện hơn.,6,5,-1,"Tôi tin rằng Nhà nước, cơ quan thuế sẽ thực thi chính sách mới một cách khách quan, công tâm và đối xử bình đẳng với mọi người nộp thuế, nhưng cần thêm dữ liệu để kết luận.",Để kết luận được điều này cần nhiều dữ liệu hơn.,8,6,-2,"Tôi thấy mức thuế tôi phải đóng theo phương án mới là công bằng (người thu nhập như tôi đóng mức này là hợp lý), đặc biệt khi mức giảm trừ gia cảnh được tăng lên.",Cần thêm dữ liệu và cần biết là đang so sánh với điều gì để kết luận là công bằng hay không. Hiện tại chỉ có thể kết luận là mức đóng ít hơn thì thích hơn.,7,3,-4,"Tôi tin tưởng số tiền thuế tôi đóng sẽ được Nhà nước sử dụng hiệu quả để cải thiện dịch vụ công (y tế, đường xá...), nhưng cần thêm thông tin về cách sử dụng nguồn thuế.",Tôi chưa thấy sự minh bạch trong việc sử dụng tiền thuế của dân.,6,5,-1,"Tôi thấy Nhà nước đã giải thích rõ ràng, minh bạch về lý do và mục tiêu của việc sửa đổi thuế lần này, nhưng cần cải thiện hơn trong việc truyền thông đến người dân.",Tôi chưa chủ động tìm hiểu nhà nước đã giải thích những gì về đợt sửa đổi thuế lần này. Nếu là minh bạch thì theo tôi kênh truyền thông của nhà nước nên mạnh hơn và tiếp cận người nghe rộng rãi hơn.,7,8,1,"Ngoài việc tuân thủ, dường như không còn lựa chọn nào khác, nhưng mức thuế giảm và giảm trừ gia cảnh tăng lên khiến tôi có thể ủng hộ chính sách mới.","Ngoài việc tuân thủ, dường như không còn lựa chọn nào khác."
22,5,2147,Nữ,30 - 39,Thành thị,Đại học,Chính thức,90.18120940685527,1,2,7,5,Tôi chưa thấy cách quản lý thuế của các nguồn thu nhập không chính thức hoặc từ nước ngoài không qua hợp đồng lao động; tương tự câu trước.,Tôi chưa thấy cách quản lý thuế của các nguồn thu nhập không chính thức hoặc từ nước ngoài không qua hợp đồng lao động,2,7,5,Khi có vấn đề liên hệ với cơ quan thuế vẫn còn rất khó khăn.,Tương tự câu trước.,6,6,0,"Số bậc thuế giảm từ 7 xuống 5, nhưng đơn giản hóa không đồng nghĩa với việc thuận tiện hơn cho người dân.",Khi có vấn đề liên hệ với cơ quan thuế vẫn còn rất khó khăn.,8,6,-2,"Cách tính thuế và các bậc thuế trong phương án mới đơn giản, dễ hiểu và dễ thực hiện hơn so với trước đây.",Đơn giản hơn về từ 7 còn 5 bậc. Nguyên tắc tính cũng tương tự trước nên không thể kết luận là dễ hiểu hơn và dễ thực hiện hơn.,8,5,-3,"Tôi tin rằng Nhà nước, cơ quan thuế sẽ thực thi chính sách mới một cách khách quan, công tâm và đối xử bình đẳng với mọi người nộp thuế.",Để kết luận được điều này cần nhiều dữ liệu hơn.,9,6,-3,Tôi thấy mức thuế tôi phải đóng theo phương án mới là công bằng (người thu nhập như tôi đóng mức này là hợp lý).,Cần thêm dữ liệu và cần biết là đang so sánh với điều gì để kết luận là công bằng hay không. Hiện tại chỉ có thể kết luận là mức đóng ít hơn thì thích hơn.,7,3,-4,"Tôi tin tưởng số tiền thuế tôi đóng sẽ được Nhà nước sử dụng hiệu quả để cải thiện dịch vụ công (y tế, đường xá...).",Tôi chưa thấy sự minh bạch trong việc sử dụng tiền thuế của dân.,8,5,-3,"Tôi thấy Nhà nước đã giải thích rõ ràng, minh bạch về lý do và mục tiêu của việc sửa đổi thuế lần này.",Tôi chưa chủ động tìm hiểu nhà nước đã giải thích những gì về đợt sửa đổi thuế lần này. Nếu là minh bạch thì theo tôi kênh truyền thông của nhà nước nên mạnh hơn và tiếp cận người nghe rộng rãi hơn.,7,8,1,"Ngoài việc tuân thủ, dường như không còn lựa chọn nào khác.","Ngoài việc tuân thủ, dường như không còn lựa chọn nào khác."
23,1,2243,Nữ,40 - 49,Thành thị,Sau Đại học,Chính thức,243.6743079822641,2,6,5,-1,"Tôi cho rằng mặc dù cơ quan thuế đã có những nỗ lực ứng dụng công nghệ, nhưng sự thiếu minh bạch và nguồn lực hạn chế vẫn khiến việc phát hiện trốn thuế còn khó khăn.","trên thực tế còn nhiều trường hợp trốn/né thuế khá tinh vi, và sự thiếu minh bạch của chính cán bộ xử lý nên dù cơ quan quản lý có nỗ lực để siết chặt nhưng chưa đến mức ""dễ dàng bị phát hiện"" và ""xử lý nghiêm minh""",6,5,-1,"Tôi đồng ý với điểm này, mặc dù đã có những nỗ lực cải thiện, nhưng nguồn lực và năng lực triển khai còn hạn chế.",mặc dù cơ quan quản lý đã có những nỗ lực ứng dụng công nghệ vào việc quản lý và giám sát nhưng còn bị hạn chế ở nguồn lực - nhân sự thực hiện - năng lực triển khai một cách đồng bộ trên toàn hệ thống.,7,5,-2,"Trải nghiệm cá nhân cho thấy quy trình khai thuế đã đơn giản hơn so với trước đây, nhưng vẫn còn nhiều bước thủ tục cần cải thiện.","mặc dù đã và đang đẩy mạnh các thủ tục thực hiện online nhưng còn nhiều bước và nhiều loại giấy tờ thủ tục, doanh nghiệp bắt buộc vẫn phải liên hệ trực tiếp cán bộ thuế. ",8,5,-3,"Bậc thuế mới đơn giản hơn, dễ hiểu và dễ thực hiện hơn, điều này làm tăng mức độ thuận tiện cho người nộp thuế.","không quan tâm lắm, việc tính toán này đã có người khác làm",6,5,-1,"Tôi tin rằng Nhà nước sẽ thực thi một cách công bằng, nhưng vẫn lo ngại về sự khác biệt trong cách hiểu và áp dụng chính sách giữa các địa phương.","hi vọng là vậy, e rằng sẽ vẫn tồn tại sự khác biệt/cách biệt trong việc hiểu và vận dụng chính sách thuế ở các địa phương",7,5,-2,"Lưu ý rằng mức thuế mới đối với thu nhập của tôi là hợp lý, nhưng vẫn có nhiều khoản chi phí thực tế chưa được tính toán.",đành phải chấp nhận vì trước nay đã có tổ chức/hiệp hội/đại biểu quốc hội nào thành công trong việc thuyết phục sự diều chỉnh đâu. Còn nhiều khoản chi phí thực tế cũng như các ngưỡng chịu thuế cần được tính toán và xem xét. ,6,5,-1,"Hi vọng số tiền thuế đóng sẽ được sử dụng hiệu quả, nhưng cần có cơ chế giám sát minh bạch hơn để đảm bảo.","hi vọng là thế, cần có cơ quan giám sát tách bạch và có cơ chế minh bạch/giải trình về việc sử dụng tiền thuế vào các dịch vụ công nào, định kỳ hàng năm trước đại diện người dân ",7,5,-2,"Nhà nước đã giải thích rõ ràng về mục tiêu của việc sửa đổi thuế, nhưng tôi vẫn mong muốn có thêm diễn đàn để góp ý.","không phản đối cũng không hoàn toàn đồng ý, cơ bản là nhà nước truyền thông cũng đủ và tạo diễn đàn tranh luận cũng ở mức vừa đủ khi điều chỉnh chính sách về thuế TNCN, không quá khó hiểu hay phức tạp với mặt bằng chung người dân. Nhưng nó vừa đủ với dân trí thức là chính, còn phần đông người dân còn lại thì không nắm được gì nhiều.",6,5,-1,"Tôi sẵn sàng tuân thủ chính sách mới vì không có lựa chọn khác, nhưng hi vọng trong tương lai sẽ có nhiều cải tiến.","sẵn sàng tuân thủ vì không có lựa chọn, tuy nhiên tôi cũng k phản đối, chỉ hi vọng trong tương lai sẽ có nhiều chính sách đc cải thiện"
23,2,2244,Nữ,40 - 49,Thành thị,Sau Đại học,Chính thức,243.6743079822641,2,5,5,0,"Trong thực tế, trốn/né thuế vẫn xảy ra khá phổ biến và khó phát hiện do hạn chế về nguồn lực và công nghệ. Việc siết chặt quản lý cần thêm thời gian và nguồn lực để thực hiện hiệu quả.","trên thực tế còn nhiều trường hợp trốn/né thuế khá tinh vi, và sự thiếu minh bạch của chính cán bộ xử lý nên dù cơ quan quản lý có nỗ lực để siết chặt nhưng chưa đến mức ""dễ dàng bị phát hiện"" và ""xử lý nghiêm minh""",5,5,0,"Cơ quan thuế đã có nhiều nỗ lực ứng dụng công nghệ, nhưng vẫn còn hạn chế về nguồn lực, nhân sự và khả năng triển khai đồng bộ trên toàn hệ thống.",mặc dù cơ quan quản lý đã có những nỗ lực ứng dụng công nghệ vào việc quản lý và giám sát nhưng còn bị hạn chế ở nguồn lực - nhân sự thực hiện - năng lực triển khai một cách đồng bộ trên toàn hệ thống.,7,5,-2,"Mặc dù đã đẩy mạnh các thủ tục online, nhưng vẫn cần liên hệ trực tiếp với cán bộ thuế, làm cho quy trình đôi khi còn phức tạp. Tuy nhiên, so với trước, nhiều cải tiến đã được thực hiện.","mặc dù đã và đang đẩy mạnh các thủ tục thực hiện online nhưng còn nhiều bước và nhiều loại giấy tờ thủ tục, doanh nghiệp bắt buộc vẫn phải liên hệ trực tiếp cán bộ thuế. ",8,5,-3,"Bảng thuế mới đơn giản hơn so với trước, nhưng vẫn cần tính toán kỹ lưỡng. Việc giảm số bậc thuế giúp dễ dàng hơn trong việc áp dụng.","không quan tâm lắm, việc tính toán này đã có người khác làm",6,5,-1,"Tôi hi vọng cơ quan thuế sẽ thực thi chính sách công bằng, nhưng thực tế có thể vẫn tồn tại sự khác biệt trong cách áp dụng chính sách tại các địa phương.","hi vọng là vậy, e rằng sẽ vẫn tồn tại sự khác biệt/cách biệt trong việc hiểu và vận dụng chính sách thuế ở các địa phương",7,5,-2,"Mức thuế mới đối với thu nhập của tôi được xem là công bằng. Tuy nhiên, tôi hi vọng sẽ có thêm cải tiến về các ngưỡng chịu thuế và chi phí thực tế.",đành phải chấp nhận vì trước nay đã có tổ chức/hiệp hội/đại biểu quốc hội nào thành công trong việc thuyết phục sự diều chỉnh đâu. Còn nhiều khoản chi phí thực tế cũng như các ngưỡng chịu thuế cần được tính toán và xem xét. ,6,5,-1,"Tôi tin số tiền thuế đóng sẽ được sử dụng hiệu quả cho các dịch vụ công, nhưng cần có cơ chế giám sát minh bạch để đảm bảo.","hi vọng là thế, cần có cơ quan giám sát tách bạch và có cơ chế minh bạch/giải trình về việc sử dụng tiền thuế vào các dịch vụ công nào, định kỳ hàng năm trước đại diện người dân ",7,5,-2,"Nhà nước đã giải thích rõ ràng về mục tiêu và lý do của việc điều chỉnh thuế, nhưng vẫn còn cần thêm diễn đàn tranh luận để người dân có thể tham gia.","không phản đối cũng không hoàn toàn đồng ý, cơ bản là nhà nước truyền thông cũng đủ và tạo diễn đàn tranh luận cũng ở mức vừa đủ khi điều chỉnh chính sách về thuế TNCN, không quá khó hiểu hay phức tạp với mặt bằng chung người dân. Nhưng nó vừa đủ với dân trí thức là chính, còn phần đông người dân còn lại thì không nắm được gì nhiều.",6,5,-1,"Tôi sẵn sàng tuân thủ vì không có lựa chọn, nhưng hy vọng trong tương lai sẽ có nhiều cải tiến về chính sách thuế.","sẵn sàng tuân thủ vì không có lựa chọn, tuy nhiên tôi cũng k phản đối, chỉ hi vọng trong tương lai sẽ có nhiều chính sách đc cải thiện"
23,3,2245,Nữ,40 - 49,Thành thị,Sau Đại học,Chính thức,243.6743079822641,2,6,5,-1,"Vẫn có nhiều cách trốn thuế tinh vi và hạn chế về nguồn lực của cán bộ thuế, nên mặc dù có công nghệ hỗ trợ nhưng việc phát hiện và xử lý trốn thuế vẫn còn khó.","trên thực tế còn nhiều trường hợp trốn/né thuế khá tinh vi, và sự thiếu minh bạch của chính cán bộ xử lý nên dù cơ quan quản lý có nỗ lực để siết chặt nhưng chưa đến mức ""dễ dàng bị phát hiện"" và ""xử lý nghiêm minh""",6,5,-1,"Năng lực công nghệ và nguồn lực của cơ quan thuế còn hạn chế, việc siết chặt quản lý chưa đạt hiệu quả cao.",mặc dù cơ quan quản lý đã có những nỗ lực ứng dụng công nghệ vào việc quản lý và giám sát nhưng còn bị hạn chế ở nguồn lực - nhân sự thực hiện - năng lực triển khai một cách đồng bộ trên toàn hệ thống.,5,5,0,Hệ thống thuế đã đơn giản hơn nhưng vẫn còn nhiều thủ tục phức tạp và cần liên hệ trực tiếp với cán bộ thuế.,"mặc dù đã và đang đẩy mạnh các thủ tục thực hiện online nhưng còn nhiều bước và nhiều loại giấy tờ thủ tục, doanh nghiệp bắt buộc vẫn phải liên hệ trực tiếp cán bộ thuế. ",7,5,-2,"Biểu thuế mới đơn giản hơn, dễ hiểu hơn so với trước nhưng vẫn còn nhiều ngưỡng thuế cần tính toán.","không quan tâm lắm, việc tính toán này đã có người khác làm",7,5,-2,Tin rằng cơ quan thuế sẽ thực thi công bằng nhưng hi vọng vẫn tồn tại sự khác biệt trong cách hiểu và áp dụng chính sách.,"hi vọng là vậy, e rằng sẽ vẫn tồn tại sự khác biệt/cách biệt trong việc hiểu và vận dụng chính sách thuế ở các địa phương",7,5,-2,Mức thuế mới là hợp lý nhưng cần xem xét các chi phí thực tế và ngưỡng chịu thuế để đảm bảo công bằng.,đành phải chấp nhận vì trước nay đã có tổ chức/hiệp hội/đại biểu quốc hội nào thành công trong việc thuyết phục sự diều chỉnh đâu. Còn nhiều khoản chi phí thực tế cũng như các ngưỡng chịu thuế cần được tính toán và xem xét. ,7,5,-2,"Hi vọng số tiền thuế đóng sẽ được sử dụng hiệu quả để cải thiện dịch vụ công, nhưng cần giám sát minh bạch.","hi vọng là thế, cần có cơ quan giám sát tách bạch và có cơ chế minh bạch/giải trình về việc sử dụng tiền thuế vào các dịch vụ công nào, định kỳ hàng năm trước đại diện người dân ",7,5,-2,Nhà nước đã giải thích rõ ràng mục tiêu nhưng cần tăng cường minh bạch và giải trình về việc sử dụng tiền thuế.,"không phản đối cũng không hoàn toàn đồng ý, cơ bản là nhà nước truyền thông cũng đủ và tạo diễn đàn tranh luận cũng ở mức vừa đủ khi điều chỉnh chính sách về thuế TNCN, không quá khó hiểu hay phức tạp với mặt bằng chung người dân. Nhưng nó vừa đủ với dân trí thức là chính, còn phần đông người dân còn lại thì không nắm được gì nhiều.",7,5,-2,Sẵn sàng tuân thủ vì không có lựa chọn khác và hy vọng chính sách sẽ được cải thiện trong tương lai.,"sẵn sàng tuân thủ vì không có lựa chọn, tuy nhiên tôi cũng k phản đối, chỉ hi vọng trong tương lai sẽ có nhiều chính sách đc cải thiện"
23,4,2246,Nữ,40 - 49,Thành thị,Sau Đại học,Chính thức,243.6743079822641,2,4,5,1,"Dựa trên kinh nghiệm, tôi vẫn thấy rằng việc trốn/né thuế còn khá phổ biến, đặc biệt là với các doanh nghiệp nhỏ và vừa. Việc phát hiện và xử lý nghiêm minh các hành vi này vẫn còn nhiều hạn chế do nguồn lực và năng lực của cán bộ thuế.","trên thực tế còn nhiều trường hợp trốn/né thuế khá tinh vi, và sự thiếu minh bạch của chính cán bộ xử lý nên dù cơ quan quản lý có nỗ lực để siết chặt nhưng chưa đến mức ""dễ dàng bị phát hiện"" và ""xử lý nghiêm minh""",4,5,1,"Nhìn chung, tôi thấy rằng cơ quan thuế đang cố gắng áp dụng công nghệ để cải thiện quản lý và giám sát, nhưng do hạn chế về nguồn lực, chúng chưa thể thực hiện triệt để.",mặc dù cơ quan quản lý đã có những nỗ lực ứng dụng công nghệ vào việc quản lý và giám sát nhưng còn bị hạn chế ở nguồn lực - nhân sự thực hiện - năng lực triển khai một cách đồng bộ trên toàn hệ thống.,6,5,-1,"Các thủ tục khai báo thuế đã đơn giản hơn, nhưng vẫn còn nhiều bước và loại giấy tờ. Doanh nghiệp cần liên hệ trực tiếp với cán bộ thuế, làm mất thời gian và công sức.","mặc dù đã và đang đẩy mạnh các thủ tục thực hiện online nhưng còn nhiều bước và nhiều loại giấy tờ thủ tục, doanh nghiệp bắt buộc vẫn phải liên hệ trực tiếp cán bộ thuế. ",7,5,-2,"So với trước đây, việc tính thuế và các bậc thuế mới đơn giản hơn, nhưng vẫn cần thời gian để quen thuộc.","không quan tâm lắm, việc tính toán này đã có người khác làm",5,5,0,"Tôi hy vọng rằng Nhà nước sẽ thực thi chính sách một cách công bằng, nhưng vẫn lo ngại về sự khác biệt trong việc hiểu và áp dụng chính sách giữa các địa phương.","hi vọng là vậy, e rằng sẽ vẫn tồn tại sự khác biệt/cách biệt trong việc hiểu và vận dụng chính sách thuế ở các địa phương",6,5,-1,"Mức thuế mới theo tôi là công bằng, phù hợp với thu nhập của tôi. Tuy nhiên, tôi hi vọng rằng các ngưỡng chịu thuế và giảm trừ gia cảnh sẽ được điều chỉnh thường xuyên để phù hợp với thực tế.",đành phải chấp nhận vì trước nay đã có tổ chức/hiệp hội/đại biểu quốc hội nào thành công trong việc thuyết phục sự diều chỉnh đâu. Còn nhiều khoản chi phí thực tế cũng như các ngưỡng chịu thuế cần được tính toán và xem xét. ,5,5,0,"Tôi tin rằng số tiền thuế tôi đóng sẽ được sử dụng hiệu quả để cải thiện dịch vụ công, nhưng cần có cơ chế giám sát minh bạch để đảm bảo việc sử dụng tiền thuế.","hi vọng là thế, cần có cơ quan giám sát tách bạch và có cơ chế minh bạch/giải trình về việc sử dụng tiền thuế vào các dịch vụ công nào, định kỳ hàng năm trước đại diện người dân ",5,5,0,"Nhà nước đã giải thích rõ ràng về mục tiêu và lý do của việc sửa đổi thuế, nhưng vẫn cần nhiều hơn nữa về việc tạo diễn đàn để người dân góp ý và tranh luận.","không phản đối cũng không hoàn toàn đồng ý, cơ bản là nhà nước truyền thông cũng đủ và tạo diễn đàn tranh luận cũng ở mức vừa đủ khi điều chỉnh chính sách về thuế TNCN, không quá khó hiểu hay phức tạp với mặt bằng chung người dân. Nhưng nó vừa đủ với dân trí thức là chính, còn phần đông người dân còn lại thì không nắm được gì nhiều.",8,5,-3,"Sau khi xem xét, tôi thấy rằng các quyền lợi và nghĩa vụ mới khá công bằng và phù hợp với thu nhập của tôi. Tôi sẽ tiếp tục tuân thủ và hy vọng rằng các chính sách sẽ được cải thiện trong tương lai.","sẵn sàng tuân thủ vì không có lựa chọn, tuy nhiên tôi cũng k phản đối, chỉ hi vọng trong tương lai sẽ có nhiều chính sách đc cải thiện"
23,5,2247,Nữ,40 - 49,Thành thị,Sau Đại học,Chính thức,243.6743079822641,2,5,5,0,"Tôi cho rằng mặc dù cơ quan thuế đã cố gắng áp dụng công nghệ để phát hiện gian lận, nhưng do nguồn lực và nhân sự hạn chế, khả năng phát hiện trốn thuế vẫn chưa cao. Điều này làm giảm độ tin cậy của các quy định quản lý thuế hiện nay.","trên thực tế còn nhiều trường hợp trốn/né thuế khá tinh vi, và sự thiếu minh bạch của chính cán bộ xử lý nên dù cơ quan quản lý có nỗ lực để siết chặt nhưng chưa đến mức ""dễ dàng bị phát hiện"" và ""xử lý nghiêm minh""",5,5,0,Tôi đồng ý với quan điểm rằng công nghệ và nguồn lực của cơ quan thuế vẫn chưa đủ để phát hiện và xử lý nghiêm minh các hành vi trốn thuế một cách hiệu quả. Điều này làm giảm niềm tin vào khả năng thực thi của cơ quan thuế.,mặc dù cơ quan quản lý đã có những nỗ lực ứng dụng công nghệ vào việc quản lý và giám sát nhưng còn bị hạn chế ở nguồn lực - nhân sự thực hiện - năng lực triển khai một cách đồng bộ trên toàn hệ thống.,7,5,-2,"Các quy trình khai báo thuế và làm việc với cơ quan thuế đã trở nên đơn giản hơn, nhưng vẫn còn nhiều bước thủ tục và cần liên hệ trực tiếp với cán bộ thuế, điều này không thật sự thuận tiện.","mặc dù đã và đang đẩy mạnh các thủ tục thực hiện online nhưng còn nhiều bước và nhiều loại giấy tờ thủ tục, doanh nghiệp bắt buộc vẫn phải liên hệ trực tiếp cán bộ thuế. ",6,5,-1,"Biểu thuế mới đơn giản hơn, nhưng vẫn có nhiều bậc thuế và ngưỡng chịu thuế cần tính toán kỹ lưỡng. Điều này khiến việc áp dụng thuế trở nên phức tạp hơn đối với người dân bình thường.","không quan tâm lắm, việc tính toán này đã có người khác làm",6,5,-1,"Tôi hy vọng các cơ quan thuế sẽ thực thi chính sách một cách công bằng, nhưng vẫn lo ngại về sự khác biệt trong cách hiểu và áp dụng chính sách ở các địa phương.","hi vọng là vậy, e rằng sẽ vẫn tồn tại sự khác biệt/cách biệt trong việc hiểu và vận dụng chính sách thuế ở các địa phương",6,5,-1,"Mức thuế mới có thể xem là công bằng hơn, nhưng vẫn còn nhiều khoản chi phí thực tế cần xem xét. Điều này làm giảm độ tin cậy về tính công bằng của thuế.",đành phải chấp nhận vì trước nay đã có tổ chức/hiệp hội/đại biểu quốc hội nào thành công trong việc thuyết phục sự diều chỉnh đâu. Còn nhiều khoản chi phí thực tế cũng như các ngưỡng chịu thuế cần được tính toán và xem xét. ,7,5,-2,"Tôi tin rằng số tiền thuế đóng sẽ được sử dụng hiệu quả, nhưng cần có cơ chế giám sát và giải trình rõ ràng về việc sử dụng tiền thuế cho công chúng.","hi vọng là thế, cần có cơ quan giám sát tách bạch và có cơ chế minh bạch/giải trình về việc sử dụng tiền thuế vào các dịch vụ công nào, định kỳ hàng năm trước đại diện người dân ",7,5,-2,"Nội dung truyền thông về việc điều chỉnh thuế đã đủ, nhưng cần có thêm diễn đàn tranh luận công khai để người dân có thể thảo luận và góp ý hiệu quả hơn.","không phản đối cũng không hoàn toàn đồng ý, cơ bản là nhà nước truyền thông cũng đủ và tạo diễn đàn tranh luận cũng ở mức vừa đủ khi điều chỉnh chính sách về thuế TNCN, không quá khó hiểu hay phức tạp với mặt bằng chung người dân. Nhưng nó vừa đủ với dân trí thức là chính, còn phần đông người dân còn lại thì không nắm được gì nhiều.",8,5,-3,"Tôi đồng ý với chính sách mới vì nó giúp giảm gánh nặng thuế, nhưng hy vọng trong tương lai sẽ có cải tiến về việc minh bạch và công bằng trong thực thi chính sách thuế.","sẵn sàng tuân thủ vì không có lựa chọn, tuy nhiên tôi cũng k phản đối, chỉ hi vọng trong tương lai sẽ có nhiều chính sách đc cải thiện"
24,1,2343,Nữ,30 - 39,Thành thị,Đại học,Chính thức,37.586025602476596,1,8,5,-3,"Điều này dựa trên việc tôi tin rằng với VNeID và công nghệ hiện đại, Nhà nước có thể phát hiện và xử lý các hành vi trốn thuế một cách hiệu quả. Tuy nhiên, tôi vẫn lo ngại về những nguồn thu khác có thể dễ bị gian lận hơn.","Với nhóm thu nhập từ tiền lương, tiền công, cơ chế khấu trừ tại nguồn và hóa đơn – chứng từ điện tử giúp tăng tính minh bạch, nên trốn thuế ‘thô’ sẽ khó hơn và khả năng bị phát hiện cao hơn. Tuy nhiên, ở các nguồn thu khác—nhất là giao dịch tài sản, thu nhập đa nguồn hoặc cấu trúc giao dịch phức tạp—rủi ro gian lận vẫn tồn tại do hạn chế về liên thông dữ liệu, định danh chủ thể hưởng lợi cuối cùng và khả năng theo dõi dòng tiền. Vì vậy, phát hiện được hay không còn phụ thuộc vào mức độ liên thông dữ liệu và năng lực kiểm tra theo rủi ro",7,8,1,"Tôi đồng ý với việc Nhà nước có khả năng phát hiện trốn thuế, song tôi cũng thấy rằng rủi ro gian lận vẫn tồn tại đối với một số nguồn thu.","Với công nghệ hiện tại và việc kiểm soát dữ liệu các nhân khá chặt chẽ thông qua VNeID, nhà nước có thể phát hiện các hành vi trốn thuế và xử lý. Mức độ nghiêm khắc sẽ cần tùy thuộc vào tình huống để đánh giá.",6,8,2,"Quy trình khai thuế đã đơn giản và thuận tiện hơn với ứng dụng etax, nhưng việc phản hồi chậm và hạn chế ngân hàng liên kết là những vấn đề cần cải thiện.","(Câu trả lời được dựa trên quá trình khai thuế trước 1/5/2025) Việc khai báo thuế hiện nay có thể thực hiện qua ứng dụng etax khá tiện lợi, cá nhân nộp thuế không cần mất thời gian đến cơ quan thuế để làm thủ tục, do đó, quy trình khai báo thuế, nộp thuế đã giảm được thời gian cũng như không cần phải tiếp xúc nhiều với cán bộ thuế, tránh những mâu thuẫn xảy ra trong quá trình làm thủ tục. Thủ tục khai thuế của năm 2024 cũng cải thiện hơn trước đó nhiều khi cá nhân nộp thuế không phải tự tìm các giấy tờ nộp thuế liên quan mà đã được tích hợp sẵn. Tuy nhiên, quá trình phản hồi trên hệ thống online chậm hơn kỳ vọng (mất hơn 7 ngày). Vấn đề nộp/nhận thuế qua ngân hàng cũng giới hạn ở các ngân hàng liên kết như BIDV mà không mở cho tất cả các ngân hàng khác,",5,8,3,"Cách tính thuế mới đơn giản hơn, nhưng tôi lo ngại về việc các cá nhân có nhiều nguồn thu nhập khác nhau sẽ gặp khó khăn trong việc tuân thủ.","Nhìn chung, cách tính thuế và các bậc thuế trong phương án mới đơn giản và dễ hiểu hơn vì đã giảm từ 7 bậc thuế xuống còn 5 bậc. Đơn giản hơn vì mức thu nhập chịu thuế không bị xé nhỏ ra để tính mức thuê TNCN và khoảng thu nhập để nhảy bậc cũng rộng hơn, do đó, người nộp thuế ở bậc 2, bậc 3 có thể giảm bớt nỗi lo về việc thu nhập tăng thêm không đáng kể nhưng mức thu nhập chịu thuế thì tính ở 1 mức khác. 
- Về tính dễ thực hiện: Cách tính thuế và biểu thuế mới sẽ nhìn chung sẽ dễ thực hiện với người nộp thuế có 1 nguồn thu nhập và mức thu nhập hàng tháng từ dưới 40 triệu, nghĩa là bậc thuế sẽ nằm ở mức 1 và 2 do đây là 2 mức có khoản thuế phải đóng từ 5-10%. Đối với những cá nhân có khoản thu nhập chịu thuế ở bậc 3, 4 và 5, cách tính thuế này có thể sẽ gây khó thực hiện do mức thuế từ 20%-35% là rất cao. Điều này dễ dẫn đến việc các cá nhân nộp thuế sẽ chuyển thu thập ....",3,5,2,"Tôi không tin rằng Nhà nước sẽ thực thi chính sách một cách công bằng, do đó, tôi không đồng ý rằng mọi người nộp thuế sẽ được đối xử bình đẳng.","Bản thân quy định đã chưa thể hiện sự công tâm và bình đẳng với mọi người nộp thuế. Do đó, khi thực thi, cơ quan thuế sẽ dễ dàng thực thi chính sách với những người lao động có 1 nguồn thu nhập tại các doanh nghiệp. Đối với người có nhiều nguồn thu nhập ngoài tiền lương như thu nhập từ đầu tư vốn, chuyển nhượng bất động sản thì việc quản lý nguồn thu nhập sẽ khó hơn cũng như mức thuế đang thấp hơn nhiều so với khấu trừ thuế từ tiền lương. Điều này dẫn đến hành vi cơ quan thuế sẽ đẩy mạnh việc thu thuế đối với những cá nhân có mức thu nhập thấp và trung bình thấp do có nguồn thu cố định và dễ thu, dễ quản lý trong khi bỏ qua những cá nhân có mức thu nhập cao khác. Tóm lại, ai đi làm công ăn lương mà ký hợp đồng lao động là đối tượng phải chấp hành nhiều nhất",2,3,1,Tôi không đồng ý với mức thuế mới vì chưa tương xứng với lạm phát và các chi phí sinh hoạt ở khu vực thành thị.,"Mức đóng thuế hiện này chưa cân nhắc đến 2 yếu tố: (1) lạm phát; (2) điều kiện kinh tế xã hội từng vùng. Mặc dù mức giảm trừ gia cảnh tăng, biểu thuế thay đổi theo hướng giảm gánh nặng, nhưng mức tăng này chưa tương xứng với mức lạm phát hiện nay. Thu nhập bình quân của VN ở mức 8,1 triệu/tháng và hàng năm đều lương cơ bản đều tăng nhưng tăng lương cơ bản để bù đắp với lạm phát. Hay nói cách khác là thu nhập thực, sức mua hàng hóa của người dân là không thay đổi trong khi thu nhập danh nghĩa - mức thu nhập được căn cứ để tính thuế lại tăng. Bên cạnh đó, người ở khu vực thành thị, đặc biệt các thành phố như HN-HCM sẽ phải chịu các chi phí về nhà ở/giá thuê, y tế, giáo dục cao hoen nhiều hơn nhiều so với khu vực nông thôn hoặc các tỉnh thành nhỏ khác. Giá nhà ở HN, HCM so với các tỉnh khác là một ví dụ",2,3,1,"Tôi không tin rằng số tiền thuế tôi đóng sẽ được sử dụng hiệu quả, đặc biệt là trong lĩnh vực y tế và giáo dục.","Nhà nước chưa công bố phân bổ đầu tư công cho các lĩnh vực/dịch vụ công mà chủ yếu liệt kê các dự án trọng điểm mà vốn đầu tư công sẽ ưu tiên. Cách truyền thông và minh bạch dữ liệu này không chứng minh được việc nhà nước sẽ sử dụng tiền thuế cho việc cải thiện các dịch vụ công. Trên thực tế, chỉ các bệnh viện tuyến tỉnh hoặc bệnh viện đa khoa ở TP lớn được phân bổ ngân sách để sửa chữa, cải tạo, trong khi các bệnh viện tuyến huyện (trước sát nhập) - nơi gần người dân và người yếu thế hơn thì hầu như không được phân bổ ngân sách để xây mới trong khi nhiều cơ sở đã xuống cấp.",3,7,4,"Đối với tôi, Nhà nước chưa giải thích rõ ràng về mục tiêu và cách thức triển khai chính sách mới.","Nhà nước đã nêu khá rõ mục tiêu của sửa đổi thuế là để giảm gánh nặng thuế, tuy nhiên, việc triển khai sao cho minh bạch thì chưa được đề cập rõ ràng. Hầu hết các bài viết, bài báo  liên quan đền chỉ nhấn mạnh việc tăng mức GTGC, hạ biểu thuế mà chưa giải thích rõ ràng cách áp dụng như thế nào. Đơn cử các khoản chi cho y tế, giáo dục - đào tạo của người nộp thuế và người phụ thuộc là một trong các khoản được miễn giảm thuế nhưng chưa được hướng dẫn cụ thể.",4,7,3,"Tuy mức thuế giảm đi, nhưng tôi vẫn đa nghi về cách thực thi và mục tiêu của chính sách mới.","Ủng hộ 1 phần vì định hướng của Nhà nước cho thấy có mục tiêu giảm gánh nặng cho người nộp thuế nhưng thực tế, chính sách này chưa thể hiện sự công tâm, bình đẳng như truyền thông nêu ra. Về việc tuân thủ: mặc dù không ủng hộ hoàn toàn nhưng sẽ tuân thủ do tôn trọng pháp luật và cũng không có cách nào khác ngoài việc tuân thủ ^_^"
24,2,2344,Nữ,30 - 39,Thành thị,Đại học,Chính thức,37.586025602476596,1,7,5,-2,"Dựa trên thông tin, với VNeID và công nghệ hiện đại, khả năng phát hiện trốn thuế được tăng cường, nhưng rủi ro ở các nguồn thu khác vẫn còn.","Với nhóm thu nhập từ tiền lương, tiền công, cơ chế khấu trừ tại nguồn và hóa đơn – chứng từ điện tử giúp tăng tính minh bạch, nên trốn thuế ‘thô’ sẽ khó hơn và khả năng bị phát hiện cao hơn. Tuy nhiên, ở các nguồn thu khác—nhất là giao dịch tài sản, thu nhập đa nguồn hoặc cấu trúc giao dịch phức tạp—rủi ro gian lận vẫn tồn tại do hạn chế về liên thông dữ liệu, định danh chủ thể hưởng lợi cuối cùng và khả năng theo dõi dòng tiền. Vì vậy, phát hiện được hay không còn phụ thuộc vào mức độ liên thông dữ liệu và năng lực kiểm tra theo rủi ro",7,8,1,"Công nghệ và VNeID giúp nhà nước phát hiện và xử lý nhanh chóng, nhưng rủi ro gian lận vẫn còn ở các nguồn thu phức tạp.","Với công nghệ hiện tại và việc kiểm soát dữ liệu các nhân khá chặt chẽ thông qua VNeID, nhà nước có thể phát hiện các hành vi trốn thuế và xử lý. Mức độ nghiêm khắc sẽ cần tùy thuộc vào tình huống để đánh giá.",6,8,2,"Khai thuế qua etax tiện lợi hơn, nhưng thủ tục phản hồi chậm và chỉ mở cho một số ngân hàng.","(Câu trả lời được dựa trên quá trình khai thuế trước 1/5/2025) Việc khai báo thuế hiện nay có thể thực hiện qua ứng dụng etax khá tiện lợi, cá nhân nộp thuế không cần mất thời gian đến cơ quan thuế để làm thủ tục, do đó, quy trình khai báo thuế, nộp thuế đã giảm được thời gian cũng như không cần phải tiếp xúc nhiều với cán bộ thuế, tránh những mâu thuẫn xảy ra trong quá trình làm thủ tục. Thủ tục khai thuế của năm 2024 cũng cải thiện hơn trước đó nhiều khi cá nhân nộp thuế không phải tự tìm các giấy tờ nộp thuế liên quan mà đã được tích hợp sẵn. Tuy nhiên, quá trình phản hồi trên hệ thống online chậm hơn kỳ vọng (mất hơn 7 ngày). Vấn đề nộp/nhận thuế qua ngân hàng cũng giới hạn ở các ngân hàng liên kết như BIDV mà không mở cho tất cả các ngân hàng khác,",5,8,3,"Biểu thuế đơn giản hơn, nhưng mức thuế từ 20%-35% đối với thu nhập cao có thể gây khó khăn.","Nhìn chung, cách tính thuế và các bậc thuế trong phương án mới đơn giản và dễ hiểu hơn vì đã giảm từ 7 bậc thuế xuống còn 5 bậc. Đơn giản hơn vì mức thu nhập chịu thuế không bị xé nhỏ ra để tính mức thuê TNCN và khoảng thu nhập để nhảy bậc cũng rộng hơn, do đó, người nộp thuế ở bậc 2, bậc 3 có thể giảm bớt nỗi lo về việc thu nhập tăng thêm không đáng kể nhưng mức thu nhập chịu thuế thì tính ở 1 mức khác. 
- Về tính dễ thực hiện: Cách tính thuế và biểu thuế mới sẽ nhìn chung sẽ dễ thực hiện với người nộp thuế có 1 nguồn thu nhập và mức thu nhập hàng tháng từ dưới 40 triệu, nghĩa là bậc thuế sẽ nằm ở mức 1 và 2 do đây là 2 mức có khoản thuế phải đóng từ 5-10%. Đối với những cá nhân có khoản thu nhập chịu thuế ở bậc 3, 4 và 5, cách tính thuế này có thể sẽ gây khó thực hiện do mức thuế từ 20%-35% là rất cao. Điều này dễ dẫn đến việc các cá nhân nộp thuế sẽ chuyển thu thập ....",4,5,1,"Chính sách mới có mục tiêu giảm gánh nặng, nhưng chưa công bằng với người có nhiều nguồn thu.","Bản thân quy định đã chưa thể hiện sự công tâm và bình đẳng với mọi người nộp thuế. Do đó, khi thực thi, cơ quan thuế sẽ dễ dàng thực thi chính sách với những người lao động có 1 nguồn thu nhập tại các doanh nghiệp. Đối với người có nhiều nguồn thu nhập ngoài tiền lương như thu nhập từ đầu tư vốn, chuyển nhượng bất động sản thì việc quản lý nguồn thu nhập sẽ khó hơn cũng như mức thuế đang thấp hơn nhiều so với khấu trừ thuế từ tiền lương. Điều này dẫn đến hành vi cơ quan thuế sẽ đẩy mạnh việc thu thuế đối với những cá nhân có mức thu nhập thấp và trung bình thấp do có nguồn thu cố định và dễ thu, dễ quản lý trong khi bỏ qua những cá nhân có mức thu nhập cao khác. Tóm lại, ai đi làm công ăn lương mà ký hợp đồng lao động là đối tượng phải chấp hành nhiều nhất",4,3,-1,"Mức thuế mới giảm gánh nặng, nhưng chưa tương xứng với lạm phát.","Mức đóng thuế hiện này chưa cân nhắc đến 2 yếu tố: (1) lạm phát; (2) điều kiện kinh tế xã hội từng vùng. Mặc dù mức giảm trừ gia cảnh tăng, biểu thuế thay đổi theo hướng giảm gánh nặng, nhưng mức tăng này chưa tương xứng với mức lạm phát hiện nay. Thu nhập bình quân của VN ở mức 8,1 triệu/tháng và hàng năm đều lương cơ bản đều tăng nhưng tăng lương cơ bản để bù đắp với lạm phát. Hay nói cách khác là thu nhập thực, sức mua hàng hóa của người dân là không thay đổi trong khi thu nhập danh nghĩa - mức thu nhập được căn cứ để tính thuế lại tăng. Bên cạnh đó, người ở khu vực thành thị, đặc biệt các thành phố như HN-HCM sẽ phải chịu các chi phí về nhà ở/giá thuê, y tế, giáo dục cao hoen nhiều hơn nhiều so với khu vực nông thôn hoặc các tỉnh thành nhỏ khác. Giá nhà ở HN, HCM so với các tỉnh khác là một ví dụ",4,3,-1,"Mức tăng giảm trừ gia cảnh không bù đắp được lạm phát, người ở khu vực thành thị chịu chi phí cao hơn.","Nhà nước chưa công bố phân bổ đầu tư công cho các lĩnh vực/dịch vụ công mà chủ yếu liệt kê các dự án trọng điểm mà vốn đầu tư công sẽ ưu tiên. Cách truyền thông và minh bạch dữ liệu này không chứng minh được việc nhà nước sẽ sử dụng tiền thuế cho việc cải thiện các dịch vụ công. Trên thực tế, chỉ các bệnh viện tuyến tỉnh hoặc bệnh viện đa khoa ở TP lớn được phân bổ ngân sách để sửa chữa, cải tạo, trong khi các bệnh viện tuyến huyện (trước sát nhập) - nơi gần người dân và người yếu thế hơn thì hầu như không được phân bổ ngân sách để xây mới trong khi nhiều cơ sở đã xuống cấp.",4,7,3,"Công bố đầu tư công chưa minh bạch, chưa rõ cách sử dụng tiền thuế để cải thiện dịch vụ công.","Nhà nước đã nêu khá rõ mục tiêu của sửa đổi thuế là để giảm gánh nặng thuế, tuy nhiên, việc triển khai sao cho minh bạch thì chưa được đề cập rõ ràng. Hầu hết các bài viết, bài báo  liên quan đền chỉ nhấn mạnh việc tăng mức GTGC, hạ biểu thuế mà chưa giải thích rõ ràng cách áp dụng như thế nào. Đơn cử các khoản chi cho y tế, giáo dục - đào tạo của người nộp thuế và người phụ thuộc là một trong các khoản được miễn giảm thuế nhưng chưa được hướng dẫn cụ thể.",6,7,1,"Chính sách mới giảm gánh nặng, nhưng chưa công bằng và minh bạch, tôi sẽ tuân thủ vì tôn trọng pháp luật.","Ủng hộ 1 phần vì định hướng của Nhà nước cho thấy có mục tiêu giảm gánh nặng cho người nộp thuế nhưng thực tế, chính sách này chưa thể hiện sự công tâm, bình đẳng như truyền thông nêu ra. Về việc tuân thủ: mặc dù không ủng hộ hoàn toàn nhưng sẽ tuân thủ do tôn trọng pháp luật và cũng không có cách nào khác ngoài việc tuân thủ ^_^"
24,3,2345,Nữ,30 - 39,Thành thị,Đại học,Chính thức,37.586025602476596,1,7,5,-2,"Dựa trên thông tin về việc Nhà nước đã tăng cường quản lý dữ liệu và sử dụng công nghệ như VNeID, khả năng phát hiện trốn thuế cao hơn trước. Tuy nhiên, vẫn còn hạn chế về liên thông dữ liệu và quản lý nguồn thu đa dạng.","Với nhóm thu nhập từ tiền lương, tiền công, cơ chế khấu trừ tại nguồn và hóa đơn – chứng từ điện tử giúp tăng tính minh bạch, nên trốn thuế ‘thô’ sẽ khó hơn và khả năng bị phát hiện cao hơn. Tuy nhiên, ở các nguồn thu khác—nhất là giao dịch tài sản, thu nhập đa nguồn hoặc cấu trúc giao dịch phức tạp—rủi ro gian lận vẫn tồn tại do hạn chế về liên thông dữ liệu, định danh chủ thể hưởng lợi cuối cùng và khả năng theo dõi dòng tiền. Vì vậy, phát hiện được hay không còn phụ thuộc vào mức độ liên thông dữ liệu và năng lực kiểm tra theo rủi ro",6,8,2,"Nhà nước đã có những cải tiến trong việc phát hiện và xử lý trốn thuế, tuy nhiên, thực tế vẫn còn nhiều khó khăn do nguồn thu đa dạng và phức tạp.","Với công nghệ hiện tại và việc kiểm soát dữ liệu các nhân khá chặt chẽ thông qua VNeID, nhà nước có thể phát hiện các hành vi trốn thuế và xử lý. Mức độ nghiêm khắc sẽ cần tùy thuộc vào tình huống để đánh giá.",8,8,0,"Phương án mới đơn giản hóa quy trình khai thuế, giảm thời gian và công sức cho người dân. Tuy nhiên, việc phản hồi chậm trên hệ thống online vẫn là một điểm trừ.","(Câu trả lời được dựa trên quá trình khai thuế trước 1/5/2025) Việc khai báo thuế hiện nay có thể thực hiện qua ứng dụng etax khá tiện lợi, cá nhân nộp thuế không cần mất thời gian đến cơ quan thuế để làm thủ tục, do đó, quy trình khai báo thuế, nộp thuế đã giảm được thời gian cũng như không cần phải tiếp xúc nhiều với cán bộ thuế, tránh những mâu thuẫn xảy ra trong quá trình làm thủ tục. Thủ tục khai thuế của năm 2024 cũng cải thiện hơn trước đó nhiều khi cá nhân nộp thuế không phải tự tìm các giấy tờ nộp thuế liên quan mà đã được tích hợp sẵn. Tuy nhiên, quá trình phản hồi trên hệ thống online chậm hơn kỳ vọng (mất hơn 7 ngày). Vấn đề nộp/nhận thuế qua ngân hàng cũng giới hạn ở các ngân hàng liên kết như BIDV mà không mở cho tất cả các ngân hàng khác,",9,8,-1,"Biểu thuế mới đơn giản hơn, dễ hiểu và dễ thực hiện hơn so với trước đây, đặc biệt đối với người có thu nhập dưới 40 triệu/tháng.","Nhìn chung, cách tính thuế và các bậc thuế trong phương án mới đơn giản và dễ hiểu hơn vì đã giảm từ 7 bậc thuế xuống còn 5 bậc. Đơn giản hơn vì mức thu nhập chịu thuế không bị xé nhỏ ra để tính mức thuê TNCN và khoảng thu nhập để nhảy bậc cũng rộng hơn, do đó, người nộp thuế ở bậc 2, bậc 3 có thể giảm bớt nỗi lo về việc thu nhập tăng thêm không đáng kể nhưng mức thu nhập chịu thuế thì tính ở 1 mức khác. 
- Về tính dễ thực hiện: Cách tính thuế và biểu thuế mới sẽ nhìn chung sẽ dễ thực hiện với người nộp thuế có 1 nguồn thu nhập và mức thu nhập hàng tháng từ dưới 40 triệu, nghĩa là bậc thuế sẽ nằm ở mức 1 và 2 do đây là 2 mức có khoản thuế phải đóng từ 5-10%. Đối với những cá nhân có khoản thu nhập chịu thuế ở bậc 3, 4 và 5, cách tính thuế này có thể sẽ gây khó thực hiện do mức thuế từ 20%-35% là rất cao. Điều này dễ dẫn đến việc các cá nhân nộp thuế sẽ chuyển thu thập ....",5,5,0,"Các quy định mới có vẻ công bằng hơn, tuy nhiên, mức thuế vẫn chưa hoàn toàn phản ánh sự công bằng với mọi người nộp thuế, nhất là những người có nhiều nguồn thu nhập.","Bản thân quy định đã chưa thể hiện sự công tâm và bình đẳng với mọi người nộp thuế. Do đó, khi thực thi, cơ quan thuế sẽ dễ dàng thực thi chính sách với những người lao động có 1 nguồn thu nhập tại các doanh nghiệp. Đối với người có nhiều nguồn thu nhập ngoài tiền lương như thu nhập từ đầu tư vốn, chuyển nhượng bất động sản thì việc quản lý nguồn thu nhập sẽ khó hơn cũng như mức thuế đang thấp hơn nhiều so với khấu trừ thuế từ tiền lương. Điều này dẫn đến hành vi cơ quan thuế sẽ đẩy mạnh việc thu thuế đối với những cá nhân có mức thu nhập thấp và trung bình thấp do có nguồn thu cố định và dễ thu, dễ quản lý trong khi bỏ qua những cá nhân có mức thu nhập cao khác. Tóm lại, ai đi làm công ăn lương mà ký hợp đồng lao động là đối tượng phải chấp hành nhiều nhất",6,3,-3,"Mức thuế mới có vẻ hợp lý với thu nhập của tôi, giảm gánh nặng so với trước đây, nhưng chưa hoàn toàn công bằng đối với người có nhiều nguồn thu nhập.","Mức đóng thuế hiện này chưa cân nhắc đến 2 yếu tố: (1) lạm phát; (2) điều kiện kinh tế xã hội từng vùng. Mặc dù mức giảm trừ gia cảnh tăng, biểu thuế thay đổi theo hướng giảm gánh nặng, nhưng mức tăng này chưa tương xứng với mức lạm phát hiện nay. Thu nhập bình quân của VN ở mức 8,1 triệu/tháng và hàng năm đều lương cơ bản đều tăng nhưng tăng lương cơ bản để bù đắp với lạm phát. Hay nói cách khác là thu nhập thực, sức mua hàng hóa của người dân là không thay đổi trong khi thu nhập danh nghĩa - mức thu nhập được căn cứ để tính thuế lại tăng. Bên cạnh đó, người ở khu vực thành thị, đặc biệt các thành phố như HN-HCM sẽ phải chịu các chi phí về nhà ở/giá thuê, y tế, giáo dục cao hoen nhiều hơn nhiều so với khu vực nông thôn hoặc các tỉnh thành nhỏ khác. Giá nhà ở HN, HCM so với các tỉnh khác là một ví dụ",6,3,-3,"Tôi tin rằng số tiền thuế đóng sẽ được sử dụng hiệu quả để cải thiện dịch vụ công, nhưng thông tin về việc phân bổ ngân sách chưa rõ ràng.","Nhà nước chưa công bố phân bổ đầu tư công cho các lĩnh vực/dịch vụ công mà chủ yếu liệt kê các dự án trọng điểm mà vốn đầu tư công sẽ ưu tiên. Cách truyền thông và minh bạch dữ liệu này không chứng minh được việc nhà nước sẽ sử dụng tiền thuế cho việc cải thiện các dịch vụ công. Trên thực tế, chỉ các bệnh viện tuyến tỉnh hoặc bệnh viện đa khoa ở TP lớn được phân bổ ngân sách để sửa chữa, cải tạo, trong khi các bệnh viện tuyến huyện (trước sát nhập) - nơi gần người dân và người yếu thế hơn thì hầu như không được phân bổ ngân sách để xây mới trong khi nhiều cơ sở đã xuống cấp.",5,7,2,"Nhà nước đã giải thích rõ ràng mục tiêu của việc cải cách thuế, nhưng vẫn chưa minh bạch về cách sử dụng nguồn thu thuế.","Nhà nước đã nêu khá rõ mục tiêu của sửa đổi thuế là để giảm gánh nặng thuế, tuy nhiên, việc triển khai sao cho minh bạch thì chưa được đề cập rõ ràng. Hầu hết các bài viết, bài báo  liên quan đền chỉ nhấn mạnh việc tăng mức GTGC, hạ biểu thuế mà chưa giải thích rõ ràng cách áp dụng như thế nào. Đơn cử các khoản chi cho y tế, giáo dục - đào tạo của người nộp thuế và người phụ thuộc là một trong các khoản được miễn giảm thuế nhưng chưa được hướng dẫn cụ thể.",7,7,0,"Tôi ủng hộ một phần vì mục tiêu giảm gánh nặng thuế, nhưng thực tế chưa thể hiện sự công bằng và công tâm trong việc thực thi chính sách.","Ủng hộ 1 phần vì định hướng của Nhà nước cho thấy có mục tiêu giảm gánh nặng cho người nộp thuế nhưng thực tế, chính sách này chưa thể hiện sự công tâm, bình đẳng như truyền thông nêu ra. Về việc tuân thủ: mặc dù không ủng hộ hoàn toàn nhưng sẽ tuân thủ do tôn trọng pháp luật và cũng không có cách nào khác ngoài việc tuân thủ ^_^"
24,4,2346,Nữ,30 - 39,Thành thị,Đại học,Chính thức,37.586025602476596,1,6,5,-1,"Dù công nghệ VNeID có thể tăng tính minh bạch, rủi ro gian lận vẫn tồn tại ở các nguồn thu phức tạp. Tuy nhiên, tôi không hoàn toàn tin rằng việc trốn thuế sẽ dễ bị phát hiện.","Với nhóm thu nhập từ tiền lương, tiền công, cơ chế khấu trừ tại nguồn và hóa đơn – chứng từ điện tử giúp tăng tính minh bạch, nên trốn thuế ‘thô’ sẽ khó hơn và khả năng bị phát hiện cao hơn. Tuy nhiên, ở các nguồn thu khác—nhất là giao dịch tài sản, thu nhập đa nguồn hoặc cấu trúc giao dịch phức tạp—rủi ro gian lận vẫn tồn tại do hạn chế về liên thông dữ liệu, định danh chủ thể hưởng lợi cuối cùng và khả năng theo dõi dòng tiền. Vì vậy, phát hiện được hay không còn phụ thuộc vào mức độ liên thông dữ liệu và năng lực kiểm tra theo rủi ro",6,8,2,"Nguyên tắc công nghệ hiện tại và quản lý dữ liệu chặt chẽ có thể phát hiện trốn thuế, nhưng việc thực thi vẫn phụ thuộc vào năng lực của cơ quan thuế.","Với công nghệ hiện tại và việc kiểm soát dữ liệu các nhân khá chặt chẽ thông qua VNeID, nhà nước có thể phát hiện các hành vi trốn thuế và xử lý. Mức độ nghiêm khắc sẽ cần tùy thuộc vào tình huống để đánh giá.",7,8,1,"Khai thuế qua ứng dụng etax đã đơn giản hóa quy trình, nhưng vẫn có vấn đề về thời gian phản hồi và hạn chế ngân hàng liên kết.","(Câu trả lời được dựa trên quá trình khai thuế trước 1/5/2025) Việc khai báo thuế hiện nay có thể thực hiện qua ứng dụng etax khá tiện lợi, cá nhân nộp thuế không cần mất thời gian đến cơ quan thuế để làm thủ tục, do đó, quy trình khai báo thuế, nộp thuế đã giảm được thời gian cũng như không cần phải tiếp xúc nhiều với cán bộ thuế, tránh những mâu thuẫn xảy ra trong quá trình làm thủ tục. Thủ tục khai thuế của năm 2024 cũng cải thiện hơn trước đó nhiều khi cá nhân nộp thuế không phải tự tìm các giấy tờ nộp thuế liên quan mà đã được tích hợp sẵn. Tuy nhiên, quá trình phản hồi trên hệ thống online chậm hơn kỳ vọng (mất hơn 7 ngày). Vấn đề nộp/nhận thuế qua ngân hàng cũng giới hạn ở các ngân hàng liên kết như BIDV mà không mở cho tất cả các ngân hàng khác,",7,8,1,"Biểu thuế đơn giản hơn và giảm bậc thuế từ 7 xuống 5, nhưng mức thuế ở bậc cao vẫn có thể gây khó khăn cho người nộp thuế.","Nhìn chung, cách tính thuế và các bậc thuế trong phương án mới đơn giản và dễ hiểu hơn vì đã giảm từ 7 bậc thuế xuống còn 5 bậc. Đơn giản hơn vì mức thu nhập chịu thuế không bị xé nhỏ ra để tính mức thuê TNCN và khoảng thu nhập để nhảy bậc cũng rộng hơn, do đó, người nộp thuế ở bậc 2, bậc 3 có thể giảm bớt nỗi lo về việc thu nhập tăng thêm không đáng kể nhưng mức thu nhập chịu thuế thì tính ở 1 mức khác. 
- Về tính dễ thực hiện: Cách tính thuế và biểu thuế mới sẽ nhìn chung sẽ dễ thực hiện với người nộp thuế có 1 nguồn thu nhập và mức thu nhập hàng tháng từ dưới 40 triệu, nghĩa là bậc thuế sẽ nằm ở mức 1 và 2 do đây là 2 mức có khoản thuế phải đóng từ 5-10%. Đối với những cá nhân có khoản thu nhập chịu thuế ở bậc 3, 4 và 5, cách tính thuế này có thể sẽ gây khó thực hiện do mức thuế từ 20%-35% là rất cao. Điều này dễ dẫn đến việc các cá nhân nộp thuế sẽ chuyển thu thập ....",5,5,0,"Chính sách mới có thể tạo cảm giác công bằng hơn với người lao động, nhưng việc thực thi chưa đảm bảo khách quan và công bằng đối với tất cả người nộp thuế.","Bản thân quy định đã chưa thể hiện sự công tâm và bình đẳng với mọi người nộp thuế. Do đó, khi thực thi, cơ quan thuế sẽ dễ dàng thực thi chính sách với những người lao động có 1 nguồn thu nhập tại các doanh nghiệp. Đối với người có nhiều nguồn thu nhập ngoài tiền lương như thu nhập từ đầu tư vốn, chuyển nhượng bất động sản thì việc quản lý nguồn thu nhập sẽ khó hơn cũng như mức thuế đang thấp hơn nhiều so với khấu trừ thuế từ tiền lương. Điều này dẫn đến hành vi cơ quan thuế sẽ đẩy mạnh việc thu thuế đối với những cá nhân có mức thu nhập thấp và trung bình thấp do có nguồn thu cố định và dễ thu, dễ quản lý trong khi bỏ qua những cá nhân có mức thu nhập cao khác. Tóm lại, ai đi làm công ăn lương mà ký hợp đồng lao động là đối tượng phải chấp hành nhiều nhất",5,3,-2,"Mức thuế mới có thể hợp lý với thu nhập của tôi, nhưng việc tăng lạm phát chưa được cân nhắc đầy đủ.","Mức đóng thuế hiện này chưa cân nhắc đến 2 yếu tố: (1) lạm phát; (2) điều kiện kinh tế xã hội từng vùng. Mặc dù mức giảm trừ gia cảnh tăng, biểu thuế thay đổi theo hướng giảm gánh nặng, nhưng mức tăng này chưa tương xứng với mức lạm phát hiện nay. Thu nhập bình quân của VN ở mức 8,1 triệu/tháng và hàng năm đều lương cơ bản đều tăng nhưng tăng lương cơ bản để bù đắp với lạm phát. Hay nói cách khác là thu nhập thực, sức mua hàng hóa của người dân là không thay đổi trong khi thu nhập danh nghĩa - mức thu nhập được căn cứ để tính thuế lại tăng. Bên cạnh đó, người ở khu vực thành thị, đặc biệt các thành phố như HN-HCM sẽ phải chịu các chi phí về nhà ở/giá thuê, y tế, giáo dục cao hoen nhiều hơn nhiều so với khu vực nông thôn hoặc các tỉnh thành nhỏ khác. Giá nhà ở HN, HCM so với các tỉnh khác là một ví dụ",5,3,-2,"Tôi tin số tiền thuế tôi đóng sẽ được sử dụng hiệu quả, nhưng chưa có minh bạch rõ ràng về phân bổ nguồn lực.","Nhà nước chưa công bố phân bổ đầu tư công cho các lĩnh vực/dịch vụ công mà chủ yếu liệt kê các dự án trọng điểm mà vốn đầu tư công sẽ ưu tiên. Cách truyền thông và minh bạch dữ liệu này không chứng minh được việc nhà nước sẽ sử dụng tiền thuế cho việc cải thiện các dịch vụ công. Trên thực tế, chỉ các bệnh viện tuyến tỉnh hoặc bệnh viện đa khoa ở TP lớn được phân bổ ngân sách để sửa chữa, cải tạo, trong khi các bệnh viện tuyến huyện (trước sát nhập) - nơi gần người dân và người yếu thế hơn thì hầu như không được phân bổ ngân sách để xây mới trong khi nhiều cơ sở đã xuống cấp.",5,7,2,"Nhà nước đã nêu mục tiêu giảm gánh nặng thuế, nhưng chưa giải thích rõ về cách áp dụng.","Nhà nước đã nêu khá rõ mục tiêu của sửa đổi thuế là để giảm gánh nặng thuế, tuy nhiên, việc triển khai sao cho minh bạch thì chưa được đề cập rõ ràng. Hầu hết các bài viết, bài báo  liên quan đền chỉ nhấn mạnh việc tăng mức GTGC, hạ biểu thuế mà chưa giải thích rõ ràng cách áp dụng như thế nào. Đơn cử các khoản chi cho y tế, giáo dục - đào tạo của người nộp thuế và người phụ thuộc là một trong các khoản được miễn giảm thuế nhưng chưa được hướng dẫn cụ thể.",6,7,1,"Trong khi tôi ủng hộ mục tiêu giảm gánh nặng thuế, nhưng vẫn có nhiều lo ngại về việc thực thi chính sách.","Ủng hộ 1 phần vì định hướng của Nhà nước cho thấy có mục tiêu giảm gánh nặng cho người nộp thuế nhưng thực tế, chính sách này chưa thể hiện sự công tâm, bình đẳng như truyền thông nêu ra. Về việc tuân thủ: mặc dù không ủng hộ hoàn toàn nhưng sẽ tuân thủ do tôn trọng pháp luật và cũng không có cách nào khác ngoài việc tuân thủ ^_^"
24,5,2347,Nữ,30 - 39,Thành thị,Đại học,Chính thức,37.586025602476596,1,8,5,-3,"Tôi đồng ý với nhận định này vì với công nghệ hiện đại và VNeID, khả năng phát hiện hành vi trốn thuế sẽ cao hơn. Tuy nhiên, vẫn có những rủi ro ở các nguồn thu khác, do đó, cần sự phối hợp chặt chẽ giữa các cơ quan quản lý.","Với nhóm thu nhập từ tiền lương, tiền công, cơ chế khấu trừ tại nguồn và hóa đơn – chứng từ điện tử giúp tăng tính minh bạch, nên trốn thuế ‘thô’ sẽ khó hơn và khả năng bị phát hiện cao hơn. Tuy nhiên, ở các nguồn thu khác—nhất là giao dịch tài sản, thu nhập đa nguồn hoặc cấu trúc giao dịch phức tạp—rủi ro gian lận vẫn tồn tại do hạn chế về liên thông dữ liệu, định danh chủ thể hưởng lợi cuối cùng và khả năng theo dõi dòng tiền. Vì vậy, phát hiện được hay không còn phụ thuộc vào mức độ liên thông dữ liệu và năng lực kiểm tra theo rủi ro",8,8,0,"Đồng ý với nhận định này, công nghệ và hệ thống quản lý thuế hiện đại của Nhà nước giúp việc phát hiện và xử lý trốn thuế hiệu quả hơn.","Với công nghệ hiện tại và việc kiểm soát dữ liệu các nhân khá chặt chẽ thông qua VNeID, nhà nước có thể phát hiện các hành vi trốn thuế và xử lý. Mức độ nghiêm khắc sẽ cần tùy thuộc vào tình huống để đánh giá.",7,8,1,"Đồng ý, quy trình khai thuế qua ứng dụng etax đã đơn giản và tiện lợi hơn. Tuy nhiên, việc phản hồi qua hệ thống online vẫn chậm và giới hạn về ngân hàng chấp thuận.","(Câu trả lời được dựa trên quá trình khai thuế trước 1/5/2025) Việc khai báo thuế hiện nay có thể thực hiện qua ứng dụng etax khá tiện lợi, cá nhân nộp thuế không cần mất thời gian đến cơ quan thuế để làm thủ tục, do đó, quy trình khai báo thuế, nộp thuế đã giảm được thời gian cũng như không cần phải tiếp xúc nhiều với cán bộ thuế, tránh những mâu thuẫn xảy ra trong quá trình làm thủ tục. Thủ tục khai thuế của năm 2024 cũng cải thiện hơn trước đó nhiều khi cá nhân nộp thuế không phải tự tìm các giấy tờ nộp thuế liên quan mà đã được tích hợp sẵn. Tuy nhiên, quá trình phản hồi trên hệ thống online chậm hơn kỳ vọng (mất hơn 7 ngày). Vấn đề nộp/nhận thuế qua ngân hàng cũng giới hạn ở các ngân hàng liên kết như BIDV mà không mở cho tất cả các ngân hàng khác,",8,8,0,"Đồng ý, biểu thuế mới đơn giản và dễ hiểu hơn, giảm gánh nặng cho người nộp thuế có mức thu nhập thấp-medium.","Nhìn chung, cách tính thuế và các bậc thuế trong phương án mới đơn giản và dễ hiểu hơn vì đã giảm từ 7 bậc thuế xuống còn 5 bậc. Đơn giản hơn vì mức thu nhập chịu thuế không bị xé nhỏ ra để tính mức thuê TNCN và khoảng thu nhập để nhảy bậc cũng rộng hơn, do đó, người nộp thuế ở bậc 2, bậc 3 có thể giảm bớt nỗi lo về việc thu nhập tăng thêm không đáng kể nhưng mức thu nhập chịu thuế thì tính ở 1 mức khác. 
- Về tính dễ thực hiện: Cách tính thuế và biểu thuế mới sẽ nhìn chung sẽ dễ thực hiện với người nộp thuế có 1 nguồn thu nhập và mức thu nhập hàng tháng từ dưới 40 triệu, nghĩa là bậc thuế sẽ nằm ở mức 1 và 2 do đây là 2 mức có khoản thuế phải đóng từ 5-10%. Đối với những cá nhân có khoản thu nhập chịu thuế ở bậc 3, 4 và 5, cách tính thuế này có thể sẽ gây khó thực hiện do mức thuế từ 20%-35% là rất cao. Điều này dễ dẫn đến việc các cá nhân nộp thuế sẽ chuyển thu thập ....",5,5,0,Tôi không hoàn toàn tin tưởng vì vẫn lo ngại về sự công bằng trong việc thực thi chính sách thuế. Người lao động có thu nhập cố định có thể bị kiểm soát chặt chẽ hơn so với người có nhiều nguồn thu.,"Bản thân quy định đã chưa thể hiện sự công tâm và bình đẳng với mọi người nộp thuế. Do đó, khi thực thi, cơ quan thuế sẽ dễ dàng thực thi chính sách với những người lao động có 1 nguồn thu nhập tại các doanh nghiệp. Đối với người có nhiều nguồn thu nhập ngoài tiền lương như thu nhập từ đầu tư vốn, chuyển nhượng bất động sản thì việc quản lý nguồn thu nhập sẽ khó hơn cũng như mức thuế đang thấp hơn nhiều so với khấu trừ thuế từ tiền lương. Điều này dẫn đến hành vi cơ quan thuế sẽ đẩy mạnh việc thu thuế đối với những cá nhân có mức thu nhập thấp và trung bình thấp do có nguồn thu cố định và dễ thu, dễ quản lý trong khi bỏ qua những cá nhân có mức thu nhập cao khác. Tóm lại, ai đi làm công ăn lương mà ký hợp đồng lao động là đối tượng phải chấp hành nhiều nhất",8,3,-5,"Đồng ý mức thuế mới là hợp lý cho thu nhập của tôi, giảm gánh nặng so với trước đây.","Mức đóng thuế hiện này chưa cân nhắc đến 2 yếu tố: (1) lạm phát; (2) điều kiện kinh tế xã hội từng vùng. Mặc dù mức giảm trừ gia cảnh tăng, biểu thuế thay đổi theo hướng giảm gánh nặng, nhưng mức tăng này chưa tương xứng với mức lạm phát hiện nay. Thu nhập bình quân của VN ở mức 8,1 triệu/tháng và hàng năm đều lương cơ bản đều tăng nhưng tăng lương cơ bản để bù đắp với lạm phát. Hay nói cách khác là thu nhập thực, sức mua hàng hóa của người dân là không thay đổi trong khi thu nhập danh nghĩa - mức thu nhập được căn cứ để tính thuế lại tăng. Bên cạnh đó, người ở khu vực thành thị, đặc biệt các thành phố như HN-HCM sẽ phải chịu các chi phí về nhà ở/giá thuê, y tế, giáo dục cao hoen nhiều hơn nhiều so với khu vực nông thôn hoặc các tỉnh thành nhỏ khác. Giá nhà ở HN, HCM so với các tỉnh khác là một ví dụ",6,3,-3,"Tôi tin rằng số tiền thuế đóng sẽ được sử dụng hiệu quả, mặc dù chưa rõ ràng về việc này.","Nhà nước chưa công bố phân bổ đầu tư công cho các lĩnh vực/dịch vụ công mà chủ yếu liệt kê các dự án trọng điểm mà vốn đầu tư công sẽ ưu tiên. Cách truyền thông và minh bạch dữ liệu này không chứng minh được việc nhà nước sẽ sử dụng tiền thuế cho việc cải thiện các dịch vụ công. Trên thực tế, chỉ các bệnh viện tuyến tỉnh hoặc bệnh viện đa khoa ở TP lớn được phân bổ ngân sách để sửa chữa, cải tạo, trong khi các bệnh viện tuyến huyện (trước sát nhập) - nơi gần người dân và người yếu thế hơn thì hầu như không được phân bổ ngân sách để xây mới trong khi nhiều cơ sở đã xuống cấp.",4,7,3,"Mặc dù Nhà nước đã giải thích, nhưng tôi không thấy minh bạch về cách sử dụng số tiền thuế.","Nhà nước đã nêu khá rõ mục tiêu của sửa đổi thuế là để giảm gánh nặng thuế, tuy nhiên, việc triển khai sao cho minh bạch thì chưa được đề cập rõ ràng. Hầu hết các bài viết, bài báo  liên quan đền chỉ nhấn mạnh việc tăng mức GTGC, hạ biểu thuế mà chưa giải thích rõ ràng cách áp dụng như thế nào. Đơn cử các khoản chi cho y tế, giáo dục - đào tạo của người nộp thuế và người phụ thuộc là một trong các khoản được miễn giảm thuế nhưng chưa được hướng dẫn cụ thể.",7,7,0,"Tôi ủng hộ một phần vì mục tiêu giảm gánh nặng thuế, nhưng vẫn lo ngại về sự công bằng trong việc thực thi.","Ủng hộ 1 phần vì định hướng của Nhà nước cho thấy có mục tiêu giảm gánh nặng cho người nộp thuế nhưng thực tế, chính sách này chưa thể hiện sự công tâm, bình đẳng như truyền thông nêu ra. Về việc tuân thủ: mặc dù không ủng hộ hoàn toàn nhưng sẽ tuân thủ do tôn trọng pháp luật và cũng không có cách nào khác ngoài việc tuân thủ ^_^"
25,1,2443,Nữ,40 - 49,Thành thị,Đại học,Chính thức,14.822454386662097,2,9,8,-1,"Nhà nước đã áp dụng quản lý cơ sở dữ liệu khoa học, hiện đại, nên việc phát hiện hành vi gian lận hoặc trốn thuế sẽ hiệu quả.","rõ ràng, minh bạch hơn",9,8,-1,Việc áp dụng công nghệ trong quản lý thuế giúp tăng cường khả năng phát hiện và xử lý nghiêm các hành vi trốn thuế.,"quản lý cơ sở dữ liệu khoa học, hiện đại hơn",8,8,0,"Các quy định mới đơn giản hơn, giảm bớt rườm rà, giúp quá trình khai thuế và làm việc với cơ quan thuế nhanh chóng, tiện lợi hơn.","đã có thủ tục hành chính rõ ràng cụ thể, dịch vụ hành chính công",8,8,0,"Biểu thuế mới đơn giản, dễ hiểu và dễ thực hiện, so với trước đây đã có cải tiến đáng kể.",có phương án tính rõ ràng,9,8,-1,"Tôi tin rằng Nhà nước sẽ thực thi chính sách một cách khách quan và công bằng, đối xử bình đẳng với mọi người nộp thuế.","vì chính sách, quy định, thủ tục minh bạch, rõ ràng, công khai",9,8,-1,"Mức thuế tôi phải đóng theo phương án mới là hợp lý và công bằng, phù hợp với thu nhập của tôi.",người thu nhập như tôi đóng mức này là hợp lý,9,9,0,"Tôi tin rằng số tiền thuế tôi đóng sẽ được sử dụng hiệu quả để cải thiện dịch vụ công như y tế, đường xá.",Nhà nước đang sử dụng rất hiệu quả để cải thiện hàng hoá công và dịch vụ công,9,8,-1,"Nhà nước đã giải thích rõ ràng mục tiêu và lý do của việc sửa đổi thuế lần này, giúp tôi hiểu rõ hơn.","giải thích rõ ràng, công khai trên các phương tiện truyền thông",10,10,0,"Tôi ủng hộ và tuân thủ chính sách thuế mới, vì nó đã cải thiện đáng kể các quyền lợi và nghĩa vụ của tôi.",tôi ủng hộ và tuân thủ chính sách thuế của Nhà nước
25,2,2444,Nữ,40 - 49,Thành thị,Đại học,Chính thức,14.822454386662097,2,9,8,-1,Việc tăng mức giảm trừ gia cảnh và đơn giản hóa biểu thuế cho thấy Nhà nước đã cố gắng tăng cường quản lý thuế một cách công bằng và minh bạch.,"rõ ràng, minh bạch hơn",9,8,-1,"Nhờ công nghệ quản lý thuế hiện đại, Nhà nước có thể dễ dàng phát hiện và xử lý các hành vi trốn thuế.","quản lý cơ sở dữ liệu khoa học, hiện đại hơn",9,8,-1,Mức giảm trừ gia cảnh cao hơn và số bậc thuế giảm đi đã làm các quy định thuế trở nên đơn giản và dễ hiểu hơn.,"đã có thủ tục hành chính rõ ràng cụ thể, dịch vụ hành chính công",9,8,-1,"Biểu thuế mới đơn giản hơn, dễ hiểu và dễ thực hiện hơn so với trước đây.",có phương án tính rõ ràng,10,8,-2,"Nhà nước đã minh bạch hóa quy định thuế, và mức thuế tôi phải đóng là công bằng, phù hợp với thu nhập của tôi.","vì chính sách, quy định, thủ tục minh bạch, rõ ràng, công khai",10,8,-2,"Mức thuế tôi phải đóng là công bằng và hợp lý, phù hợp với thu nhập của tôi.",người thu nhập như tôi đóng mức này là hợp lý,10,9,-1,Tăng mức giảm trừ gia cảnh và đơn giản hóa biểu thuế cho thấy Nhà nước đang sử dụng hiệu quả số tiền thuế tôi đóng để cải thiện dịch vụ công.,Nhà nước đang sử dụng rất hiệu quả để cải thiện hàng hoá công và dịch vụ công,10,8,-2,Nhà nước đã giải thích rõ ràng về lý do và mục tiêu của việc sửa đổi thuế lần này.,"giải thích rõ ràng, công khai trên các phương tiện truyền thông",10,10,0,"Tôi ủng hộ và tuân thủ chính sách thuế mới, vì nó giúp cải thiện quyền lợi của người dân trong việc giảm bớt gánh nặng thuế.",tôi ủng hộ và tuân thủ chính sách thuế của Nhà nước
25,3,2445,Nữ,40 - 49,Thành thị,Đại học,Chính thức,14.822454386662097,2,7,8,1,"Thuế hiện nay không áp dụng cho tôi, do thu nhập và mức giảm trừ gia cảnh cao hơn. Tuy nhiên, tôi tin rằng cơ quan thuế có đủ khả năng phát hiện hành vi trốn thuế do các quy định quản lý thuế rõ ràng.","rõ ràng, minh bạch hơn",8,8,0,Tôi tin rằng cơ quan thuế có công nghệ và nguồn lực cần thiết để phát hiện và xử lý nghiêm các hành vi trốn thuế.,"quản lý cơ sở dữ liệu khoa học, hiện đại hơn",8,8,0,"Các quy định mới đơn giản hóa quy trình khai báo thuế, giảm bớt thủ tục rườm rà nên thuận tiện hơn cho người dân.","đã có thủ tục hành chính rõ ràng cụ thể, dịch vụ hành chính công",9,8,-1,"So với trước đây, phương án mới đơn giản hơn, dễ hiểu và dễ thực hiện hơn.",có phương án tính rõ ràng,9,8,-1,"Nhà nước đã thực thi chính sách một cách công bằng, minh bạch và đối xử bình đẳng với tôi.","vì chính sách, quy định, thủ tục minh bạch, rõ ràng, công khai",9,8,-1,"Mức thuế tôi phải đóng theo phương án mới là công bằng, phù hợp với thu nhập của tôi.",người thu nhập như tôi đóng mức này là hợp lý,8,9,1,Tôi tin rằng số tiền thuế tôi đóng sẽ được sử dụng hiệu quả để cải thiện dịch vụ công.,Nhà nước đang sử dụng rất hiệu quả để cải thiện hàng hoá công và dịch vụ công,8,8,0,Nhà nước đã giải thích rõ ràng về mục tiêu của việc sửa đổi thuế lần này.,"giải thích rõ ràng, công khai trên các phương tiện truyền thông",9,10,1,"Tôi ủng hộ và tuân thủ chính sách thuế mới, vì nó công bằng và thuận lợi cho người dân.",tôi ủng hộ và tuân thủ chính sách thuế của Nhà nước
25,4,2446,Nữ,40 - 49,Thành thị,Đại học,Chính thức,14.822454386662097,2,8,8,0,"Thuế TNCN đã đơn giản hóa đáng kể, nên việc phát hiện gian lận hoặc trốn thuế sẽ dễ dàng hơn.","rõ ràng, minh bạch hơn",8,8,0,"Cơ quan thuế đã có công nghệ và nguồn lực để quản lý cơ sở dữ liệu một cách khoa học, hiện đại hơn.","quản lý cơ sở dữ liệu khoa học, hiện đại hơn",7,8,1,"So với trước đây, quy trình khai báo thuế trở nên đơn giản hơn, dễ thực hiện hơn.","đã có thủ tục hành chính rõ ràng cụ thể, dịch vụ hành chính công",7,8,1,"Bậc thuế được đơn giản hóa, phương án tính thuế rõ ràng hơn, dễ thực hiện hơn.",có phương án tính rõ ràng,9,8,-1,"Các mức giảm trừ gia cảnh được tăng mạnh, nên tôi không phải đóng thuế, điều này thể hiện sự công bằng và minh bạch trong chính sách.","vì chính sách, quy định, thủ tục minh bạch, rõ ràng, công khai",9,8,-1,"Mức thuế tôi phải đóng là hợp lý, phù hợp với thu nhập của tôi.",người thu nhập như tôi đóng mức này là hợp lý,9,9,0,"Nhà nước sử dụng số tiền thuế này để cải thiện dịch vụ công, như y tế và đường xá, điều này làm tăng niềm tin của tôi vào việc sử dụng hiệu quả nguồn lực thuế.",Nhà nước đang sử dụng rất hiệu quả để cải thiện hàng hoá công và dịch vụ công,9,8,-1,"Nhà nước đã công khai giải thích về mục tiêu và lý do của việc sửa đổi thuế, giúp tôi hiểu rõ hơn về chính sách này.","giải thích rõ ràng, công khai trên các phương tiện truyền thông",10,10,0,"Do mức thuế tôi phải đóng đã được giảm đáng kể, tôi ủng hộ và tuân thủ chính sách mới.",tôi ủng hộ và tuân thủ chính sách thuế của Nhà nước
25,5,2447,Nữ,40 - 49,Thành thị,Đại học,Chính thức,14.822454386662097,2,7,8,1,"Việc tăng giảm trừ gia cảnh và đơn giản hóa biểu thuế làm giảm khả năng trốn thuế, nhưng cần cải thiện về quản lý cơ sở dữ liệu.","rõ ràng, minh bạch hơn",8,8,0,"Cơ quan thuế có khả năng cao hơn để phát hiện trốn thuế nhờ vào quản lý cơ sở dữ liệu khoa học, hiện đại.","quản lý cơ sở dữ liệu khoa học, hiện đại hơn",6,8,2,"Các quy trình làm việc với cơ quan thuế đơn giản hơn, nhưng việc khai báo thuế vẫn còn phức tạp đối với người không am hiểu.","đã có thủ tục hành chính rõ ràng cụ thể, dịch vụ hành chính công",9,8,-1,"Biểu thuế đơn giản hơn, dễ hiểu và dễ thực hiện hơn so với trước đây.",có phương án tính rõ ràng,9,8,-1,"Nhà nước thực hiện chính sách một cách công bằng và khách quan, giảm gánh nặng thuế cho người dân.","vì chính sách, quy định, thủ tục minh bạch, rõ ràng, công khai",9,8,-1,"Mức thuế tôi phải đóng là hợp lý và công bằng, phù hợp với thu nhập của tôi.",người thu nhập như tôi đóng mức này là hợp lý,8,9,1,"Thuế tôi đóng sẽ được sử dụng hiệu quả để cải thiện dịch vụ công, như y tế và đường xá.",Nhà nước đang sử dụng rất hiệu quả để cải thiện hàng hoá công và dịch vụ công,8,8,0,Nhà nước đã giải thích rõ ràng về mục tiêu và lý do của việc sửa đổi chính sách thuế.,"giải thích rõ ràng, công khai trên các phương tiện truyền thông",9,10,1,"Sau khi xem xét các quyền lợi và nghĩa vụ, tôi ủng hộ và tuân thủ chính sách thuế mới.",tôi ủng hộ và tuân thủ chính sách thuế của Nhà nước
